Order ID,Order Date,Customer Name,Email Status,Customer Email,Product Name,Category,SKU,Quantity,Unit Price,Discount Code,Discount Amount,Shipping,Total,Total Outlier,Payment Method,Channel,Order Status,Country,State,State Status,City
#1001,04-Aug-2026,Glenn Mcmahon,Email Available,glenn.mcmahon733@yahoo.com,Stainless Steel Water Bottle,Home & Kitchen,HK-BTL-750,1,$12.99,SAVE20,$2.60,$5.99,$16.38,Normal,Google Pay,Online Store,pending,United States,Georgia,Valid,Jamesfurt
#1002,04-Aug-2026,Miranda Gray,Email Available,miranda.gray649@yahoo.com,Portable Power Bank 10000mAh,Electronics,ELC-PWB-10K,1,$21.99,FREESHIP,$0.00,$0.00,$21.99,Normal,Shopify Payments,Facebook,refunded,Pakistan,,Not Required,Port Davidshire
#1003,04-Aug-2026,Thomas Rojas,Email Available,thomas.rojas667@icloud.com,Slim Fit Denim Jeans,Apparel,JNS-BLU-32,1,$39.99,,$0.00,$5.99,$45.98,Normal,Credit Card,Online Store,fulfilled,United States,North Carolina,Valid,West Cynthialand
#1004,04-Aug-2026,Robyn Hughes,Email Available,robyn.hughes771@gmail.com,Scented Soy Candle - Vanilla,Home & Kitchen,HK-CND-VAN,1,$9.99,FREESHIP,$0.00,$0.00,$9.99,Normal,Google Pay,Facebook,fulfilled,United States,New York,Valid,New Debra
#1005,04-Aug-2026,Sharon Brown,Email Available,sharon.brown14@gmail.com,Classic Cotton T-Shirt,Apparel,TSH-BLK-L,1,$14.99,WELCOME10,$1.50,$5.99,$19.48,Normal,Apple Pay,Online Store,fulfilled,United States,Illinois,Valid,Lake Angel
#1006,04-Aug-2026,Joshua Anderson,Email Available,joshua.anderson662@gmail.com,Scented Soy Candle - Vanilla,Home & Kitchen,HK-CND-VAN,2,$9.99,WELCOME10,$2.00,$4.99,$22.97,Normal,PayPal,Facebook,fulfilled,Canada,,Not Required,Joshuastad
#1007,04-Aug-2026,Maria Leon,Email Available,maria.leon163@outlook.com,Adjustable Dumbbell Set,Sports & Outdoors,SP-DMB-ADJ,1,$89.99,,$0.00,$0.00,$89.99,Outlier,Apple Pay,Online Store,refunded,Canada,,Not Required,North Rebeccaland
#1008,04-Aug-2026,austin norris,Email Available,austin.norris15@gmail.com,Running Shoes - Women's,Footwear,FTW-RUN-W,1,$54.99,,$0.00,$4.99,$59.98,Normal,Credit Card,Instagram,fulfilled,United States,Florida,Valid,South Kaitlyn
#1009,04-Aug-2026,Jennifer Burke,Email Available,jennifer.burke472@icloud.com,Running Shoes - Women's,Footwear,FTW-RUN-W,3,$54.99,SAVE20,$32.99,$0.00,$131.98,Outlier,Google Pay,Online Store,cancelled,Pakistan,,Not Required,Reneemouth
#1010,04-Aug-2026,Robert Miller,Email Available,robert.miller69@yahoo.com,Leather Wallet - Brown,Accessories,ACC-WLT-BRN,1,$19.99,WELCOME10,$2.00,$4.99,$22.98,Normal,PayPal,Online Store,refunded,Australia,,Not Required,Ortizview
#1011,04-Aug-2026,Patricia Townsend,Missing Email,,Yoga Mat - Extra Thick,Sports & Outdoors,SP-YGM-EX,1,$22.99,,$0.00,$7.99,$30.98,Normal,Shopify Payments,POS,fulfilled,United States,Ohio,Valid,West Stephentown
#1012,04-Aug-2026,Karen Jones,Email Available,karen.jones287@icloud.com,Stainless Steel Water Bottle,Home & Kitchen,HK-BTL-750,1,$12.99,BFCM25,$3.25,$4.99,$14.73,Normal,Shopify Payments,Online Store,refunded,Australia,,Not Required,South Joseph
#1013,04-Aug-2026,Anthony Patterson,Email Available,anthony.patterson944@gmail.com,Resistance Bands Set,Sports & Outdoors,SP-RBS-SET,1,$13.99,SAVE20,$2.80,$5.99,$17.18,Normal,Apple Pay,Instagram,cancelled,Pakistan,,Not Required,West Denisemouth
#1014,04-Aug-2026,Frederick Bean,Email Available,frederick.bean141@outlook.com,Polarized Sunglasses,Accessories,ACC-SUN-01,1,$16.99,,$0.00,$5.99,$22.98,Normal,Credit Card,Online Store,fulfilled,United States,Florida,Valid,Kimberlychester
#1015,04-Aug-2026,Linda Byrd,Email Available,linda.byrd87@outlook.com,Yoga Mat - Extra Thick,Sports & Outdoors,SP-YGM-EX,1,$22.99,SAVE20,$4.60,$4.99,$23.38,Normal,Google Pay,POS,fulfilled,United States,Arizona,Valid,Deanstad
#1016,04-Aug-2026,Rachel Jimenez,Email Available,rachel.jimenez326@outlook.com,Adjustable Dumbbell Set,Sports & Outdoors,SP-DMB-ADJ,1,$89.99,,$0.00,$0.00,$89.99,Outlier,Google Pay,POS,fulfilled,United States,Texas,Valid,Larsonchester
#1017,04-Aug-2026,John Jacobs,Email Available,john.jacobs137@yahoo.com,Hooded Sweatshirt,Apparel,APR-HOD-GRY,2,$34.99,,$0.00,$4.99,$74.97,Normal,Shopify Payments,Online Store,fulfilled,Australia,,Not Required,South Beverlyton
#1018,04-Aug-2026,Mary Phillips,Email Available,mary.phillips944@yahoo.com,Wireless Bluetooth Earbuds,Electronics,ELC-WBE-01,1,$29.99,,$0.00,$7.99,$37.98,Normal,PayPal,POS,fulfilled,United States,Arizona,Valid,Guerraton
#1019,04-Aug-2026,Alison Schroeder,Email Available,alison.schroeder943@icloud.com,Wireless Bluetooth Earbuds,Electronics,ELC-WBE-01,1,$29.99,FREESHIP,$0.00,$0.00,$29.99,Normal,PayPal,Online Store,fulfilled,Australia,,Not Required,West Jonathanview
#1020,04-Aug-2026,John Carson,Email Available,john.carson203@yahoo.com,Wireless Bluetooth Earbuds,Electronics,ELC-WBE-01,1,$29.99,SAVE20,$6.00,$5.99,$29.98,Normal,Shopify Payments,POS,fulfilled,United States,Ohio,Valid,Nathanieltown
#1021,04-Aug-2026,Tyler Williams,Email Available,tyler.williams938@outlook.com,Backpack - 25L,Accessories,ACC-BPK-25L,1,$32.99,BFCM25,$8.25,$4.99,$29.73,Normal,PayPal,Instagram,refunded,Australia,,Not Required,North Michellestad
#1022,04-Aug-2026,Rebecca Watts,Email Available,rebecca.watts779@gmail.com,Running Shoes - Women's,Footwear,FTW-RUN-W,2,$54.99,,$0.00,$0.00,$109.98,Outlier,Shopify Payments,Instagram,fulfilled,United States,Illinois,Valid,Tammystad
#1023,04-Aug-2026,Angela Carr,Email Available,angela.carr488@yahoo.com,Polarized Sunglasses,Accessories,ACC-SUN-01,1,$16.99,BFCM25,$4.25,$7.99,$20.73,Normal,Shopify Payments,POS,pending,United States,Canada,Valid,Hansenberg
#1024,04-Aug-2026,Michelle Bell,Email Available,michelle.bell28@yahoo.com,Wireless Mouse,Electronics,ELC-MSE-WL,1,$11.99,,$0.00,$4.99,$16.98,Normal,Google Pay,Online Store,refunded,United States,New York,Valid,Michaelmouth
#1025,04-Aug-2026,Amanda Robinson,Email Available,amanda.robinson263@icloud.com,Facial Cleanser 200ml,Beauty,BTY-CLN-200,2,$13.49,WELCOME10,$2.70,$5.99,$30.27,Normal,Google Pay,Facebook,pending,United States,Georgia,Valid,Martineztown
#1026,04-Aug-2026,Amanda Rodriguez,Email Available,amanda.rodriguez770@yahoo.com,Adjustable Dumbbell Set,Sports & Outdoors,SP-DMB-ADJ,1,$89.99,,$0.00,$0.00,$89.99,Outlier,PayPal,POS,fulfilled,United States,North Carolina,Valid,Port Brittneyview
#1027,04-Aug-2026,Sandra Wilson,Email Available,sandra.wilson554@outlook.com,Vitamin C Serum 30ml,Beauty,BTY-SRM-30,1,$24.99,VIP15,$3.75,$7.99,$29.23,Normal,Apple Pay,Online Store,pending,Canada,,Not Required,Hollyport
#1028,04-Aug-2026,Andrea Martinez,Email Available,andrea.martinez756@yahoo.com,Scented Soy Candle - Vanilla,Home & Kitchen,HK-CND-VAN,1,$9.99,,$0.00,$7.99,$17.98,Normal,Shopify Payments,POS,fulfilled,Australia,,Not Required,East Sarah
#1029,04-Aug-2026,Michelle Bell,Email Available,michelle.bell28@yahoo.com,Facial Cleanser 200ml,Beauty,BTY-CLN-200,1,$13.49,FREESHIP,$0.00,$0.00,$13.49,Normal,Credit Card,Online Store,refunded,United States,Florida,Valid,Terrymouth
#1030,04-Aug-2026,Kenneth Davis,Email Available,kenneth.davis106@yahoo.com,Backpack - 25L,Accessories,ACC-BPK-25L,2,$32.99,,$0.00,$5.99,$71.97,Normal,Shopify Payments,Online Store,fulfilled,United States,Florida,Valid,Millerside
#1031,04-Aug-2026,Tyler Williams,Email Available,tyler.williams938@outlook.com,Wireless Mouse,Electronics,ELC-MSE-WL,1,$11.99,SAVE20,$2.40,$7.99,$17.58,Normal,Credit Card,Facebook,pending,Australia,,Not Required,Donaldshire
#1032,04-Aug-2026,Joe Taylor,Email Available,joe.taylor714@yahoo.com,Throw Blanket - Fleece,Home & Kitchen,HK-BLK-FLC,2,$17.99,,$0.00,$4.99,$40.97,Normal,PayPal,Instagram,fulfilled,Germany,,Not Required,New Marciatown
#1033,04-Aug-2026,Anthony Marshall,Email Available,anthony.marshall823@yahoo.com,Vitamin C Serum 30ml,Beauty,BTY-SRM-30,1,$24.99,VIP15,$3.75,$5.99,$27.23,Normal,Google Pay,Online Store,fulfilled,United States,Ohio,Valid,Timothyton
#1034,04-Aug-2026,Amy Barnett,Missing Email,,Resistance Bands Set,Sports & Outdoors,SP-RBS-SET,2,$13.99,WELCOME10,$2.80,$4.99,$30.17,Normal,Shopify Payments,Online Store,fulfilled,Pakistan,,Not Required,Joshuaborough
#1035,04-Aug-2026,Glenn Smith,Email Available,glenn.smith305@gmail.com,Kids Building Blocks Set,Toys,TOY-BLK-SET,2,$27.99,,$0.00,$5.99,$61.97,Normal,PayPal,Online Store,fulfilled,Canada,,Not Required,East Jeffreybury
#1036,04-Aug-2026,Diane Campos,Email Available,diane.campos325@gmail.com,Classic Cotton T-Shirt,Apparel,TSH-BLK-L,2,$14.99,WELCOME10,$3.00,$7.99,$34.97,Normal,PayPal,Facebook,fulfilled,United States,Washington,Valid,West Patrickmouth
#1037,04-Aug-2026,Tamara Dodson,Email Available,tamara.dodson539@gmail.com,Backpack - 25L,Accessories,ACC-BPK-25L,2,$32.99,SAVE20,$13.20,$5.99,$58.77,Normal,Credit Card,Online Store,cancelled,Pakistan,,Not Required,Williamfort
#1038,04-Aug-2026,William Houston,Missing Email,,Stainless Steel Water Bottle,Home & Kitchen,HK-BTL-750,2,$12.99,,$0.00,$4.99,$30.97,Normal,Google Pay,Instagram,fulfilled,United States,Ohio,Valid,Greenfurt
#1039,04-Aug-2026,"Rivera, Thomas",Email Available,thomas.rivera720@yahoo.com,Hooded Sweatshirt,Apparel,APR-HOD-GRY,1,$34.99,WELCOME10,$3.50,$7.99,$39.48,Normal,Google Pay,POS,fulfilled,United States,Washington,Valid,Lake Tiffany
#1040,04-Aug-2026,  Monica Hicks,Email Available,monica.hicks473@yahoo.com,USB-C Fast Charger 20W,Electronics,ELC-CHG-20,1,$15.49,,$0.00,$7.99,$23.48,Normal,Google Pay,Instagram,fulfilled,United States,Georgia,Valid,West Lanceview
#1041,04-Aug-2026,Dustin Griffin,Email Available,dustin.griffin434@gmail.com,Ceramic Coffee Mug Set (4pc),Home & Kitchen,HK-MUG-4PK,1,$18.99,BFCM25,$4.75,$7.99,$22.23,Normal,Shopify Payments,Online Store,fulfilled,United States,Florida,Valid,Mooretown
#1042,04-Aug-2026,Angie Martin,Email Available,angie.martin506@icloud.com,Running Shoes - Women's,Footwear,FTW-RUN-W,1,$54.99,VIP15,$8.25,$5.99,$52.73,Normal,PayPal,Online Store,fulfilled,Pakistan,,Not Required,West Travis
#1043,04-Aug-2026,Linda Scott,Email Available,linda.scott2@icloud.com,Scented Soy Candle - Vanilla,Home & Kitchen,HK-CND-VAN,2,$9.99,,$0.00,$5.99,$25.97,Normal,PayPal,Online Store,refunded,Canada,,Not Required,North Tonyfurt
#1044,04-Aug-2026,Angela Carr,Email Available,angela.carr488@yahoo.com,Non-Stick Frying Pan 10in,Home & Kitchen,HK-PAN-10,1,$24.99,SAVE20,$5.00,$7.99,$27.98,Normal,Credit Card,Facebook,cancelled,United States,Georgia,Valid,Bakerborough
#1045,04-Aug-2026,Jose Ingram,Email Available,jose.ingram37@gmail.com,USB-C Fast Charger 20W,Electronics,ELC-CHG-20,1,$15.49,,$0.00,$5.99,$21.48,Normal,Credit Card,POS,fulfilled,United States,Canada,Valid,Port Rosebury
#1046,04-Aug-2026,Kristen Lewis,Email Available,kristen.lewis649@icloud.com,Running Shoes - Women's,Footwear,FTW-RUN-W,1,$54.99,VIP15,$8.25,$7.99,$54.73,Normal,Credit Card,Online Store,fulfilled,United States,Washington,Valid,North Jacqueline
#1047,04-Aug-2026,Michael Jacobson,Email Available,michael.jacobson69@outlook.com,Wireless Bluetooth Earbuds,Electronics,ELC-WBE-01,1,$29.99,VIP15,$4.50,$7.99,$33.48,Normal,Google Pay,Online Store,fulfilled,Germany,,Not Required,Craigmouth
#1048,04-Aug-2026,Andrew Johnson,Email Available,andrew.johnson94@outlook.com,Vitamin C Serum 30ml,Beauty,BTY-SRM-30,1,$24.99,WELCOME10,$2.50,$5.99,$28.48,Normal,PayPal,Facebook,fulfilled,Australia,,Not Required,Briannahaven
#1049,04-Aug-2026,"Byrd, Linda",Email Available,linda.byrd87@outlook.com,Wireless Mouse,Electronics,ELC-MSE-WL,2,$11.99,WELCOME10,$2.40,$5.99,$27.57,Normal,Google Pay,Instagram,refunded,United States,Georgia,Valid,Robertfurt
#1050,04-Aug-2026,Tina Singh,Email Available,tina.singh98@icloud.com,Resistance Bands Set,Sports & Outdoors,SP-RBS-SET,1,$13.99,BFCM25,$3.50,$4.99,$15.48,Normal,Shopify Payments,Online Store,fulfilled,United States,Texas,Valid,Port Angela
#1051,04-Aug-2026,Paul Dillon,Email Available,paul.dillon750@icloud.com,Phone Case - Clear,Electronics,ELC-CSE-CLR,1,$8.99,BFCM25,$2.25,$7.99,$14.73,Normal,PayPal,Online Store,fulfilled,Australia,,Not Required,Comptonstad
#1052,04-Aug-2026,Leon Oliver,Email Available,leon.oliver578@gmail.com,Stainless Steel Water Bottle,Home & Kitchen,HK-BTL-750,3,$12.99,VIP15,$5.85,$7.99,$41.11,Normal,PayPal,Facebook,cancelled,Canada,,Not Required,Samuelshire
#1053,04-Aug-2026,Anthony Parsons,Missing Email,,USB-C Fast Charger 20W,Electronics,ELC-CHG-20,2,$15.49,,$0.00,$4.99,$35.97,Normal,Google Pay,Facebook,cancelled,United States,North Carolina,Valid,Alexanderland
#1054,04-Aug-2026,Stacey Johnson,Email Available,stacey.johnson95@gmail.com,Ceramic Coffee Mug Set (4pc),Home & Kitchen,HK-MUG-4PK,1,$18.99,,$0.00,$4.99,$23.98,Normal,Apple Pay,Online Store,refunded,Germany,,Not Required,Lake Jeffrey
#1055,04-Aug-2026,Anthony Mullen,Email Available,anthony.mullen523@yahoo.com,Hooded Sweatshirt,Apparel,APR-HOD-GRY,1,$34.99,SAVE20,$7.00,$7.99,$35.98,Normal,Credit Card,Facebook,pending,United States,Georgia,Valid,Geraldhaven
#1056,04-Aug-2026,Lauren Nguyen,Email Available,lauren.nguyen819@outlook.com,Ceramic Coffee Mug Set (4pc),Home & Kitchen,HK-MUG-4PK,1,$18.99,SAVE20,$3.80,$7.99,$23.18,Normal,Apple Pay,POS,fulfilled,United Kingdom,,Not Required,North Christopherview
#1057,04-Aug-2026,Melissa Smith,Email Available,melissa.smith711@gmail.com,USB-C Fast Charger 20W,Electronics,ELC-CHG-20,1,$15.49,WELCOME10,$1.55,$5.99,$19.93,Normal,Shopify Payments,Online Store,fulfilled,Pakistan,,Not Required,Nancymouth
#1058,04-Aug-2026,Amanda Harris,Missing Email,,Hooded Sweatshirt,Apparel,APR-HOD-GRY,1,$34.99,,$0.00,$7.99,$42.98,Normal,Shopify Payments,Online Store,fulfilled,United States,Arizona,Valid,Lake Alyssa
#1059,04-Aug-2026,William Houston,Email Available,william.houston340@outlook.com,Kids Building Blocks Set,Toys,TOY-BLK-SET,1,$27.99,,$0.00,$5.99,$33.98,Normal,Apple Pay,Instagram,fulfilled,United States,Texas,Valid,Mooreport
#1060,04-Aug-2026,Heather Davis,Email Available,heather.davis117@icloud.com,Hooded Sweatshirt,Apparel,APR-HOD-GRY,2,$34.99,,$0.00,$5.99,$75.97,Normal,Apple Pay,Online Store,fulfilled,Germany,,Not Required,East Tiffany
#1061,04-Aug-2026,Stacey Johnson,Email Available,stacey.johnson95@gmail.com,Phone Case - Clear,Electronics,ELC-CSE-CLR,2,$8.99,FREESHIP,$0.00,$0.00,$17.98,Normal,Credit Card,Online Store,cancelled,Germany,,Not Required,West Charles
#1062,04-Aug-2026,Lisa Flowers,Email Available,lisa.flowers14@icloud.com,Hooded Sweatshirt,Apparel,APR-HOD-GRY,1,$34.99,FREESHIP,$0.00,$0.00,$34.99,Normal,Shopify Payments,Online Store,cancelled,Germany,,Not Required,Port Patriciaborough
#1063,04-Aug-2026,Robert Boyd,Email Available,robert.boyd184@yahoo.com,Yoga Mat - Extra Thick,Sports & Outdoors,SP-YGM-EX,2,$22.99,FREESHIP,$0.00,$0.00,$45.98,Normal,Apple Pay,Online Store,fulfilled,Canada,,Not Required,North Ariel
#1064,04-Aug-2026,Jennifer Burke,Email Available,jennifer.burke472@icloud.com,Running Shoes - Men's,Footwear,FTW-RUN-M,2,$54.99,,$0.00,$0.00,$109.98,Outlier,Apple Pay,Online Store,cancelled,Pakistan,,Not Required,Arroyomouth
#1065,04-Aug-2026,Jaime Vargas,Email Available,jaime.vargas795@outlook.com,Adjustable Dumbbell Set,Sports & Outdoors,SP-DMB-ADJ,4,$89.99,,$0.00,$0.00,$359.96,Outlier,Apple Pay,Instagram,fulfilled,United Kingdom,,Not Required,North Victoriamouth
#1066,04-Aug-2026,Kristen Aguirre,Email Available,kristen.aguirre898@gmail.com,Portable Power Bank 10000mAh,Electronics,ELC-PWB-10K,2,$21.99,FREESHIP,$0.00,$0.00,$43.98,Normal,Credit Card,Online Store,fulfilled,Germany,,Not Required,Dennisborough
#1067,04-Aug-2026,Amanda Robinson,Missing Email,,Stainless Steel Water Bottle,Home & Kitchen,HK-BTL-750,2,$12.99,FREESHIP,$0.00,$0.00,$25.98,Normal,Apple Pay,Online Store,fulfilled,United States,Texas,Valid,Lake Josehaven
#1068,04-Aug-2026,Mary Garcia,Email Available,mary.garcia899@icloud.com,Throw Blanket - Fleece,Home & Kitchen,HK-BLK-FLC,1,$17.99,WELCOME10,$1.80,$7.99,$24.18,Normal,Credit Card,Online Store,pending,Canada,,Not Required,Lake Rebecca
#1069,04-Aug-2026,Kristina Cook,Email Available,kristina.cook392@outlook.com,Slim Fit Denim Jeans,Apparel,JNS-BLU-32,1,$39.99,,$0.00,$4.99,$44.98,Normal,Credit Card,Online Store,refunded,United States,Texas,Valid,Copelandburgh
#1070,04-Aug-2026,Shelly Griffith,Email Available,shelly.griffith342@icloud.com,Vitamin C Serum 30ml,Beauty,BTY-SRM-30,1,$24.99,VIP15,$3.75,$4.99,$26.23,Normal,PayPal,Online Store,fulfilled,Australia,,Not Required,Lake Michele
#1071,04-Aug-2026,Kathryn Robinson,Email Available,kathryn.robinson965@gmail.com,Scented Soy Candle - Vanilla,Home & Kitchen,HK-CND-VAN,2,$9.99,BFCM25,$5.00,$5.99,$20.97,Normal,Shopify Payments,Instagram,fulfilled,United Kingdom,,Not Required,South Katherine
#1072,04-Aug-2026,Katie Coleman,Email Available,katie.coleman262@outlook.com,Phone Case - Clear,Electronics,ELC-CSE-CLR,1,$8.99,,$0.00,$5.99,$14.98,Normal,Apple Pay,Online Store,refunded,Canada,,Not Required,Kennethfurt
#1073,04-Aug-2026,Brittney Thomas,Email Available,brittney.thomas484@gmail.com,Classic Cotton T-Shirt,Apparel,TSH-BLK-L,1,$14.99,WELCOME10,$1.50,$7.99,$21.48,Normal,Shopify Payments,POS,refunded,United States,Georgia,Valid,Moyerstad
#1074,04-Aug-2026,Jennifer Burke,Email Available,jennifer.burke472@icloud.com,Wireless Mouse,Electronics,ELC-MSE-WL,1,$11.99,SAVE20,$2.40,$7.99,$17.58,Normal,Apple Pay,Facebook,refunded,Pakistan,,Not Required,West Loganbury
#1075,04-Aug-2026,Dustin Ward,Email Available,dustin.ward756@icloud.com,Facial Cleanser 200ml,Beauty,BTY-CLN-200,2,$13.49,SAVE20,$5.40,$5.99,$27.57,Normal,PayPal,Instagram,fulfilled,United States,Florida,Valid,Lake Stephanieville
#1076,04-Aug-2026,Chad Smith,Email Available,chad.smith773@icloud.com,Ceramic Coffee Mug Set (4pc),Home & Kitchen,HK-MUG-4PK,1,$18.99,FREESHIP,$0.00,$0.00,$18.99,Normal,PayPal,Online Store,refunded,Pakistan,,Not Required,North Andreafort
#1077,04-Aug-2026,Cody Murray,Email Available,cody.murray456@gmail.com,Stainless Steel Water Bottle,Home & Kitchen,HK-BTL-750,2,$12.99,FREESHIP,$0.00,$0.00,$25.98,Normal,Shopify Payments,POS,refunded,United Kingdom,,Not Required,Haydenport
#1078,04-Aug-2026,Sandra Potter,Email Available,sandra.potter166@yahoo.com,Phone Case - Clear,Electronics,ELC-CSE-CLR,1,$8.99,,$0.00,$4.99,$13.98,Normal,Google Pay,Online Store,cancelled,United States,North Carolina,Valid,South Moniquehaven
#1079,04-Aug-2026,Nicole Taylor,Email Available,nicole.taylor607@icloud.com,Vitamin C Serum 30ml,Beauty,BTY-SRM-30,1,$24.99,,$0.00,$5.99,$30.98,Normal,Credit Card,Online Store,fulfilled,United States,New York,Valid,Port Traviston
#1080,04-Aug-2026,Andrew Jones,Email Available,andrew.jones338@icloud.com,Ceramic Coffee Mug Set (4pc),Home & Kitchen,HK-MUG-4PK,1,$18.99,,$0.00,$4.99,$23.98,Normal,Apple Pay,Instagram,fulfilled,United Kingdom,,Not Required,Fitzgeraldtown
#1081,04-Aug-2026,Robert Boyd,Email Available,robert.boyd184@yahoo.com,Backpack - 25L,Accessories,ACC-BPK-25L,3,$32.99,FREESHIP,$0.00,$0.00,$98.97,Outlier,Shopify Payments,Online Store,cancelled,Canada,,Not Required,Lake Franciscoton
#1082,04-Aug-2026,Michele Davis,Email Available,michele.davis844@gmail.com,Stainless Steel Water Bottle,Home & Kitchen,HK-BTL-750,1,$12.99,SAVE20,$2.60,$4.99,$15.38,Normal,Google Pay,Online Store,refunded,Australia,,Not Required,Perkinschester
#1083,04-Aug-2026,Johnathan Sloan,Email Available,johnathan.sloan721@outlook.com,Running Shoes - Men's,Footwear,FTW-RUN-M,1,$54.99,SAVE20,$11.00,$5.99,$49.98,Normal,Apple Pay,Online Store,fulfilled,Pakistan,,Not Required,Robertborough
#1084,04-Aug-2026,Megan Herman,Email Available,megan.herman268@yahoo.com,Ceramic Coffee Mug Set (4pc),Home & Kitchen,HK-MUG-4PK,1,$18.99,,$0.00,$4.99,$23.98,Normal,Apple Pay,Online Store,refunded,United States,Florida,Valid,Yvetteville
#1085,04-Aug-2026,Amanda Harris,Email Available,amanda.harris197@gmail.com,Classic Cotton T-Shirt,Apparel,TSH-BLK-M,1,$14.99,SAVE20,$3.00,$4.99,$16.98,Normal,Google Pay,Instagram,fulfilled,United States,California,Valid,Michaelmouth
#1086,04-Aug-2026,Joshua Chavez,Email Available,joshua.chavez332@outlook.com,Leather Wallet - Brown,Accessories,ACC-WLT-BRN,1,$19.99,,$0.00,$4.99,$24.98,Normal,PayPal,Facebook,fulfilled,United States,California,Valid,Newmanborough
#1087,04-Aug-2026,Deborah Wilson,Email Available,deborah.wilson691@icloud.com,Leather Wallet - Brown,Accessories,ACC-WLT-BRN,2,$19.99,VIP15,$6.00,$7.99,$41.97,Normal,Apple Pay,Online Store,refunded,United Kingdom,,Not Required,Lake Gary
#1088,04-Aug-2026,Brian Ruiz,Email Available,brian.ruiz246@gmail.com,Vitamin C Serum 30ml,Beauty,BTY-SRM-30,2,$24.99,FREESHIP,$0.00,$0.00,$49.98,Normal,Credit Card,Online Store,fulfilled,Germany,,Not Required,South Melissaborough
#1089,04-Aug-2026,Kimberly Cordova,Email Available,kimberly.cordova508@icloud.com,Non-Stick Frying Pan 10in,Home & Kitchen,HK-PAN-10,1,$24.99,BFCM25,$6.25,$7.99,$26.73,Normal,PayPal,Online Store,refunded,Pakistan,,Not Required,Brendaside
#1090,04-Aug-2026,Glenn Mcmahon,Email Available,glenn.mcmahon733@yahoo.com,Adjustable Dumbbell Set,Sports & Outdoors,SP-DMB-ADJ,1,$89.99,WELCOME10,$9.00,$0.00,$80.99,Normal,PayPal,Online Store,fulfilled,United States,Illinois,Valid,West Thomaschester
#1091,04-Aug-2026,Sara Sims,Email Available,sara.sims992@icloud.com,Wireless Mouse,Electronics,ELC-MSE-WL,1,$11.99,BFCM25,$3.00,$7.99,$16.98,Normal,Apple Pay,Facebook,fulfilled,Germany,,Not Required,Powellland
#1092,04-Aug-2026,Julia Atkinson,Email Available,julia.atkinson939@gmail.com,Backpack - 25L,Accessories,ACC-BPK-25L,1,$32.99,VIP15,$4.95,$4.99,$33.03,Normal,Credit Card,Instagram,fulfilled,Canada,,Not Required,New Christopher
#1093,04-Aug-2026,gerald li,Email Available,gerald.li856@icloud.com,Wireless Bluetooth Earbuds,Electronics,ELC-WBE-01,1,$29.99,,$0.00,$7.99,$37.98,Normal,Credit Card,Facebook,fulfilled,United States,Ohio,Valid,Melissafurt
#1094,04-Aug-2026,Angela Rose,Email Available,angela.rose740@outlook.com,Ceramic Coffee Mug Set (4pc),Home & Kitchen,HK-MUG-4PK,1,$18.99,,$0.00,$7.99,$26.98,Normal,Shopify Payments,Facebook,cancelled,United States,Arizona,Valid,Williamsview
#1095,04-Aug-2026,Nicholas Jarvis,Email Available,nicholas.jarvis112@icloud.com,Classic Cotton T-Shirt,Apparel,TSH-BLK-M,2,$14.99,VIP15,$4.50,$7.99,$33.47,Normal,Shopify Payments,Facebook,refunded,Canada,,Not Required,West Brookebury
#1096,04-Aug-2026,Natalie Dixon,Email Available,natalie.dixon388@outlook.com,Stainless Steel Water Bottle,Home & Kitchen,HK-BTL-750,2,$12.99,,$0.00,$4.99,$30.97,Normal,Apple Pay,Facebook,pending,United States,North Carolina,Valid,East Emilyfort
#1097,04-Aug-2026,Christopher Harrington,Email Available,christopher.harrington960@gmail.com,Vitamin C Serum 30ml,Beauty,BTY-SRM-30,3,$24.99,,$0.00,$4.99,$79.96,Normal,Credit Card,Facebook,fulfilled,Australia,,Not Required,Smithton
#1098,04-Aug-2026,Timothy Becker,Email Available,timothy.becker88@yahoo.com,Kids Building Blocks Set,Toys,TOY-BLK-SET,2,$27.99,,$0.00,$7.99,$63.97,Normal,Google Pay,Facebook,fulfilled,United States,California,Valid,New Richardmouth
#1099,04-Aug-2026,Michael Davis,Email Available,michael.davis313@outlook.com,Running Shoes - Women's,Footwear,FTW-RUN-W,1,$54.99,BFCM25,$13.75,$5.99,$47.23,Normal,Shopify Payments,POS,fulfilled,United States,California,Valid,Sarahborough
#1100,04-Aug-2026,OMAR SANDERS,Email Available,omar.sanders208@outlook.com,Running Shoes - Women's,Footwear,FTW-RUN-W,1,$54.99,WELCOME10,$5.50,$7.99,$57.48,Normal,Credit Card,Facebook,fulfilled,United Kingdom,,Not Required,Mclaughlinbury
#1101,04-Aug-2026,Brian Ruiz,Email Available,brian.ruiz246@gmail.com,Stainless Steel Water Bottle,Home & Kitchen,HK-BTL-750,1,$12.99,FREESHIP,$0.00,$0.00,$12.99,Normal,Shopify Payments,Facebook,fulfilled,Germany,,Not Required,Jerryborough
#1102,04-Aug-2026,Michele Davis,Email Available,michele.davis844@gmail.com,Portable Power Bank 10000mAh,Electronics,ELC-PWB-10K,1,$21.99,,$0.00,$5.99,$27.98,Normal,PayPal,Instagram,refunded,Australia,,Not Required,Port Melissa
#1103,04-Aug-2026,Tracy Adams,Email Available,tracy.adams712@icloud.com,Stainless Steel Water Bottle,Home & Kitchen,HK-BTL-750,1,$12.99,BFCM25,$3.25,$4.99,$14.73,Normal,Google Pay,POS,fulfilled,United States,Arizona,Valid,Harrisonville
#1104,04-Aug-2026,Julia Atkinson,Email Available,julia.atkinson939@gmail.com,Polarized Sunglasses,Accessories,ACC-SUN-01,1,$16.99,,$0.00,$5.99,$22.98,Normal,PayPal,Facebook,pending,Canada,,Not Required,Lake Williamstad
#1105,04-Aug-2026,Rebecca Watts,Email Available,rebecca.watts779@gmail.com,Backpack - 25L,Accessories,ACC-BPK-25L,1,$32.99,FREESHIP,$0.00,$0.00,$32.99,Normal,Shopify Payments,Facebook,fulfilled,United States,New York,Valid,North Jenniferhaven
#1106,04-Aug-2026,Thomas Smith,Email Available,thomas.smith633@gmail.com,Throw Blanket - Fleece,Home & Kitchen,HK-BLK-FLC,1,$17.99,FREESHIP,$0.00,$0.00,$17.99,Normal,Credit Card,Instagram,cancelled,Germany,,Not Required,East Seth
#1107,04-Aug-2026,Peter Alvarez,Email Available,peter.alvarez465@yahoo.com,Hooded Sweatshirt,Apparel,APR-HOD-GRY,2,$34.99,,$0.00,$4.99,$74.97,Normal,PayPal,POS,cancelled,United States,North Carolina,Valid,Angelaborough
#1108,04-Aug-2026,George Gould,Email Available,george.gould10@yahoo.com,Kids Building Blocks Set,Toys,TOY-BLK-SET,2,$27.99,FREESHIP,$0.00,$0.00,$55.98,Normal,PayPal,POS,fulfilled,Canada,,Not Required,Sierrastad
#1109,04-Aug-2026,Emily Hicks,Email Available,emily.hicks49@outlook.com,Portable Power Bank 10000mAh,Electronics,ELC-PWB-10K,2,$21.99,FREESHIP,$0.00,$0.00,$43.98,Normal,Google Pay,Online Store,pending,Germany,,Not Required,Kendrafurt
#1110,04-Aug-2026,Ryan Jones,Email Available,ryan.jones314@gmail.com,USB-C Fast Charger 20W,Electronics,ELC-CHG-20,1,$15.49,FREESHIP,$0.00,$0.00,$15.49,Normal,PayPal,POS,fulfilled,Australia,,Not Required,West Jimmy
#1111,04-Aug-2026,Robert Bryant,Email Available,robert.bryant21@gmail.com,Classic Cotton T-Shirt,Apparel,TSH-BLK-L,1,$14.99,SAVE20,$3.00,$5.99,$17.98,Normal,Apple Pay,Online Store,cancelled,Germany,,Not Required,Lake Adrianport
#1112,04-Aug-2026,Pamela Miller,Email Available,pamela.miller171@icloud.com,Hooded Sweatshirt,Apparel,APR-HOD-GRY,1,$34.99,,$0.00,$5.99,$40.98,Normal,PayPal,POS,fulfilled,United States,Texas,Valid,Reeseburgh
#1113,04-Aug-2026,Thomas Rojas,Email Available,thomas.rojas667@icloud.com,Hooded Sweatshirt,Apparel,APR-HOD-GRY,2,$34.99,,$0.00,$4.99,$74.97,Normal,Shopify Payments,Facebook,fulfilled,United States,Illinois,Valid,Joseton
#1114,04-Aug-2026,Kayla Cruz,Email Available,kayla.cruz151@outlook.com,Stainless Steel Water Bottle,Home & Kitchen,HK-BTL-750,1,$12.99,FREESHIP,$0.00,$0.00,$12.99,Normal,Apple Pay,Online Store,fulfilled,Pakistan,,Not Required,East Samantha
#1115,04-Aug-2026,Tina Crane,Email Available,tina.crane554@gmail.com,Portable Power Bank 10000mAh,Electronics,ELC-PWB-10K,2,$21.99,FREESHIP,$0.00,$0.00,$43.98,Normal,Google Pay,Online Store,fulfilled,United Kingdom,,Not Required,Elizabethhaven
#1116,04-Aug-2026,Arthur Kelley,Email Available,arthur.kelley558@gmail.com,Kids Building Blocks Set,Toys,TOY-BLK-SET,1,$27.99,SAVE20,$5.60,$4.99,$27.38,Normal,PayPal,Online Store,pending,Australia,,Not Required,Mooreport
#1117,04-Aug-2026,Stacey Morales,Email Available,stacey.morales538@yahoo.com,Adjustable Dumbbell Set,Sports & Outdoors,SP-DMB-ADJ,1,$89.99,,$0.00,$0.00,$89.99,Outlier,PayPal,Instagram,fulfilled,Australia,,Not Required,Morganmouth
#1118,04-Aug-2026,David Torres,Missing Email,,Non-Stick Frying Pan 10in,Home & Kitchen,HK-PAN-10,1,$24.99,,$0.00,$4.99,$29.98,Normal,PayPal,Online Store,fulfilled,United States,Florida,Valid,Donaldborough
#1119,04-Aug-2026,Justin Smith,Email Available,justin.smith204@yahoo.com,Phone Case - Clear,Electronics,ELC-CSE-CLR,2,$8.99,BFCM25,$4.50,$5.99,$19.47,Normal,Apple Pay,Facebook,fulfilled,United Kingdom,,Not Required,Butlerhaven
#1120,04-Aug-2026,Jennifer Martin,Email Available,jennifer.martin986@outlook.com,Ceramic Coffee Mug Set (4pc),Home & Kitchen,HK-MUG-4PK,1,$18.99,,$0.00,$7.99,$26.98,Normal,Credit Card,Facebook,fulfilled,United States,Ohio,Valid,Tamarastad
#1121,04-Aug-2026,  Barbara Brown,Email Available,barbara.brown26@gmail.com,Polarized Sunglasses,Accessories,ACC-SUN-01,1,$16.99,VIP15,$2.55,$7.99,$22.43,Normal,PayPal,Online Store,fulfilled,United States,Georgia,Valid,Doughertyport
#1122,04-Aug-2026,Amanda Harris,Email Available,amanda.harris197@gmail.com,Wireless Mouse,Electronics,ELC-MSE-WL,1,$11.99,,$0.00,$7.99,$19.98,Normal,Credit Card,Online Store,fulfilled,United States,New York,Valid,Knightfort
#1123,04-Aug-2026,Ashley Allen,Email Available,ashley.allen918@yahoo.com,Ceramic Coffee Mug Set (4pc),Home & Kitchen,HK-MUG-4PK,1,$18.99,WELCOME10,$1.90,$5.99,$23.08,Normal,Credit Card,Online Store,fulfilled,United States,North Carolina,Valid,Hernandezstad
#1124,04-Aug-2026,  Daniel Parsons,Email Available,daniel.parsons636@gmail.com,Kids Building Blocks Set,Toys,TOY-BLK-SET,3,$27.99,SAVE20,$16.79,$0.00,$67.18,Normal,Shopify Payments,Facebook,fulfilled,United States,North Carolina,Valid,Jeffreyberg
#1125,04-Aug-2026,James Castro,Email Available,james.castro923@icloud.com,Non-Stick Frying Pan 10in,Home & Kitchen,HK-PAN-10,1,$24.99,VIP15,$3.75,$4.99,$26.23,Normal,Apple Pay,POS,pending,Pakistan,,Not Required,West Debrabury
#1126,04-Aug-2026,James Miller,Email Available,james.miller866@yahoo.com,Wireless Mouse,Electronics,ELC-MSE-WL,1,$11.99,VIP15,$1.80,$5.99,$16.18,Normal,PayPal,Facebook,refunded,Pakistan,,Not Required,Adrianview
#1127,04-Aug-2026,John Carson,Email Available,john.carson203@yahoo.com,Wireless Bluetooth Earbuds,Electronics,ELC-WBE-01,1,$29.99,,$0.00,$4.99,$34.98,Normal,Shopify Payments,POS,cancelled,United States,Ohio,Valid,Johnsonborough
#1128,04-Aug-2026,Seth Price,Email Available,seth.price179@gmail.com,Hooded Sweatshirt,Apparel,APR-HOD-GRY,1,$34.99,BFCM25,$8.75,$4.99,$31.23,Normal,Google Pay,POS,fulfilled,United States,Texas,Valid,West Jasmine
#1129,04-Aug-2026,Kari Cooke,Email Available,kari.cooke871@gmail.com,Hooded Sweatshirt,Apparel,APR-HOD-GRY,1,$34.99,WELCOME10,$3.50,$7.99,$39.48,Normal,Google Pay,Online Store,fulfilled,Australia,,Not Required,Coxtown
#1130,04-Aug-2026,Andrew Wheeler,Email Available,andrew.wheeler379@yahoo.com,Running Shoes - Women's,Footwear,FTW-RUN-W,1,$54.99,VIP15,$8.25,$4.99,$51.73,Normal,PayPal,Instagram,fulfilled,United States,Ohio,Valid,Perezville
#1131,04-Aug-2026,Janet Martinez,Email Available,janet.martinez20@yahoo.com,USB-C Fast Charger 20W,Electronics,ELC-CHG-20,1,$15.49,,$0.00,$4.99,$20.48,Normal,Shopify Payments,Facebook,fulfilled,United States,Illinois,Valid,West Brian
#1132,04-Aug-2026,Sheryl Nguyen,Email Available,sheryl.nguyen272@outlook.com,Ceramic Coffee Mug Set (4pc),Home & Kitchen,HK-MUG-4PK,1,$18.99,WELCOME10,$1.90,$5.99,$23.08,Normal,Credit Card,Online Store,pending,United States,Ohio,Valid,North Zacharymouth
#1133,04-Aug-2026,Christopher Hayes,Email Available,christopher.hayes809@icloud.com,USB-C Fast Charger 20W,Electronics,ELC-CHG-20,3,$15.49,,$0.00,$5.99,$52.46,Normal,PayPal,Online Store,fulfilled,United States,Ohio,Valid,Seanport
#1134,04-Aug-2026,Frank Diaz,Email Available,frank.diaz795@gmail.com,USB-C Fast Charger 20W,Electronics,ELC-CHG-20,1,$15.49,SAVE20,$3.10,$5.99,$18.38,Normal,Shopify Payments,Online Store,fulfilled,United States,Georgia,Valid,Tannerbury
#1135,04-Aug-2026,Christopher Martin,Email Available,christopher.martin10@gmail.com,Wireless Bluetooth Earbuds,Electronics,ELC-WBE-01,1,$29.99,,$0.00,$5.99,$35.98,Normal,PayPal,POS,fulfilled,United States,New York,Valid,Lake Teresa
#1136,04-Aug-2026,Lori Davis,Email Available,lori.davis757@yahoo.com,Kids Building Blocks Set,Toys,TOY-BLK-SET,1,$27.99,,$0.00,$7.99,$35.98,Normal,Shopify Payments,Online Store,cancelled,Germany,,Not Required,Harveymouth
#1137,04-Aug-2026,sheryl nguyen,Email Available,sheryl.nguyen272@outlook.com,Backpack - 25L,Accessories,ACC-BPK-25L,1,$32.99,FREESHIP,$0.00,$0.00,$32.99,Normal,Credit Card,Instagram,refunded,United States,Arizona,Valid,Angelaton
#1138,04-Aug-2026,Samuel Padilla,Email Available,samuel.padilla79@gmail.com,Throw Blanket - Fleece,Home & Kitchen,HK-BLK-FLC,1,$17.99,,$0.00,$4.99,$22.98,Normal,Google Pay,Facebook,fulfilled,United States,Georgia,Valid,Port Lisamouth
#1139,04-Aug-2026,Rose Campos,Email Available,rose.campos542@gmail.com,Resistance Bands Set,Sports & Outdoors,SP-RBS-SET,1,$13.99,BFCM25,$3.50,$5.99,$16.48,Normal,PayPal,Online Store,fulfilled,Canada,,Not Required,Williamside
#1140,04-Aug-2026,DOMINIQUE HUERTA,Email Available,dominique.huerta708@outlook.com,Classic Cotton T-Shirt,Apparel,TSH-BLK-L,1,$14.99,,$0.00,$4.99,$19.98,Normal,Apple Pay,POS,refunded,United Kingdom,,Not Required,East Katie
#1141,04-Aug-2026,James Andrade,Email Available,james.andrade258@icloud.com,Ceramic Coffee Mug Set (4pc),Home & Kitchen,HK-MUG-4PK,1,$18.99,,$0.00,$7.99,$26.98,Normal,Apple Pay,Instagram,refunded,Germany,,Not Required,New Dawn
#1142,04-Aug-2026,,Email Available,karen.bautista779@icloud.com,Resistance Bands Set,Sports & Outdoors,SP-RBS-SET,2,$13.99,FREESHIP,$0.00,$0.00,$27.98,Normal,Credit Card,POS,fulfilled,United States,Texas,Valid,Lake Katherine
#1143,04-Aug-2026,Donald Davis,Email Available,donald.davis404@icloud.com,Leather Wallet - Brown,Accessories,ACC-WLT-BRN,3,$19.99,SAVE20,$11.99,$5.99,$53.97,Normal,Shopify Payments,Online Store,fulfilled,Canada,,Not Required,Lake David
#1144,04-Aug-2026,Gerald Li,Email Available,gerald.li856@icloud.com,Ceramic Coffee Mug Set (4pc),Home & Kitchen,HK-MUG-4PK,1,$18.99,,$0.00,$4.99,$23.98,Normal,Shopify Payments,Online Store,pending,United States,Texas,Valid,New Bonnie
#1145,04-Aug-2026,Jose Ingram,Email Available,jose.ingram37@gmail.com,Resistance Bands Set,Sports & Outdoors,SP-RBS-SET,1,$13.99,SAVE20,$2.80,$7.99,$19.18,Normal,Apple Pay,Instagram,fulfilled,United States,California,Valid,Sandersstad
#1146,04-Aug-2026,Jaime Vargas,Email Available,jaime.vargas795@outlook.com,Adjustable Dumbbell Set,Sports & Outdoors,SP-DMB-ADJ,1,$89.99,WELCOME10,$9.00,$0.00,$80.99,Normal,Credit Card,POS,fulfilled,United Kingdom,,Not Required,Lake Rickyland
#1147,04-Aug-2026,Donald Davis,Email Available,donald.davis404@icloud.com,Running Shoes - Men's,Footwear,FTW-RUN-M,1,$54.99,,$0.00,$7.99,$62.98,Normal,PayPal,POS,fulfilled,Canada,,Not Required,South Joelstad
#1148,04-Aug-2026,Johnathan Everett,Email Available,johnathan.everett6@outlook.com,Running Shoes - Women's,Footwear,FTW-RUN-W,1,$54.99,WELCOME10,$5.50,$5.99,$55.48,Normal,Shopify Payments,Facebook,fulfilled,United States,Washington,Valid,Davischester
#1149,04-Aug-2026,Brittney Conway,Email Available,brittney.conway383@outlook.com,Classic Cotton T-Shirt,Apparel,TSH-BLK-L,1,$14.99,BFCM25,$3.75,$5.99,$17.23,Normal,Apple Pay,POS,fulfilled,United States,Illinois,Valid,Scottmouth
#1150,04-Aug-2026,Jaime Vargas,Email Available,jaime.vargas795@outlook.com,Running Shoes - Women's,Footwear,FTW-RUN-W,1,$54.99,BFCM25,$13.75,$7.99,$49.23,Normal,Credit Card,Online Store,refunded,United Kingdom,,Not Required,Perryberg
#1151,04-Aug-2026,Amanda Robinson,Email Available,amanda.robinson263@icloud.com,Leather Wallet - Brown,Accessories,ACC-WLT-BRN,1,$19.99,FREESHIP,$0.00,$0.00,$19.99,Normal,PayPal,Online Store,cancelled,United States,Washington,Valid,Manuelview
#1152,04-Aug-2026,Trevor Carter,Email Available,trevor.carter617@icloud.com,Throw Blanket - Fleece,Home & Kitchen,HK-BLK-FLC,1,$17.99,WELCOME10,$1.80,$4.99,$21.18,Normal,Credit Card,Facebook,refunded,United States,North Carolina,Valid,South Richardville
#1153,04-Aug-2026,Kayla Cruz,Email Available,kayla.cruz151@outlook.com,Slim Fit Denim Jeans,Apparel,JNS-BLU-32,1,$39.99,VIP15,$6.00,$7.99,$41.98,Normal,Shopify Payments,Online Store,cancelled,Pakistan,,Not Required,Juanshire
#1154,04-Aug-2026,Megan Dickson,Email Available,megan.dickson508@gmail.com,Throw Blanket - Fleece,Home & Kitchen,HK-BLK-FLC,1,$17.99,SAVE20,$3.60,$5.99,$20.38,Normal,Google Pay,Instagram,pending,United Kingdom,,Not Required,West Joseph
#1155,04-Aug-2026,Monique Bowman,Email Available,monique.bowman430@gmail.com,Classic Cotton T-Shirt,Apparel,TSH-BLK-L,2,$14.99,,$0.00,$4.99,$34.97,Normal,PayPal,Facebook,fulfilled,United States,North Carolina,Valid,West Anna
#1156,04-Aug-2026,  Barbara Case,Email Available,barbara.case365@yahoo.com,Wireless Mouse,Electronics,ELC-MSE-WL,1,$11.99,,$0.00,$5.99,$17.98,Normal,Google Pay,POS,fulfilled,United States,Arizona,Valid,Port Matthewfurt
#1157,04-Aug-2026,Christopher Martin,Email Available,christopher.martin10@gmail.com,Wireless Mouse,Electronics,ELC-MSE-WL,1,$11.99,,$0.00,$5.99,$17.98,Normal,Apple Pay,Online Store,cancelled,United States,New York,Valid,West Danny
#1158,04-Aug-2026,Samuel Padilla,Missing Email,,Running Shoes - Men's,Footwear,FTW-RUN-M,1,$54.99,,$0.00,$7.99,$62.98,Normal,Credit Card,Online Store,fulfilled,United States,Illinois,Valid,South Rebecca
#1159,04-Aug-2026,Christopher Martin,Email Available,christopher.martin10@gmail.com,Adjustable Dumbbell Set,Sports & Outdoors,SP-DMB-ADJ,1,$89.99,,$0.00,$0.00,$89.99,Outlier,PayPal,POS,fulfilled,United States,Ohio,Valid,Sarahfort
#1160,04-Aug-2026,Sean Frank,Email Available,sean.frank587@icloud.com,Hooded Sweatshirt,Apparel,APR-HOD-GRY,2,$34.99,,$0.00,$5.99,$75.97,Normal,Google Pay,Online Store,fulfilled,Australia,,Not Required,Willisview
#1161,04-Aug-2026,Omar Sanders,Email Available,omar.sanders208@outlook.com,Running Shoes - Men's,Footwear,FTW-RUN-M,1,$54.99,WELCOME10,$5.50,$5.99,$55.48,Normal,Apple Pay,Instagram,fulfilled,United Kingdom,,Not Required,Port Sonya
#1162,04-Aug-2026,Cynthia Williams,Email Available,cynthia.williams720@yahoo.com,USB-C Fast Charger 20W,Electronics,ELC-CHG-20,1,$15.49,,$0.00,$7.99,$23.48,Normal,Google Pay,Online Store,cancelled,Australia,,Not Required,Jordanmouth
#1163,04-Aug-2026,nancy nichols,Email Available,nancy.nichols189@yahoo.com,Phone Case - Clear,Electronics,ELC-CSE-CLR,1,$8.99,,$0.00,$7.99,$16.98,Normal,Shopify Payments,Facebook,fulfilled,United States,Georgia,Valid,Shafferchester
#1164,04-Aug-2026,Timothy Hodges,Email Available,timothy.hodges687@icloud.com,Kids Building Blocks Set,Toys,TOY-BLK-SET,1,$27.99,WELCOME10,$2.80,$5.99,$31.18,Normal,PayPal,Instagram,cancelled,Australia,,Not Required,New Steveberg
#1165,04-Aug-2026,Stacey Johnson,Email Available,stacey.johnson95@gmail.com,Polarized Sunglasses,Accessories,ACC-SUN-01,2,$16.99,,$0.00,$7.99,$41.97,Normal,Google Pay,Instagram,fulfilled,Germany,,Not Required,Traceyberg
#1166,04-Aug-2026,Mary Garcia,Missing Email,,Portable Power Bank 10000mAh,Electronics,ELC-PWB-10K,1,$21.99,SAVE20,$4.40,$7.99,$25.58,Normal,Shopify Payments,Online Store,refunded,Canada,,Not Required,Hawkinsborough
#1167,04-Aug-2026,Anthony Hunt,Email Available,anthony.hunt521@outlook.com,Running Shoes - Men's,Footwear,FTW-RUN-M,1,$54.99,BFCM25,$13.75,$4.99,$46.23,Normal,Credit Card,Online Store,fulfilled,United States,Arizona,Valid,Evansburgh
#1168,04-Aug-2026,Lisa Williams,Email Available,lisa.williams715@yahoo.com,Running Shoes - Men's,Footwear,FTW-RUN-M,1,$54.99,VIP15,$8.25,$7.99,$54.73,Normal,Shopify Payments,Facebook,fulfilled,United States,North Carolina,Valid,Jacksonborough
#1169,04-Aug-2026,Jesus Mason,Email Available,jesus.mason798@icloud.com,Yoga Mat - Extra Thick,Sports & Outdoors,SP-YGM-EX,1,$22.99,BFCM25,$5.75,$5.99,$23.23,Normal,Google Pay,Facebook,fulfilled,United States,New York,Valid,Williamschester
#1170,04-Aug-2026,Philip Stevens,Email Available,philip.stevens908@outlook.com,Portable Power Bank 10000mAh,Electronics,ELC-PWB-10K,3,$21.99,,$0.00,$7.99,$73.96,Normal,Shopify Payments,POS,fulfilled,United States,Georgia,Valid,Jessicaville
#1171,04-Aug-2026,Lori Davis,Email Available,lori.davis757@yahoo.com,Resistance Bands Set,Sports & Outdoors,SP-RBS-SET,1,$13.99,,$0.00,$5.99,$19.98,Normal,Google Pay,Facebook,fulfilled,Germany,,Not Required,Amyburgh
#1172,04-Aug-2026,Tina Singh,Email Available,tina.singh98@icloud.com,Leather Wallet - Brown,Accessories,ACC-WLT-BRN,1,$19.99,,$0.00,$5.99,$25.98,Normal,Credit Card,Online Store,fulfilled,United States,Washington,Valid,East Heathertown
#1173,04-Aug-2026,Samuel Lee,Email Available,samuel.lee63@icloud.com,Running Shoes - Women's,Footwear,FTW-RUN-W,1,$54.99,,$0.00,$4.99,$59.98,Normal,Credit Card,Online Store,fulfilled,Australia,,Not Required,South Ericburgh
#1174,04-Aug-2026,Mary Phillips,Email Available,mary.phillips944@yahoo.com,Facial Cleanser 200ml,Beauty,BTY-CLN-200,1,$13.49,,$0.00,$5.99,$19.48,Normal,Credit Card,Online Store,cancelled,United States,Illinois,Valid,South John
#1175,04-Aug-2026,Tyler Williams,Email Available,tyler.williams938@outlook.com,Ceramic Coffee Mug Set (4pc),Home & Kitchen,HK-MUG-4PK,2,$18.99,FREESHIP,$0.00,$0.00,$37.98,Normal,PayPal,Online Store,fulfilled,Australia,,Not Required,Lawrencestad
#1176,04-Aug-2026,Julia Atkinson,Email Available,julia.atkinson939@gmail.com,Vitamin C Serum 30ml,Beauty,BTY-SRM-30,2,$24.99,,$0.00,$5.99,$55.97,Normal,PayPal,Online Store,fulfilled,Canada,,Not Required,Kristiburgh
#1177,04-Aug-2026,Nicole Taylor,Email Available,nicole.taylor607@icloud.com,Running Shoes - Women's,Footwear,FTW-RUN-W,1,$54.99,BFCM25,$13.75,$5.99,$47.23,Normal,PayPal,Facebook,fulfilled,United States,Texas,Valid,Mcphersonmouth
#1178,04-Aug-2026,Lisa Zuniga,Email Available,lisa.zuniga825@outlook.com,Throw Blanket - Fleece,Home & Kitchen,HK-BLK-FLC,2,$17.99,FREESHIP,$0.00,$0.00,$35.98,Normal,Apple Pay,Instagram,fulfilled,Germany,,Not Required,Griffithville
#1179,04-Aug-2026,Cody Murray,Email Available,cody.murray456@gmail.com,Portable Power Bank 10000mAh,Electronics,ELC-PWB-10K,1,$21.99,,$0.00,$4.99,$26.98,Normal,Apple Pay,Instagram,fulfilled,United Kingdom,,Not Required,Bellfurt
#1180,04-Aug-2026,Lindsay Shaw,Email Available,lindsay.shaw178@icloud.com,Stainless Steel Water Bottle,Home & Kitchen,HK-BTL-750,2,$12.99,VIP15,$3.90,$7.99,$30.07,Normal,Google Pay,POS,fulfilled,United Kingdom,,Not Required,Riverafort
#1181,04-Aug-2026,Brian Ruiz,Email Available,brian.ruiz246@gmail.com,Classic Cotton T-Shirt,Apparel,TSH-BLK-L,1,$14.99,,$0.00,$5.99,$20.98,Normal,Credit Card,Facebook,fulfilled,Germany,,Not Required,Hernandezberg
#1182,04-Aug-2026,Joshua Chavez,Email Available,joshua.chavez332@outlook.com,Yoga Mat - Extra Thick,Sports & Outdoors,SP-YGM-EX,1,$22.99,BFCM25,$5.75,$7.99,$25.23,Normal,Credit Card,Online Store,cancelled,United States,Georgia,Valid,Lake Rebeccaberg
#1183,04-Aug-2026,Benjamin Collins,Email Available,benjamin.collins953@icloud.com,Adjustable Dumbbell Set,Sports & Outdoors,SP-DMB-ADJ,1,$89.99,SAVE20,$18.00,$0.00,$71.99,Normal,Google Pay,Instagram,fulfilled,Pakistan,,Not Required,Lake Patriciaview
#1184,04-Aug-2026,Amanda Robinson,Email Available,amanda.robinson263@icloud.com,Hooded Sweatshirt,Apparel,APR-HOD-GRY,1,$34.99,VIP15,$5.25,$7.99,$37.73,Normal,PayPal,Online Store,fulfilled,United States,Texas,Valid,Cummingsbury
#1185,04-Aug-2026,Philip Stevens,Email Available,philip.stevens908@outlook.com,Throw Blanket - Fleece,Home & Kitchen,HK-BLK-FLC,1,$17.99,,$0.00,$7.99,$25.98,Normal,Google Pay,Online Store,fulfilled,United States,Georgia,Valid,North Garyfurt
#1186,04-Aug-2026,Patrick Richardson,Email Available,patrick.richardson270@icloud.com,Portable Power Bank 10000mAh,Electronics,ELC-PWB-10K,1,$21.99,,$0.00,$4.99,$26.98,Normal,Shopify Payments,Online Store,refunded,United States,Illinois,Valid,Timothyhaven
#1187,04-Aug-2026,Ronald Stanley,Email Available,ronald.stanley7@yahoo.com,Hooded Sweatshirt,Apparel,APR-HOD-GRY,2,$34.99,VIP15,$10.50,$5.99,$65.47,Normal,Shopify Payments,POS,fulfilled,United States,Georgia,Valid,North Briannahaven
#1188,04-Aug-2026,Kristen Lewis,Email Available,kristen.lewis649@icloud.com,Classic Cotton T-Shirt,Apparel,TSH-BLK-M,2,$14.99,SAVE20,$6.00,$4.99,$28.97,Normal,PayPal,Online Store,fulfilled,United States,Texas,Valid,North Christina
#1189,04-Aug-2026,Dustin Mccoy,Email Available,dustin.mccoy570@gmail.com,Stainless Steel Water Bottle,Home & Kitchen,HK-BTL-750,3,$12.99,SAVE20,$7.79,$4.99,$36.17,Normal,Credit Card,Online Store,fulfilled,Canada,,Not Required,South Ryan
#1190,04-Aug-2026,John Hoffman,Email Available,john.hoffman175@gmail.com,Portable Power Bank 10000mAh,Electronics,ELC-PWB-10K,1,$21.99,WELCOME10,$2.20,$7.99,$27.78,Normal,Credit Card,Instagram,fulfilled,United States,California,Valid,West Jenniferfurt
#1191,04-Aug-2026,Brittney Thomas,Email Available,brittney.thomas484@gmail.com,Scented Soy Candle - Vanilla,Home & Kitchen,HK-CND-VAN,1,$9.99,,$0.00,$5.99,$15.98,Normal,Credit Card,Facebook,fulfilled,United States,Texas,Valid,North Lance
#1192,04-Aug-2026,Jennifer Burke,Email Available,jennifer.burke472@icloud.com,Scented Soy Candle - Vanilla,Home & Kitchen,HK-CND-VAN,1,$9.99,WELCOME10,$1.00,$4.99,$13.98,Normal,Google Pay,Facebook,fulfilled,Pakistan,,Not Required,Lake Susan
#1193,04-Aug-2026,Joe Taylor,Email Available,joe.taylor714@yahoo.com,Facial Cleanser 200ml,Beauty,BTY-CLN-200,1,$13.49,,$0.00,$7.99,$21.48,Normal,PayPal,Online Store,refunded,Germany,,Not Required,Anthonyhaven
#1194,04-Aug-2026,James Castro,Email Available,james.castro923@icloud.com,Wireless Bluetooth Earbuds,Electronics,ELC-WBE-01,2,$29.99,BFCM25,$14.99,$5.99,$50.98,Normal,Google Pay,Facebook,fulfilled,Pakistan,,Not Required,West Deanna
#1195,04-Aug-2026,Justin Chavez,Email Available,justin.chavez556@gmail.com,Stainless Steel Water Bottle,Home & Kitchen,HK-BTL-750,1,$12.99,,$0.00,$5.99,$18.98,Normal,Google Pay,Online Store,fulfilled,United States,New York,Valid,South Andrea
#1196,04-Aug-2026,Carrie Boyd,Email Available,carrie.boyd968@gmail.com,Non-Stick Frying Pan 10in,Home & Kitchen,HK-PAN-10,1,$24.99,,$0.00,$7.99,$32.98,Normal,Shopify Payments,Online Store,fulfilled,United States,California,Valid,Nathanberg
#1197,04-Aug-2026,Carly Johnson,Email Available,carly.johnson664@gmail.com,Adjustable Dumbbell Set,Sports & Outdoors,SP-DMB-ADJ,1,$89.99,SAVE20,$18.00,$0.00,$71.99,Normal,Google Pay,Online Store,pending,Germany,,Not Required,Thomasfurt
#1198,04-Aug-2026,Michael Hays,Email Available,michael.hays590@gmail.com,Hooded Sweatshirt,Apparel,APR-HOD-GRY,2,$34.99,FREESHIP,$0.00,$0.00,$69.98,Normal,Apple Pay,Online Store,fulfilled,United States,Arizona,Valid,East Juliafort
#1199,04-Aug-2026,Andrew Johnson,Email Available,andrew.johnson94@outlook.com,Hooded Sweatshirt,Apparel,APR-HOD-GRY,1,$34.99,BFCM25,$8.75,$7.99,$34.23,Normal,PayPal,Facebook,cancelled,Australia,,Not Required,East Andrew
#1200,04-Aug-2026,Victor Herrera,Email Available,victor.herrera394@outlook.com,Ceramic Coffee Mug Set (4pc),Home & Kitchen,HK-MUG-4PK,4,$18.99,BFCM25,$18.99,$0.00,$56.97,Normal,PayPal,Online Store,fulfilled,Pakistan,,Not Required,Danielborough
#1201,04-Aug-2026,Johnathan Sloan,Email Available,johnathan.sloan721@outlook.com,Classic Cotton T-Shirt,Apparel,TSH-BLK-L,1,$14.99,BFCM25,$3.75,$5.99,$17.23,Normal,Google Pay,Online Store,pending,Pakistan,,Not Required,Kimberlymouth
#1202,04-Aug-2026,Alexandria Miller,Email Available,alexandria.miller414@outlook.com,Stainless Steel Water Bottle,Home & Kitchen,HK-BTL-750,1,$12.99,,$0.00,$4.99,$17.98,Normal,Credit Card,Online Store,fulfilled,Australia,,Not Required,East Anthonyton
#1203,04-Aug-2026,michael hays,Email Available,michael.hays590@gmail.com,Wireless Bluetooth Earbuds,Electronics,ELC-WBE-01,1,$29.99,BFCM25,$7.50,$4.99,$27.48,Normal,PayPal,Facebook,fulfilled,United States,Washington,Valid,Gallegosmouth
#1204,04-Aug-2026,Chad Smith,Email Available,chad.smith773@icloud.com,Non-Stick Frying Pan 10in,Home & Kitchen,HK-PAN-10,2,$24.99,,$0.00,$4.99,$54.97,Normal,Credit Card,Online Store,cancelled,Pakistan,,Not Required,Padillamouth
#1205,04-Aug-2026,James Miller,Email Available,james.miller866@yahoo.com,Running Shoes - Men's,Footwear,FTW-RUN-M,1,$54.99,,$0.00,$5.99,$60.98,Normal,Credit Card,Online Store,pending,Pakistan,,Not Required,Gibsontown
#1206,04-Aug-2026,Jacqueline Miller,Email Available,jacqueline.miller687@yahoo.com,Classic Cotton T-Shirt,Apparel,TSH-BLK-L,1,$14.99,,$0.00,$5.99,$20.98,Normal,Google Pay,Facebook,cancelled,Canada,,Not Required,East Antonio
#1207,04-Aug-2026,Natalie Roberts,Email Available,natalie.roberts628@yahoo.com,Scented Soy Candle - Vanilla,Home & Kitchen,HK-CND-VAN,1,$9.99,VIP15,$1.50,$5.99,$14.48,Normal,Apple Pay,Facebook,fulfilled,United States,New York,Valid,West Misty
#1208,04-Aug-2026,Cody Murray,Email Available,cody.murray456@gmail.com,Phone Case - Clear,Electronics,ELC-CSE-CLR,1,$8.99,SAVE20,$1.80,$5.99,$13.18,Normal,Apple Pay,Facebook,refunded,United Kingdom,,Not Required,West Codyberg
#1209,04-Aug-2026,Donald Davis,Email Available,donald.davis404@icloud.com,Backpack - 25L,Accessories,ACC-BPK-25L,1,$32.99,WELCOME10,$3.30,$5.99,$35.68,Normal,Google Pay,Online Store,pending,Canada,,Not Required,West Amyport
#1210,04-Aug-2026,Stacey Johnson,Email Available,stacey.johnson95@gmail.com,Scented Soy Candle - Vanilla,Home & Kitchen,HK-CND-VAN,1,$9.99,BFCM25,$2.50,$7.99,$15.48,Normal,Shopify Payments,POS,fulfilled,Germany,,Not Required,Port Josephmouth
#1211,04-Aug-2026,  Angela Gonzalez,Email Available,angela.gonzalez50@icloud.com,Wireless Bluetooth Earbuds,Electronics,ELC-WBE-01,1,$29.99,VIP15,$4.50,$7.99,$33.48,Normal,Shopify Payments,Online Store,pending,Canada,,Not Required,West Miranda
#1212,04-Aug-2026,Aimee Smith,Email Available,aimee.smith857@icloud.com,Backpack - 25L,Accessories,ACC-BPK-25L,1,$32.99,,$0.00,$5.99,$38.98,Normal,Google Pay,Facebook,refunded,United Kingdom,,Not Required,Hollyville
#1213,04-Aug-2026,Jon Lambert,Email Available,jon.lambert231@icloud.com,Classic Cotton T-Shirt,Apparel,TSH-BLK-L,1,$14.99,FREESHIP,$0.00,$0.00,$14.99,Normal,Apple Pay,POS,pending,United States,Washington,Valid,New Jordan
#1214,04-Aug-2026,Lauren Nguyen,Email Available,lauren.nguyen819@outlook.com,Kids Building Blocks Set,Toys,TOY-BLK-SET,2,$27.99,FREESHIP,$0.00,$0.00,$55.98,Normal,PayPal,Instagram,pending,United Kingdom,,Not Required,Lake Sarahfurt
#1215,04-Aug-2026,Tracy Dominguez,Email Available,tracy.dominguez23@gmail.com,Throw Blanket - Fleece,Home & Kitchen,HK-BLK-FLC,1,$17.99,WELCOME10,$1.80,$7.99,$24.18,Normal,PayPal,POS,refunded,United States,Arizona,Valid,Lake Anitaview
#1216,04-Aug-2026,Kayla Cruz,Email Available,kayla.cruz151@outlook.com,Polarized Sunglasses,Accessories,ACC-SUN-01,2,$16.99,SAVE20,$6.80,$7.99,$35.17,Normal,Credit Card,Instagram,refunded,Pakistan,,Not Required,Port Natalieview
#1217,04-Aug-2026,"Brown, Barbara",Email Available,barbara.brown26@gmail.com,Wireless Mouse,Electronics,ELC-MSE-WL,2,$11.99,BFCM25,$6.00,$4.99,$22.97,Normal,Google Pay,Facebook,cancelled,United States,Ohio,Valid,East Patricialand
#1218,04-Aug-2026,Zachary Hanson,Email Available,zachary.hanson261@outlook.com,Scented Soy Candle - Vanilla,Home & Kitchen,HK-CND-VAN,1,$9.99,,$0.00,$4.99,$14.98,Normal,Shopify Payments,Instagram,fulfilled,United States,Texas,Valid,Santosburgh
#1219,04-Aug-2026,Veronica Price,Missing Email,,Polarized Sunglasses,Accessories,ACC-SUN-01,1,$16.99,,$0.00,$4.99,$21.98,Normal,Shopify Payments,Facebook,fulfilled,Canada,,Not Required,North Matthewstad
#1220,04-Aug-2026,  Megan Dickson,Email Available,megan.dickson508@gmail.com,Running Shoes - Women's,Footwear,FTW-RUN-W,1,$54.99,BFCM25,$13.75,$7.99,$49.23,Normal,Google Pay,Online Store,fulfilled,United Kingdom,,Not Required,Lake Joe
#1221,04-Aug-2026,David Knapp,Email Available,david.knapp687@yahoo.com,Hooded Sweatshirt,Apparel,APR-HOD-GRY,1,$34.99,FREESHIP,$0.00,$0.00,$34.99,Normal,Credit Card,Facebook,fulfilled,United States,Arizona,Valid,West Stephenburgh
#1222,04-Aug-2026,John Jacobs,Email Available,john.jacobs137@yahoo.com,Vitamin C Serum 30ml,Beauty,BTY-SRM-30,1,$24.99,SAVE20,$5.00,$5.99,$25.98,Normal,PayPal,POS,fulfilled,Australia,,Not Required,Cookton
#1223,04-Aug-2026,Michelle Owens,Email Available,michelle.owens269@yahoo.com,Adjustable Dumbbell Set,Sports & Outdoors,SP-DMB-ADJ,1,$89.99,BFCM25,$22.50,$0.00,$67.49,Normal,Shopify Payments,Instagram,fulfilled,United States,Arizona,Valid,Owenschester
#1224,04-Aug-2026,Tina Singh,Email Available,tina.singh98@icloud.com,Non-Stick Frying Pan 10in,Home & Kitchen,HK-PAN-10,2,$24.99,,$0.00,$4.99,$54.97,Normal,Shopify Payments,Online Store,fulfilled,United States,Florida,Valid,West Laceyberg
#1225,04-Aug-2026,Christopher Harrington,Email Available,christopher.harrington960@gmail.com,Non-Stick Frying Pan 10in,Home & Kitchen,HK-PAN-10,1,$24.99,,$0.00,$5.99,$30.98,Normal,Google Pay,Instagram,fulfilled,Australia,,Not Required,Lake Christopherside
#1226,04-Aug-2026,Sara Sims,Email Available,sara.sims992@icloud.com,Kids Building Blocks Set,Toys,TOY-BLK-SET,1,$27.99,,$0.00,$4.99,$32.98,Normal,PayPal,Instagram,refunded,Germany,,Not Required,Waremouth
#1227,04-Aug-2026,Rebecca Watts,Email Available,rebecca.watts779@gmail.com,Slim Fit Denim Jeans,Apparel,JNS-BLU-32,1,$39.99,,$0.00,$4.99,$44.98,Normal,Google Pay,Online Store,fulfilled,United States,Ohio,Valid,Andreaport
#1228,04-Aug-2026,Andrew Cross,Email Available,andrew.cross512@yahoo.com,Running Shoes - Men's,Footwear,FTW-RUN-M,1,$54.99,WELCOME10,$5.50,$5.99,$55.48,Normal,Apple Pay,Online Store,fulfilled,United States,Texas,Valid,New Kelly
#1229,04-Aug-2026,Randy Wheeler,Email Available,randy.wheeler304@icloud.com,Leather Wallet - Brown,Accessories,ACC-WLT-BRN,1,$19.99,,$0.00,$4.99,$24.98,Normal,Credit Card,Online Store,fulfilled,United States,North Carolina,Valid,East Michelleside
#1230,04-Aug-2026,Brian Ruiz,Email Available,brian.ruiz246@gmail.com,Facial Cleanser 200ml,Beauty,BTY-CLN-200,1,$13.49,SAVE20,$2.70,$4.99,$15.78,Normal,Apple Pay,Online Store,fulfilled,Germany,,Not Required,New Emilyshire
#1231,04-Aug-2026,Leon Oliver,Email Available,leon.oliver578@gmail.com,Backpack - 25L,Accessories,ACC-BPK-25L,1,$32.99,BFCM25,$8.25,$5.99,$30.73,Normal,PayPal,Online Store,fulfilled,Canada,,Not Required,Lindamouth
#1232,04-Aug-2026,Patrick Richardson,Email Available,patrick.richardson270@icloud.com,Running Shoes - Men's,Footwear,FTW-RUN-M,2,$54.99,FREESHIP,$0.00,$0.00,$109.98,Outlier,Credit Card,Online Store,fulfilled,United States,New York,Valid,South Malloryview
#1233,04-Aug-2026,KEVIN STOUT,Email Available,kevin.stout35@icloud.com,Throw Blanket - Fleece,Home & Kitchen,HK-BLK-FLC,2,$17.99,,$0.00,$7.99,$43.97,Normal,PayPal,POS,fulfilled,United States,Illinois,Valid,New Paul
#1234,04-Aug-2026,Gerald Li,Email Available,gerald.li856@icloud.com,Kids Building Blocks Set,Toys,TOY-BLK-SET,2,$27.99,,$0.00,$4.99,$60.97,Normal,Shopify Payments,Online Store,pending,United States,Ohio,Valid,Jennifertown
#1235,04-Aug-2026,Melinda Henderson,Email Available,melinda.henderson831@gmail.com,Wireless Mouse,Electronics,ELC-MSE-WL,2,$11.99,VIP15,$3.60,$7.99,$28.37,Normal,Credit Card,Online Store,cancelled,United Kingdom,,Not Required,Port Patrick
#1236,04-Aug-2026,Suzanne Robertson,Email Available,suzanne.robertson435@gmail.com,Non-Stick Frying Pan 10in,Home & Kitchen,HK-PAN-10,1,$24.99,BFCM25,$6.25,$7.99,$26.73,Normal,PayPal,Instagram,cancelled,Australia,,Not Required,New Austinfort
#1237,04-Aug-2026,  Shawn Oliver,Email Available,shawn.oliver540@icloud.com,Running Shoes - Men's,Footwear,FTW-RUN-M,2,$54.99,,$0.00,$0.00,$109.98,Outlier,Google Pay,Online Store,cancelled,Canada,,Not Required,East April
#1238,04-Aug-2026,Ann Byrd,Missing Email,,Vitamin C Serum 30ml,Beauty,BTY-SRM-30,1,$24.99,,$0.00,$7.99,$32.98,Normal,Google Pay,Online Store,fulfilled,Australia,,Not Required,Ewingchester
#1239,04-Aug-2026,Dustin Mccoy,Email Available,dustin.mccoy570@gmail.com,Classic Cotton T-Shirt,Apparel,TSH-BLK-M,1,$14.99,VIP15,$2.25,$5.99,$18.73,Normal,Apple Pay,Instagram,pending,Canada,,Not Required,Berryside
#1240,04-Aug-2026,Anthony Parker,Email Available,anthony.parker256@icloud.com,Scented Soy Candle - Vanilla,Home & Kitchen,HK-CND-VAN,1,$9.99,,$0.00,$4.99,$14.98,Normal,Credit Card,Instagram,cancelled,United Kingdom,,Not Required,Oneillborough
#1241,04-Aug-2026,Karen Bautista,Email Available,karen.bautista779@icloud.com,Vitamin C Serum 30ml,Beauty,BTY-SRM-30,3,$24.99,,$0.00,$5.99,$80.96,Normal,Google Pay,Online Store,pending,United States,North Carolina,Valid,Callahanside
#1242,04-Aug-2026,Jennifer Burke,Email Available,jennifer.burke472@icloud.com,Facial Cleanser 200ml,Beauty,BTY-CLN-200,2,$13.49,SAVE20,$5.40,$7.99,$29.57,Normal,PayPal,Online Store,fulfilled,Pakistan,,Not Required,Taylorberg
#1243,04-Aug-2026,Jaime Vargas,Email Available,jaime.vargas795@outlook.com,Polarized Sunglasses,Accessories,ACC-SUN-01,2,$16.99,FREESHIP,$0.00,$0.00,$33.98,Normal,Google Pay,Online Store,fulfilled,United Kingdom,,Not Required,South Benjaminstad
#1244,04-Aug-2026,Robert Lopez,Email Available,robert.lopez980@outlook.com,Yoga Mat - Extra Thick,Sports & Outdoors,SP-YGM-EX,1,$22.99,,$0.00,$4.99,$27.98,Normal,PayPal,Facebook,fulfilled,Germany,,Not Required,Collinsborough
#1245,04-Aug-2026,Christy Phillips,Email Available,christy.phillips291@gmail.com,Classic Cotton T-Shirt,Apparel,TSH-BLK-M,1,$14.99,FREESHIP,$0.00,$0.00,$14.99,Normal,Google Pay,Online Store,cancelled,Pakistan,,Not Required,Devinburgh
#1246,04-Aug-2026,Cody Murray,Email Available,cody.murray456@gmail.com,Facial Cleanser 200ml,Beauty,BTY-CLN-200,1,$13.49,FREESHIP,$0.00,$0.00,$13.49,Normal,Apple Pay,Online Store,fulfilled,United Kingdom,,Not Required,South Matthew
#1247,04-Aug-2026,Stacey Morales,Email Available,stacey.morales538@yahoo.com,Vitamin C Serum 30ml,Beauty,BTY-SRM-30,1,$24.99,WELCOME10,$2.50,$4.99,$27.48,Normal,PayPal,Facebook,cancelled,Australia,,Not Required,North Christopherport
#1248,04-Aug-2026,Melissa Smith,Email Available,melissa.smith711@gmail.com,Running Shoes - Women's,Footwear,FTW-RUN-W,2,$54.99,BFCM25,$27.50,$0.00,$82.48,Outlier,Credit Card,Online Store,fulfilled,Pakistan,,Not Required,Thompsonshire
#1249,04-Aug-2026,Kayla Cruz,Email Available,kayla.cruz151@outlook.com,Facial Cleanser 200ml,Beauty,BTY-CLN-200,3,$13.49,,$0.00,$7.99,$48.46,Normal,Google Pay,Online Store,refunded,Pakistan,,Not Required,South Mark
#1250,04-Aug-2026,Debra Thomas,Email Available,debra.thomas509@icloud.com,Polarized Sunglasses,Accessories,ACC-SUN-01,1,$16.99,WELCOME10,$1.70,$7.99,$23.28,Normal,PayPal,Online Store,fulfilled,United States,Georgia,Valid,Richardside
#1251,04-Aug-2026,Sandra Potter,Email Available,sandra.potter166@yahoo.com,Wireless Bluetooth Earbuds,Electronics,ELC-WBE-01,1,$29.99,VIP15,$4.50,$7.99,$33.48,Normal,Google Pay,Online Store,fulfilled,United States,Washington,Valid,New Crystal
#1252,04-Aug-2026,Amy Barnett,Email Available,amy.barnett396@icloud.com,Yoga Mat - Extra Thick,Sports & Outdoors,SP-YGM-EX,1,$22.99,,$0.00,$4.99,$27.98,Normal,PayPal,Online Store,fulfilled,Pakistan,,Not Required,Port Ethanshire
#1253,04-Aug-2026,Anthony Patterson,Missing Email,,Non-Stick Frying Pan 10in,Home & Kitchen,HK-PAN-10,1,$24.99,,$0.00,$4.99,$29.98,Normal,Google Pay,POS,fulfilled,Pakistan,,Not Required,East Mirandashire
#1254,04-Aug-2026,Jaime Vargas,Missing Email,,Ceramic Coffee Mug Set (4pc),Home & Kitchen,HK-MUG-4PK,2,$18.99,BFCM25,$9.49,$5.99,$34.48,Normal,Shopify Payments,Online Store,refunded,United Kingdom,,Not Required,East Marcus
#1255,04-Aug-2026,Katelyn Johnson,Email Available,katelyn.johnson502@outlook.com,USB-C Fast Charger 20W,Electronics,ELC-CHG-20,2,$15.49,VIP15,$4.65,$7.99,$34.32,Normal,Shopify Payments,Online Store,fulfilled,United States,California,Valid,East Danielle
#1256,04-Aug-2026,Andrew Mora,Email Available,andrew.mora959@outlook.com,Polarized Sunglasses,Accessories,ACC-SUN-01,1,$16.99,,$0.00,$7.99,$24.98,Normal,Shopify Payments,Instagram,fulfilled,Australia,,Not Required,New Allison
#1257,04-Aug-2026,Tina Singh,Email Available,tina.singh98@icloud.com,Slim Fit Denim Jeans,Apparel,JNS-BLU-32,1,$39.99,,$0.00,$5.99,$45.98,Normal,Credit Card,Facebook,cancelled,United States,California,Valid,Matthewchester
#1258,04-Aug-2026,Samuel Padilla,Email Available,samuel.padilla79@gmail.com,Portable Power Bank 10000mAh,Electronics,ELC-PWB-10K,1,$21.99,,$0.00,$5.99,$27.98,Normal,Shopify Payments,Online Store,fulfilled,United States,Arizona,Valid,Collinsborough
#1259,04-Aug-2026,Erika Maxwell,Email Available,erika.maxwell281@gmail.com,Leather Wallet - Brown,Accessories,ACC-WLT-BRN,2,$19.99,,$0.00,$4.99,$44.97,Normal,Google Pay,Online Store,cancelled,United States,Washington,Valid,Owensland
#1260,04-Aug-2026,Morgan Brown,Email Available,morgan.brown933@gmail.com,Wireless Bluetooth Earbuds,Electronics,ELC-WBE-01,1,$29.99,FREESHIP,$0.00,$0.00,$29.99,Normal,Apple Pay,Online Store,pending,United States,Florida,Valid,Austinbury
#1261,04-Aug-2026,Tyler Williams,Email Available,tyler.williams938@outlook.com,Running Shoes - Women's,Footwear,FTW-RUN-W,1,$54.99,,$0.00,$7.99,$62.98,Normal,Credit Card,Online Store,cancelled,Australia,,Not Required,South Jasonmouth
#1262,04-Aug-2026,Mark Mata,Email Available,mark.mata757@outlook.com,Facial Cleanser 200ml,Beauty,BTY-CLN-200,1,$13.49,,$0.00,$7.99,$21.48,Normal,Apple Pay,Facebook,pending,United States,Washington,Valid,Davidburgh
#1263,04-Aug-2026,Jacqueline Graham,Email Available,jacqueline.graham958@gmail.com,Classic Cotton T-Shirt,Apparel,TSH-BLK-L,1,$14.99,FREESHIP,$0.00,$0.00,$14.99,Normal,Shopify Payments,Online Store,fulfilled,Australia,,Not Required,Port Christopher
#1264,04-Aug-2026,Rebecca Watts,Email Available,rebecca.watts779@gmail.com,Facial Cleanser 200ml,Beauty,BTY-CLN-200,1,$13.49,,$0.00,$4.99,$18.48,Normal,Shopify Payments,POS,cancelled,United States,California,Valid,New Ralphview
#1265,04-Aug-2026,Tracy Adams,Email Available,tracy.adams712@icloud.com,Phone Case - Clear,Electronics,ELC-CSE-CLR,1,$8.99,BFCM25,$2.25,$7.99,$14.73,Normal,Credit Card,POS,cancelled,United States,New York,Valid,New Danielshire
#1266,04-Aug-2026,  Laura Pruitt,Missing Email,,Portable Power Bank 10000mAh,Electronics,ELC-PWB-10K,1,$21.99,VIP15,$3.30,$4.99,$23.68,Normal,Google Pay,Online Store,fulfilled,United States,Florida,Valid,Steveshire
#1267,04-Aug-2026,Danielle Morrow,Email Available,danielle.morrow805@outlook.com,Adjustable Dumbbell Set,Sports & Outdoors,SP-DMB-ADJ,1,$89.99,,$0.00,$0.00,$89.99,Outlier,Credit Card,Online Store,cancelled,United Kingdom,,Not Required,New Jasonville
#1268,04-Aug-2026,Leon Oliver,Email Available,leon.oliver578@gmail.com,Facial Cleanser 200ml,Beauty,BTY-CLN-200,1,$13.49,,$0.00,$7.99,$21.48,Normal,Apple Pay,Online Store,fulfilled,Canada,,Not Required,Port Shawn
#1269,04-Aug-2026,Jaime Vargas,Email Available,jaime.vargas795@outlook.com,Wireless Mouse,Electronics,ELC-MSE-WL,2,$11.99,SAVE20,$4.80,$5.99,$25.17,Normal,Credit Card,Online Store,pending,United Kingdom,,Not Required,Lake Todd
#1270,04-Aug-2026,Michael Hays,Email Available,michael.hays590@gmail.com,Adjustable Dumbbell Set,Sports & Outdoors,SP-DMB-ADJ,1,$89.99,,$0.00,$0.00,$89.99,Outlier,Credit Card,Instagram,pending,United States,Ohio,Valid,Lake John
#1271,04-Aug-2026,Mary Garcia,Email Available,mary.garcia899@icloud.com,Yoga Mat - Extra Thick,Sports & Outdoors,SP-YGM-EX,1,$22.99,,$0.00,$4.99,$27.98,Normal,Shopify Payments,Online Store,refunded,Canada,,Not Required,North Cindy
#1272,04-Aug-2026,Kristen Lewis,Email Available,kristen.lewis649@icloud.com,Wireless Bluetooth Earbuds,Electronics,ELC-WBE-01,1,$29.99,FREESHIP,$0.00,$0.00,$29.99,Normal,PayPal,Online Store,fulfilled,United States,Arizona,Valid,Owenfort
#1273,04-Aug-2026,Jason Miller,Email Available,jason.miller334@outlook.com,Non-Stick Frying Pan 10in,Home & Kitchen,HK-PAN-10,1,$24.99,,$0.00,$4.99,$29.98,Normal,Apple Pay,Online Store,cancelled,Australia,,Not Required,West Curtis
#1274,04-Aug-2026,Barbara Brown,Email Available,barbara.brown26@gmail.com,Running Shoes - Men's,Footwear,FTW-RUN-M,1,$54.99,FREESHIP,$0.00,$0.00,$54.99,Normal,Apple Pay,Online Store,pending,United States,Ohio,Valid,Port Troy
#1275,04-Aug-2026,Christopher Harrington,Email Available,christopher.harrington960@gmail.com,Classic Cotton T-Shirt,Apparel,TSH-BLK-M,1,$14.99,VIP15,$2.25,$4.99,$17.73,Normal,Apple Pay,POS,fulfilled,Australia,,Not Required,New Lydia
#1276,04-Aug-2026,Richard Sosa,Email Available,richard.sosa486@yahoo.com,Ceramic Coffee Mug Set (4pc),Home & Kitchen,HK-MUG-4PK,1,$18.99,,$0.00,$7.99,$26.98,Normal,PayPal,Online Store,fulfilled,United States,Georgia,Valid,Stephenberg
#1277,04-Aug-2026,Vincent Rosales,Email Available,vincent.rosales30@icloud.com,Resistance Bands Set,Sports & Outdoors,SP-RBS-SET,1,$13.99,,$0.00,$7.99,$21.98,Normal,Credit Card,Instagram,fulfilled,United States,Ohio,Valid,Mcdonaldhaven
#1278,04-Aug-2026,Douglas Walker,Email Available,douglas.walker28@outlook.com,Throw Blanket - Fleece,Home & Kitchen,HK-BLK-FLC,2,$17.99,,$0.00,$4.99,$40.97,Normal,Apple Pay,Online Store,fulfilled,United Kingdom,,Not Required,South Robert
#1279,04-Aug-2026,Sharon Brown,Email Available,sharon.brown14@gmail.com,Phone Case - Clear,Electronics,ELC-CSE-CLR,1,$8.99,BFCM25,$2.25,$5.99,$12.73,Normal,PayPal,Instagram,fulfilled,United States,Florida,Valid,Marcusfurt
#1280,04-Aug-2026,Corey Hudson,Email Available,corey.hudson168@gmail.com,Leather Wallet - Brown,Accessories,ACC-WLT-BRN,1,$19.99,FREESHIP,$0.00,$0.00,$19.99,Normal,PayPal,Online Store,fulfilled,United States,Georgia,Valid,Jonathanfort
#1281,04-Aug-2026,Charles Franco,Email Available,charles.franco761@outlook.com,Phone Case - Clear,Electronics,ELC-CSE-CLR,1,$8.99,VIP15,$1.35,$5.99,$13.63,Normal,Credit Card,Facebook,fulfilled,United States,Canada,Valid,Dawnberg
#1282,04-Aug-2026,,Email Available,ruth.duncan434@icloud.com,Polarized Sunglasses,Accessories,ACC-SUN-01,2,$16.99,,$0.00,$5.99,$39.97,Normal,Credit Card,Online Store,cancelled,Australia,,Not Required,South Susan
#1283,04-Aug-2026,Anthony Mullen,Email Available,anthony.mullen523@yahoo.com,Kids Building Blocks Set,Toys,TOY-BLK-SET,2,$27.99,,$0.00,$5.99,$61.97,Normal,Google Pay,Instagram,fulfilled,United States,Arizona,Valid,East Brandi
#1284,04-Aug-2026,Jesus Mason,Email Available,jesus.mason798@icloud.com,Leather Wallet - Brown,Accessories,ACC-WLT-BRN,4,$19.99,,$0.00,$0.00,$79.96,Normal,Apple Pay,Online Store,cancelled,United States,California,Valid,Kevinmouth
#1285,04-Aug-2026,jennifer willis,Email Available,jennifer.willis714@gmail.com,Stainless Steel Water Bottle,Home & Kitchen,HK-BTL-750,1,$12.99,BFCM25,$3.25,$7.99,$17.73,Normal,Apple Pay,Online Store,refunded,United States,Florida,Valid,Aaronville
#1286,04-Aug-2026,Natalie Roberts,Email Available,natalie.roberts628@yahoo.com,Scented Soy Candle - Vanilla,Home & Kitchen,HK-CND-VAN,1,$9.99,,$0.00,$5.99,$15.98,Normal,Google Pay,POS,cancelled,United States,Texas,Valid,West Davidberg
#1287,04-Aug-2026,Autumn Stewart,Email Available,autumn.stewart565@outlook.com,Vitamin C Serum 30ml,Beauty,BTY-SRM-30,2,$24.99,WELCOME10,$5.00,$7.99,$52.97,Normal,Shopify Payments,Online Store,fulfilled,United Kingdom,,Not Required,South Timothy
#1288,04-Aug-2026,Vincent Rosales,Email Available,vincent.rosales30@icloud.com,Classic Cotton T-Shirt,Apparel,TSH-BLK-L,1,$14.99,,$0.00,$4.99,$19.98,Normal,Shopify Payments,Online Store,refunded,United States,Ohio,Valid,Stewartshire
#1289,04-Aug-2026,Richard Sosa,Email Available,richard.sosa486@yahoo.com,USB-C Fast Charger 20W,Electronics,ELC-CHG-20,1,$15.49,WELCOME10,$1.55,$4.99,$18.93,Normal,Credit Card,Online Store,pending,United States,Georgia,Valid,Port Allen
#1290,04-Aug-2026,John Lin,Email Available,john.lin901@outlook.com,Classic Cotton T-Shirt,Apparel,TSH-BLK-L,1,$14.99,BFCM25,$3.75,$4.99,$16.23,Normal,Apple Pay,Instagram,fulfilled,United States,Washington,Valid,Simsland
#1291,04-Aug-2026,  Julia Atkinson,Email Available,julia.atkinson939@gmail.com,Ceramic Coffee Mug Set (4pc),Home & Kitchen,HK-MUG-4PK,2,$18.99,,$0.00,$5.99,$43.97,Normal,Credit Card,Online Store,fulfilled,Canada,,Not Required,Anthonyburgh
#1292,04-Aug-2026,Robert Miller,Email Available,robert.miller69@yahoo.com,Scented Soy Candle - Vanilla,Home & Kitchen,HK-CND-VAN,1,$9.99,WELCOME10,$1.00,$4.99,$13.98,Normal,Shopify Payments,Instagram,refunded,Australia,,Not Required,East Victor
#1293,04-Aug-2026,DAVID TORRES,Email Available,david.torres833@outlook.com,Facial Cleanser 200ml,Beauty,BTY-CLN-200,1,$13.49,WELCOME10,$1.35,$4.99,$17.13,Normal,PayPal,Online Store,fulfilled,United States,Georgia,Valid,Cruzport
#1294,04-Aug-2026,Jaime Vargas,Email Available,jaime.vargas795@outlook.com,Vitamin C Serum 30ml,Beauty,BTY-SRM-30,2,$24.99,WELCOME10,$5.00,$4.99,$49.97,Normal,Apple Pay,Online Store,cancelled,United Kingdom,,Not Required,Theodoreport
#1295,04-Aug-2026,James Castro,Email Available,james.castro923@icloud.com,Slim Fit Denim Jeans,Apparel,JNS-BLU-32,1,$39.99,WELCOME10,$4.00,$7.99,$43.98,Normal,Credit Card,Facebook,fulfilled,Pakistan,,Not Required,Williamsfort
#1296,04-Aug-2026,Kenneth Davis,Email Available,kenneth.davis106@yahoo.com,Stainless Steel Water Bottle,Home & Kitchen,HK-BTL-750,1,$12.99,,$0.00,$4.99,$17.98,Normal,Google Pay,POS,fulfilled,United States,North Carolina,Valid,Lake Seanfort
#1297,04-Aug-2026,Nicholas Parker,Email Available,nicholas.parker656@yahoo.com,Scented Soy Candle - Vanilla,Home & Kitchen,HK-CND-VAN,1,$9.99,SAVE20,$2.00,$4.99,$12.98,Normal,Apple Pay,Online Store,fulfilled,United States,Ohio,Valid,Bennettbury
#1298,04-Aug-2026,Kristen Lewis,Email Available,kristen.lewis649@icloud.com,Hooded Sweatshirt,Apparel,APR-HOD-GRY,1,$34.99,,$0.00,$7.99,$42.98,Normal,Shopify Payments,POS,pending,United States,North Carolina,Valid,Rosaleshaven
#1299,04-Aug-2026,Devin Jones,Email Available,devin.jones807@yahoo.com,Resistance Bands Set,Sports & Outdoors,SP-RBS-SET,1,$13.99,,$0.00,$4.99,$18.98,Normal,Credit Card,POS,fulfilled,Pakistan,,Not Required,Huffmanfurt
#1300,04-Aug-2026,Heather Davis,Email Available,heather.davis117@icloud.com,Running Shoes - Men's,Footwear,FTW-RUN-M,1,$54.99,,$0.00,$7.99,$62.98,Normal,Shopify Payments,Instagram,cancelled,Germany,,Not Required,South Michaelmouth
#1301,04-Aug-2026,Kayla Cruz,Email Available,kayla.cruz151@outlook.com,Kids Building Blocks Set,Toys,TOY-BLK-SET,1,$27.99,WELCOME10,$2.80,$5.99,$31.18,Normal,Google Pay,Online Store,refunded,Pakistan,,Not Required,Ronaldport
#1302,04-Aug-2026,Cody Murray,Email Available,cody.murray456@gmail.com,Stainless Steel Water Bottle,Home & Kitchen,HK-BTL-750,1,$12.99,BFCM25,$3.25,$5.99,$15.73,Normal,Apple Pay,Online Store,fulfilled,United Kingdom,,Not Required,North Paulberg
#1303,04-Aug-2026,Aimee Smith,Email Available,aimee.smith857@icloud.com,Non-Stick Frying Pan 10in,Home & Kitchen,HK-PAN-10,1,$24.99,VIP15,$3.75,$4.99,$26.23,Normal,PayPal,Online Store,fulfilled,United Kingdom,,Not Required,Port Sarah
#1304,04-Aug-2026,Donald Davis,Email Available,donald.davis404@icloud.com,Vitamin C Serum 30ml,Beauty,BTY-SRM-30,1,$24.99,SAVE20,$5.00,$4.99,$24.98,Normal,Google Pay,Online Store,fulfilled,Canada,,Not Required,Alfredchester
#1305,04-Aug-2026,Amy Maldonado,Email Available,amy.maldonado44@gmail.com,Polarized Sunglasses,Accessories,ACC-SUN-01,1,$16.99,,$0.00,$5.99,$22.98,Normal,PayPal,Online Store,fulfilled,Pakistan,,Not Required,Matthewstad
#1306,04-Aug-2026,Timothy Maldonado,Email Available,timothy.maldonado551@gmail.com,Throw Blanket - Fleece,Home & Kitchen,HK-BLK-FLC,2,$17.99,VIP15,$5.40,$7.99,$38.57,Normal,Google Pay,Online Store,fulfilled,United States,North Carolina,Valid,South Christinabury
#1307,04-Aug-2026,James Miller,Email Available,james.miller866@yahoo.com,Phone Case - Clear,Electronics,ELC-CSE-CLR,1,$8.99,,$0.00,$7.99,$16.98,Normal,Shopify Payments,Instagram,cancelled,Pakistan,,Not Required,Samanthaview
#1308,04-Aug-2026,Karen Jones,Email Available,karen.jones794@outlook.com,Wireless Mouse,Electronics,ELC-MSE-WL,1,$11.99,WELCOME10,$1.20,$7.99,$18.78,Normal,Shopify Payments,Online Store,refunded,Australia,,Not Required,Wrightchester
#1309,04-Aug-2026,Heather Davis,Email Available,heather.davis117@icloud.com,USB-C Fast Charger 20W,Electronics,ELC-CHG-20,1,$15.49,,$0.00,$7.99,$23.48,Normal,PayPal,Online Store,fulfilled,Germany,,Not Required,Lake Danielfurt
#1310,04-Aug-2026,Sharon Brown,Email Available,sharon.brown14@gmail.com,Wireless Bluetooth Earbuds,Electronics,ELC-WBE-01,1,$29.99,SAVE20,$6.00,$5.99,$29.98,Normal,Shopify Payments,Online Store,fulfilled,United States,North Carolina,Valid,Johnsonview
#1311,04-Aug-2026,Benjamin Collins,Email Available,benjamin.collins953@icloud.com,Vitamin C Serum 30ml,Beauty,BTY-SRM-30,1,$24.99,SAVE20,$5.00,$4.99,$24.98,Normal,PayPal,Online Store,refunded,Pakistan,,Not Required,Michaelhaven
#1312,04-Aug-2026,David Hernandez,Email Available,david.hernandez260@yahoo.com,Polarized Sunglasses,Accessories,ACC-SUN-01,1,$16.99,BFCM25,$4.25,$5.99,$18.73,Normal,Shopify Payments,POS,fulfilled,Australia,,Not Required,South Marissa
#1313,04-Aug-2026,Joshua Owens,Email Available,joshua.owens56@icloud.com,Leather Wallet - Brown,Accessories,ACC-WLT-BRN,1,$19.99,VIP15,$3.00,$4.99,$21.98,Normal,Shopify Payments,Online Store,cancelled,United States,North Carolina,Valid,West Raymondbury
#1314,04-Aug-2026,Darin Alvarez,Email Available,darin.alvarez843@gmail.com,USB-C Fast Charger 20W,Electronics,ELC-CHG-20,1,$15.49,,$0.00,$5.99,$21.48,Normal,Google Pay,Online Store,fulfilled,Canada,,Not Required,Santiagohaven
#1315,04-Aug-2026,Rebecca Watts,Email Available,rebecca.watts779@gmail.com,Facial Cleanser 200ml,Beauty,BTY-CLN-200,1,$13.49,VIP15,$2.02,$4.99,$16.46,Normal,PayPal,Online Store,fulfilled,United States,New York,Valid,East Rebeccaton
#1316,04-Aug-2026,Angela Carr,Email Available,angela.carr488@yahoo.com,Polarized Sunglasses,Accessories,ACC-SUN-01,1,$16.99,WELCOME10,$1.70,$5.99,$21.28,Normal,Google Pay,Online Store,cancelled,United States,New York,Valid,Hansenberg
#1317,04-Aug-2026,David Duke,Email Available,david.duke814@icloud.com,Non-Stick Frying Pan 10in,Home & Kitchen,HK-PAN-10,1,$24.99,,$0.00,$5.99,$30.98,Normal,Apple Pay,Online Store,fulfilled,United States,North Carolina,Valid,Jenniferfort
#1318,04-Aug-2026,Sarah Webb,Email Available,sarah.webb997@outlook.com,Portable Power Bank 10000mAh,Electronics,ELC-PWB-10K,1,$21.99,WELCOME10,$2.20,$7.99,$27.78,Normal,Google Pay,Online Store,fulfilled,Germany,,Not Required,Lake Ariel
#1319,04-Aug-2026,Joshua Owens,Email Available,joshua.owens56@icloud.com,Non-Stick Frying Pan 10in,Home & Kitchen,HK-PAN-10,1,$24.99,WELCOME10,$2.50,$5.99,$28.48,Normal,Google Pay,Instagram,fulfilled,United States,California,Valid,Lake Johnmouth
#1320,04-Aug-2026,Richard Weber,Email Available,richard.weber156@yahoo.com,Non-Stick Frying Pan 10in,Home & Kitchen,HK-PAN-10,4,$24.99,,$0.00,$0.00,$99.96,Outlier,Shopify Payments,Facebook,fulfilled,United States,New York,Valid,Barronside
#1321,04-Aug-2026,Heather Davis,Email Available,heather.davis117@icloud.com,Ceramic Coffee Mug Set (4pc),Home & Kitchen,HK-MUG-4PK,1,$18.99,VIP15,$2.85,$5.99,$22.13,Normal,Credit Card,Online Store,fulfilled,Germany,,Not Required,Lake Paul
#1322,04-Aug-2026,Timothy Hodges,Missing Email,,Running Shoes - Women's,Footwear,FTW-RUN-W,1,$54.99,SAVE20,$11.00,$5.99,$49.98,Normal,Credit Card,POS,fulfilled,Australia,,Not Required,Tammyshire
#1323,04-Aug-2026,Suzanne White,Email Available,suzanne.white877@gmail.com,Adjustable Dumbbell Set,Sports & Outdoors,SP-DMB-ADJ,1,$89.99,VIP15,$13.50,$0.00,$76.49,Normal,Shopify Payments,Instagram,fulfilled,United States,Ohio,Valid,Lake Leahtown
#1324,04-Aug-2026,Stephanie Mcgee,Email Available,stephanie.mcgee557@outlook.com,Yoga Mat - Extra Thick,Sports & Outdoors,SP-YGM-EX,1,$22.99,,$0.00,$5.99,$28.98,Normal,Credit Card,Online Store,fulfilled,Australia,,Not Required,Lake Kimberly
#1325,04-Aug-2026,Christopher Hayes,Email Available,christopher.hayes809@icloud.com,Phone Case - Clear,Electronics,ELC-CSE-CLR,1,$8.99,,$0.00,$5.99,$14.98,Normal,Google Pay,POS,fulfilled,United States,Georgia,Valid,South Aaronburgh
#1326,04-Aug-2026,James Castro,Email Available,james.castro923@icloud.com,Adjustable Dumbbell Set,Sports & Outdoors,SP-DMB-ADJ,1,$89.99,,$0.00,$0.00,$89.99,Outlier,Shopify Payments,Online Store,cancelled,Pakistan,,Not Required,Nguyentown
#1327,04-Aug-2026,Patricia Thompson,Email Available,patricia.thompson164@icloud.com,Slim Fit Denim Jeans,Apparel,JNS-BLU-32,1,$39.99,VIP15,$6.00,$5.99,$39.98,Normal,Google Pay,Instagram,fulfilled,United States,Florida,Valid,West Bethanyburgh
#1328,04-Aug-2026,Kayla Cruz,Email Available,kayla.cruz151@outlook.com,Scented Soy Candle - Vanilla,Home & Kitchen,HK-CND-VAN,1,$9.99,VIP15,$1.50,$4.99,$13.48,Normal,Apple Pay,POS,cancelled,Pakistan,,Not Required,South Charlesland
#1329,04-Aug-2026,Christopher Harrington,Email Available,christopher.harrington960@gmail.com,Running Shoes - Women's,Footwear,FTW-RUN-W,1,$54.99,SAVE20,$11.00,$7.99,$51.98,Normal,Credit Card,Online Store,refunded,Australia,,Not Required,West Andrew
#1330,04-Aug-2026,Mary Phillips,Email Available,mary.phillips944@yahoo.com,Backpack - 25L,Accessories,ACC-BPK-25L,1,$32.99,,$0.00,$5.99,$38.98,Normal,Google Pay,Online Store,fulfilled,United States,California,Valid,Michaelburgh
#1331,04-Aug-2026,Timothy Hodges,Email Available,timothy.hodges687@icloud.com,Stainless Steel Water Bottle,Home & Kitchen,HK-BTL-750,1,$12.99,,$0.00,$4.99,$17.98,Normal,Apple Pay,Online Store,refunded,Australia,,Not Required,Perezmouth
#1332,04-Aug-2026,CHRISTOPHER HARRIS,Email Available,christopher.harris618@yahoo.com,Wireless Mouse,Electronics,ELC-MSE-WL,1,$11.99,FREESHIP,$0.00,$0.00,$11.99,Normal,Credit Card,Online Store,fulfilled,Australia,,Not Required,Corychester
#1333,04-Aug-2026,Jaime Vargas,Email Available,jaime.vargas795@outlook.com,Yoga Mat - Extra Thick,Sports & Outdoors,SP-YGM-EX,2,$22.99,SAVE20,$9.20,$7.99,$44.77,Normal,Google Pay,Facebook,pending,United Kingdom,,Not Required,Middletonshire
#1334,04-Aug-2026,Elizabeth Johnston,Email Available,elizabeth.johnston946@gmail.com,Hooded Sweatshirt,Apparel,APR-HOD-GRY,1,$34.99,,$0.00,$5.99,$40.98,Normal,Shopify Payments,Online Store,fulfilled,United Kingdom,,Not Required,Bakershire
#1335,04-Aug-2026,Eric Golden,Email Available,eric.golden379@outlook.com,Facial Cleanser 200ml,Beauty,BTY-CLN-200,2,$13.49,WELCOME10,$2.70,$5.99,$30.27,Normal,PayPal,POS,fulfilled,United States,Georgia,Valid,East Heather
#1336,04-Aug-2026,Tracy Adams,Email Available,tracy.adams712@icloud.com,USB-C Fast Charger 20W,Electronics,ELC-CHG-20,2,$15.49,,$0.00,$5.99,$36.97,Normal,Credit Card,Instagram,pending,United States,California,Valid,New Ashley
#1337,04-Aug-2026,Sarah Williams,Email Available,sarah.williams329@icloud.com,Yoga Mat - Extra Thick,Sports & Outdoors,SP-YGM-EX,1,$22.99,,$0.00,$4.99,$27.98,Normal,Credit Card,POS,fulfilled,Canada,,Not Required,Lake Michaelstad
#1338,04-Aug-2026,Christopher Harris,Email Available,christopher.harris618@yahoo.com,Scented Soy Candle - Vanilla,Home & Kitchen,HK-CND-VAN,1,$9.99,VIP15,$1.50,$5.99,$14.48,Normal,PayPal,Facebook,pending,Australia,,Not Required,Lake Crystal
#1339,04-Aug-2026,  Christopher Osborne,Email Available,christopher.osborne481@yahoo.com,Classic Cotton T-Shirt,Apparel,TSH-BLK-M,1,$14.99,VIP15,$2.25,$7.99,$20.73,Normal,Google Pay,Online Store,refunded,United States,California,Valid,Michaelbury
#1340,04-Aug-2026,Matthew Perez,Email Available,matthew.perez875@gmail.com,Yoga Mat - Extra Thick,Sports & Outdoors,SP-YGM-EX,1,$22.99,WELCOME10,$2.30,$4.99,$25.68,Normal,Apple Pay,Instagram,refunded,Pakistan,,Not Required,North Steven
#1341,04-Aug-2026,Elizabeth Carter,Email Available,elizabeth.carter304@icloud.com,Throw Blanket - Fleece,Home & Kitchen,HK-BLK-FLC,3,$17.99,,$0.00,$4.99,$58.96,Normal,Apple Pay,Instagram,pending,Canada,,Not Required,Maryborough
#1342,04-Aug-2026,Nicole Taylor,Email Available,nicole.taylor607@icloud.com,Hooded Sweatshirt,Apparel,APR-HOD-GRY,2,$34.99,BFCM25,$17.50,$7.99,$60.47,Normal,PayPal,Instagram,fulfilled,United States,California,Valid,Melvinside
#1343,04-Aug-2026,Albert Salazar,Email Available,albert.salazar398@outlook.com,Vitamin C Serum 30ml,Beauty,BTY-SRM-30,1,$24.99,,$0.00,$7.99,$32.98,Normal,Shopify Payments,Online Store,refunded,United States,Georgia,Valid,Angelaport
#1344,04-Aug-2026,Maria Leon,Email Available,maria.leon163@outlook.com,Vitamin C Serum 30ml,Beauty,BTY-SRM-30,1,$24.99,FREESHIP,$0.00,$0.00,$24.99,Normal,Shopify Payments,Instagram,refunded,Canada,,Not Required,Leahchester
#1345,04-Aug-2026,Lauren Nguyen,Missing Email,,Vitamin C Serum 30ml,Beauty,BTY-SRM-30,1,$24.99,,$0.00,$4.99,$29.98,Normal,PayPal,Instagram,pending,United Kingdom,,Not Required,New Jason
#1346,04-Aug-2026,Rhonda Chapman,Email Available,rhonda.chapman481@yahoo.com,Wireless Mouse,Electronics,ELC-MSE-WL,1,$11.99,WELCOME10,$1.20,$5.99,$16.78,Normal,Credit Card,Instagram,refunded,United States,New York,Valid,East Williamstad
#1347,04-Aug-2026,Kenneth Coleman,Email Available,kenneth.coleman447@icloud.com,Classic Cotton T-Shirt,Apparel,TSH-BLK-L,1,$14.99,VIP15,$2.25,$5.99,$18.73,Normal,Apple Pay,Online Store,refunded,United States,New York,Valid,Mcbrideton
#1348,04-Aug-2026,Timothy Becker,Email Available,timothy.becker88@yahoo.com,Hooded Sweatshirt,Apparel,APR-HOD-GRY,1,$34.99,WELCOME10,$3.50,$5.99,$37.48,Normal,Google Pay,Online Store,pending,United States,Florida,Valid,Lake Kimberlybury
#1349,04-Aug-2026,Alison Schroeder,Email Available,alison.schroeder943@icloud.com,Portable Power Bank 10000mAh,Electronics,ELC-PWB-10K,1,$21.99,SAVE20,$4.40,$5.99,$23.58,Normal,PayPal,Facebook,fulfilled,Australia,,Not Required,Terranceburgh
#1350,04-Aug-2026,Chad Smith,Email Available,chad.smith773@icloud.com,Classic Cotton T-Shirt,Apparel,TSH-BLK-L,2,$14.99,VIP15,$4.50,$7.99,$33.47,Normal,PayPal,Instagram,pending,Pakistan,,Not Required,New Sandra
#1351,04-Aug-2026,John Carson,Email Available,john.carson203@yahoo.com,USB-C Fast Charger 20W,Electronics,ELC-CHG-20,1,$15.49,FREESHIP,$0.00,$0.00,$15.49,Normal,PayPal,Online Store,fulfilled,United States,Georgia,Valid,East Emily
#1352,04-Aug-2026,Jon Lambert,Email Available,jon.lambert231@icloud.com,Portable Power Bank 10000mAh,Electronics,ELC-PWB-10K,2,$21.99,,$0.00,$5.99,$49.97,Normal,Google Pay,Online Store,refunded,United States,California,Valid,Alexanderfort
#1353,04-Aug-2026,Dawn Randolph,Email Available,dawn.randolph179@icloud.com,USB-C Fast Charger 20W,Electronics,ELC-CHG-20,2,$15.49,,$0.00,$7.99,$38.97,Normal,Apple Pay,Online Store,fulfilled,Pakistan,,Not Required,West Noah
#1354,04-Aug-2026,Michael Jacobson,Email Available,michael.jacobson69@outlook.com,USB-C Fast Charger 20W,Electronics,ELC-CHG-20,1,$15.49,WELCOME10,$1.55,$7.99,$21.93,Normal,Credit Card,Instagram,fulfilled,Germany,,Not Required,Scottchester
#1355,04-Aug-2026,Stacey Johnson,Email Available,stacey.johnson95@gmail.com,Stainless Steel Water Bottle,Home & Kitchen,HK-BTL-750,1,$12.99,SAVE20,$2.60,$5.99,$16.38,Normal,PayPal,Online Store,cancelled,Germany,,Not Required,Wardstad
#1356,04-Aug-2026,,Email Available,james.miller866@yahoo.com,USB-C Fast Charger 20W,Electronics,ELC-CHG-20,1,$15.49,FREESHIP,$0.00,$0.00,$15.49,Normal,PayPal,Online Store,refunded,Pakistan,,Not Required,Martinmouth
#1357,04-Aug-2026,Sandra Potter,Email Available,sandra.potter166@yahoo.com,Stainless Steel Water Bottle,Home & Kitchen,HK-BTL-750,1,$12.99,VIP15,$1.95,$7.99,$19.03,Normal,Google Pay,POS,fulfilled,United States,North Carolina,Valid,East Wendyton
#1358,04-Aug-2026,Kathryn Robinson,Email Available,kathryn.robinson965@gmail.com,Wireless Mouse,Electronics,ELC-MSE-WL,1,$11.99,,$0.00,$5.99,$17.98,Normal,Credit Card,Instagram,fulfilled,United Kingdom,,Not Required,Lake Jeffreyshire
#1359,04-Aug-2026,Barbara Case,Email Available,barbara.case365@yahoo.com,Facial Cleanser 200ml,Beauty,BTY-CLN-200,1,$13.49,SAVE20,$2.70,$4.99,$15.78,Normal,Apple Pay,Instagram,refunded,United States,California,Valid,East Andrewfurt
#1360,04-Aug-2026,Christopher Harris,Email Available,christopher.harris618@yahoo.com,Portable Power Bank 10000mAh,Electronics,ELC-PWB-10K,1,$21.99,,$0.00,$5.99,$27.98,Normal,Google Pay,Online Store,fulfilled,Australia,,Not Required,Barnesmouth
#1361,04-Aug-2026,Darryl Cook,Email Available,darryl.cook98@yahoo.com,Ceramic Coffee Mug Set (4pc),Home & Kitchen,HK-MUG-4PK,1,$18.99,,$0.00,$5.99,$24.98,Normal,PayPal,Facebook,fulfilled,Pakistan,,Not Required,Christineland
#1362,04-Aug-2026,David Mcknight,Email Available,david.mcknight827@gmail.com,Classic Cotton T-Shirt,Apparel,TSH-BLK-L,2,$14.99,BFCM25,$7.50,$4.99,$27.47,Normal,Apple Pay,Online Store,fulfilled,United States,North Carolina,Valid,West William
#1363,04-Aug-2026,William Houston,Email Available,william.houston340@outlook.com,Running Shoes - Women's,Footwear,FTW-RUN-W,2,$54.99,WELCOME10,$11.00,$0.00,$98.98,Outlier,PayPal,Online Store,fulfilled,United States,Ohio,Valid,Adamhaven
#1364,04-Aug-2026,Anthony Krueger,Email Available,anthony.krueger812@yahoo.com,Scented Soy Candle - Vanilla,Home & Kitchen,HK-CND-VAN,1,$9.99,FREESHIP,$0.00,$0.00,$9.99,Normal,PayPal,Instagram,fulfilled,Pakistan,,Not Required,Jessicaberg
#1365,04-Aug-2026,James Miller,Email Available,james.miller866@yahoo.com,Portable Power Bank 10000mAh,Electronics,ELC-PWB-10K,1,$21.99,WELCOME10,$2.20,$7.99,$27.78,Normal,Credit Card,Facebook,pending,Pakistan,,Not Required,Lake Kaitlyn
#1366,04-Aug-2026,Heather Davis,Email Available,heather.davis117@icloud.com,Wireless Mouse,Electronics,ELC-MSE-WL,1,$11.99,FREESHIP,$0.00,$0.00,$11.99,Normal,Shopify Payments,Online Store,fulfilled,Germany,,Not Required,Arnoldberg
#1367,04-Aug-2026,Andrew Cross,Email Available,andrew.cross512@yahoo.com,Resistance Bands Set,Sports & Outdoors,SP-RBS-SET,1,$13.99,,$0.00,$4.99,$18.98,Normal,PayPal,Online Store,refunded,United States,North Carolina,Valid,New Melissabury
#1368,04-Aug-2026,Mary Bradley,Email Available,mary.bradley289@gmail.com,Wireless Mouse,Electronics,ELC-MSE-WL,1,$11.99,SAVE20,$2.40,$5.99,$15.58,Normal,PayPal,Online Store,fulfilled,United Kingdom,,Not Required,Andersonburgh
#1369,04-Aug-2026,Kendra Price,Email Available,kendra.price237@outlook.com,Hooded Sweatshirt,Apparel,APR-HOD-GRY,1,$34.99,,$0.00,$7.99,$42.98,Normal,Credit Card,Online Store,pending,Germany,,Not Required,Stephensshire
#1370,04-Aug-2026,Autumn Stewart,Email Available,autumn.stewart565@outlook.com,Hooded Sweatshirt,Apparel,APR-HOD-GRY,1,$34.99,,$0.00,$7.99,$42.98,Normal,PayPal,Facebook,fulfilled,United Kingdom,,Not Required,Lake Jaredborough
#1371,04-Aug-2026,Andrew Vargas,Email Available,andrew.vargas381@outlook.com,Hooded Sweatshirt,Apparel,APR-HOD-GRY,1,$34.99,,$0.00,$4.99,$39.98,Normal,PayPal,Online Store,cancelled,Canada,,Not Required,Port Jasmineview
#1372,04-Aug-2026,Jane Gregory,Email Available,jane.gregory935@icloud.com,Running Shoes - Men's,Footwear,FTW-RUN-M,1,$54.99,BFCM25,$13.75,$7.99,$49.23,Normal,Credit Card,Online Store,fulfilled,Germany,,Not Required,Fletcherberg
#1373,04-Aug-2026,Amanda Robinson,Missing Email,,Scented Soy Candle - Vanilla,Home & Kitchen,HK-CND-VAN,2,$9.99,SAVE20,$4.00,$4.99,$20.97,Normal,Credit Card,Online Store,pending,United States,Georgia,Valid,Calebstad
#1374,04-Aug-2026,Tyler Williams,Missing Email,,Kids Building Blocks Set,Toys,TOY-BLK-SET,2,$27.99,BFCM25,$13.99,$5.99,$47.98,Normal,Shopify Payments,Facebook,fulfilled,Australia,,Not Required,Kellyfort
#1375,04-Aug-2026,Cody Murray,Email Available,cody.murray456@gmail.com,Running Shoes - Men's,Footwear,FTW-RUN-M,2,$54.99,WELCOME10,$11.00,$0.00,$98.98,Outlier,Credit Card,Instagram,fulfilled,United Kingdom,,Not Required,Medinaville
#1376,04-Aug-2026,Julia Atkinson,Email Available,julia.atkinson939@gmail.com,Vitamin C Serum 30ml,Beauty,BTY-SRM-30,1,$24.99,VIP15,$3.75,$5.99,$27.23,Normal,Credit Card,Instagram,fulfilled,Canada,,Not Required,Piercehaven
#1377,04-Aug-2026,Sarah Singh,Email Available,sarah.singh298@gmail.com,Throw Blanket - Fleece,Home & Kitchen,HK-BLK-FLC,1,$17.99,SAVE20,$3.60,$5.99,$20.38,Normal,Shopify Payments,POS,pending,Canada,,Not Required,New Jamesshire
#1378,04-Aug-2026,James Castro,Email Available,james.castro923@icloud.com,Classic Cotton T-Shirt,Apparel,TSH-BLK-M,2,$14.99,,$0.00,$5.99,$35.97,Normal,Shopify Payments,Facebook,fulfilled,Pakistan,,Not Required,Cynthiaside
#1379,04-Aug-2026,Melissa James,Email Available,melissa.james674@outlook.com,Polarized Sunglasses,Accessories,ACC-SUN-01,1,$16.99,BFCM25,$4.25,$4.99,$17.73,Normal,PayPal,POS,cancelled,United States,Georgia,Valid,East Courtneyport
#1380,04-Aug-2026,Tyler Williams,Email Available,tyler.williams938@outlook.com,USB-C Fast Charger 20W,Electronics,ELC-CHG-20,1,$15.49,,$0.00,$5.99,$21.48,Normal,Credit Card,Online Store,pending,Australia,,Not Required,Daltonstad
#1381,04-Aug-2026,Sandra Potter,Email Available,sandra.potter166@yahoo.com,Phone Case - Clear,Electronics,ELC-CSE-CLR,1,$8.99,WELCOME10,$0.90,$7.99,$16.08,Normal,PayPal,Facebook,fulfilled,United States,Washington,Valid,South Justintown
#1382,04-Aug-2026,Susan Stark,Email Available,susan.stark500@yahoo.com,Classic Cotton T-Shirt,Apparel,TSH-BLK-M,1,$14.99,,$0.00,$7.99,$22.98,Normal,Google Pay,Online Store,pending,Australia,,Not Required,Petersonland
#1383,04-Aug-2026,Ryan Gonzalez,Email Available,ryan.gonzalez192@gmail.com,Stainless Steel Water Bottle,Home & Kitchen,HK-BTL-750,1,$12.99,SAVE20,$2.60,$5.99,$16.38,Normal,Credit Card,Facebook,refunded,United States,Texas,Valid,East Jameston
#1384,04-Aug-2026,Mary Garcia,Email Available,mary.garcia899@icloud.com,Adjustable Dumbbell Set,Sports & Outdoors,SP-DMB-ADJ,2,$89.99,FREESHIP,$0.00,$0.00,$179.98,Outlier,Google Pay,Online Store,refunded,Canada,,Not Required,Evantown
#1385,04-Aug-2026,Mary Garcia,Email Available,mary.garcia899@icloud.com,USB-C Fast Charger 20W,Electronics,ELC-CHG-20,3,$15.49,VIP15,$6.97,$4.99,$44.49,Normal,Google Pay,Facebook,cancelled,Canada,,Not Required,New Kevintown
#1386,04-Aug-2026,Vincent Rosales,Email Available,vincent.rosales30@icloud.com,Portable Power Bank 10000mAh,Electronics,ELC-PWB-10K,1,$21.99,BFCM25,$5.50,$7.99,$24.48,Normal,PayPal,Facebook,fulfilled,United States,Texas,Valid,North Wendyview
#1387,04-Aug-2026,  Thomas Rojas,Email Available,thomas.rojas667@icloud.com,Classic Cotton T-Shirt,Apparel,TSH-BLK-M,2,$14.99,WELCOME10,$3.00,$5.99,$32.97,Normal,Credit Card,POS,fulfilled,United States,Arizona,Valid,Port Sarahview
#1388,04-Aug-2026,kimberly estrada,Missing Email,,Portable Power Bank 10000mAh,Electronics,ELC-PWB-10K,3,$21.99,,$0.00,$4.99,$70.96,Normal,Apple Pay,POS,fulfilled,Canada,,Not Required,Josephbury
#1389,04-Aug-2026,Andrew Jones,Email Available,andrew.jones338@icloud.com,Phone Case - Clear,Electronics,ELC-CSE-CLR,1,$8.99,WELCOME10,$0.90,$5.99,$14.08,Normal,Google Pay,Online Store,fulfilled,United Kingdom,,Not Required,Melissastad
#1390,04-Aug-2026,Chad Smith,Email Available,chad.smith773@icloud.com,Adjustable Dumbbell Set,Sports & Outdoors,SP-DMB-ADJ,1,$89.99,BFCM25,$22.50,$0.00,$67.49,Normal,Credit Card,Online Store,fulfilled,Pakistan,,Not Required,Reynoldsshire
#1391,04-Aug-2026,Debbie Joseph,Email Available,debbie.joseph531@outlook.com,Backpack - 25L,Accessories,ACC-BPK-25L,1,$32.99,BFCM25,$8.25,$5.99,$30.73,Normal,Credit Card,POS,refunded,United States,Ohio,Valid,New Heidiland
#1392,04-Aug-2026,Donald Davis,Email Available,donald.davis404@icloud.com,USB-C Fast Charger 20W,Electronics,ELC-CHG-20,1,$15.49,,$0.00,$5.99,$21.48,Normal,PayPal,Online Store,pending,Canada,,Not Required,North Karina
#1393,04-Aug-2026,Jon Lambert,Email Available,jon.lambert231@icloud.com,Yoga Mat - Extra Thick,Sports & Outdoors,SP-YGM-EX,1,$22.99,SAVE20,$4.60,$7.99,$26.38,Normal,Shopify Payments,Online Store,pending,United States,Georgia,Valid,Cheyennefurt
#1394,04-Aug-2026,Michael Hays,Email Available,michael.hays590@gmail.com,Portable Power Bank 10000mAh,Electronics,ELC-PWB-10K,4,$21.99,,$0.00,$0.00,$87.96,Outlier,Google Pay,Online Store,refunded,United States,North Carolina,Valid,New Richard
#1395,04-Aug-2026,Andrea Martinez,Email Available,andrea.martinez756@yahoo.com,Wireless Mouse,Electronics,ELC-MSE-WL,2,$11.99,BFCM25,$6.00,$7.99,$25.97,Normal,Credit Card,POS,pending,Australia,,Not Required,West Danielhaven
#1396,04-Aug-2026,  Peter Alvarez,Email Available,peter.alvarez465@yahoo.com,Running Shoes - Women's,Footwear,FTW-RUN-W,1,$54.99,SAVE20,$11.00,$7.99,$51.98,Normal,PayPal,Facebook,fulfilled,United States,Ohio,Valid,Ritterborough
#1397,04-Aug-2026,Kristina Thompson,Email Available,kristina.thompson501@icloud.com,Polarized Sunglasses,Accessories,ACC-SUN-01,1,$16.99,VIP15,$2.55,$4.99,$19.43,Normal,PayPal,Online Store,fulfilled,United States,North Carolina,Valid,New Dennis
#1398,04-Aug-2026,Cheryl Coleman,Email Available,cheryl.coleman261@icloud.com,Yoga Mat - Extra Thick,Sports & Outdoors,SP-YGM-EX,1,$22.99,VIP15,$3.45,$4.99,$24.53,Normal,Credit Card,Facebook,fulfilled,Pakistan,,Not Required,Port Danielleview
#1399,04-Aug-2026,vicki johnson,Email Available,vicki.johnson369@outlook.com,Leather Wallet - Brown,Accessories,ACC-WLT-BRN,1,$19.99,FREESHIP,$0.00,$0.00,$19.99,Normal,Google Pay,Instagram,fulfilled,Canada,,Not Required,Jamesmouth
#1400,04-Aug-2026,Joel Davidson,Email Available,joel.davidson94@icloud.com,Stainless Steel Water Bottle,Home & Kitchen,HK-BTL-750,1,$12.99,,$0.00,$7.99,$20.98,Normal,Credit Card,Online Store,pending,United States,Arizona,Valid,North Elizabeth
#1401,04-Aug-2026,Christopher Osborne,Email Available,christopher.osborne481@yahoo.com,Classic Cotton T-Shirt,Apparel,TSH-BLK-L,1,$14.99,WELCOME10,$1.50,$7.99,$21.48,Normal,Apple Pay,Facebook,fulfilled,United States,Georgia,Valid,Harrisonhaven
#1402,04-Aug-2026,William Houston,Missing Email,,Stainless Steel Water Bottle,Home & Kitchen,HK-BTL-750,2,$12.99,,$0.00,$4.99,$30.97,Normal,PayPal,Instagram,fulfilled,United States,Illinois,Valid,Samuelport
#1403,04-Aug-2026,Vincent Rosales,Email Available,vincent.rosales30@icloud.com,Phone Case - Clear,Electronics,ELC-CSE-CLR,3,$8.99,,$0.00,$7.99,$34.96,Normal,Shopify Payments,POS,cancelled,United States,Illinois,Valid,Port Nicoleberg
#1404,04-Aug-2026,Kayla Morris,Email Available,kayla.morris339@outlook.com,Classic Cotton T-Shirt,Apparel,TSH-BLK-M,1,$14.99,FREESHIP,$0.00,$0.00,$14.99,Normal,Google Pay,Online Store,fulfilled,Canada,,Not Required,Vanessafurt
#1405,04-Aug-2026,David Duke,Email Available,david.duke814@icloud.com,Running Shoes - Women's,Footwear,FTW-RUN-W,1,$54.99,,$0.00,$7.99,$62.98,Normal,PayPal,Instagram,cancelled,United States,Ohio,Valid,Cynthiabury
#1406,04-Aug-2026,Ruth Duncan,Email Available,ruth.duncan434@icloud.com,Facial Cleanser 200ml,Beauty,BTY-CLN-200,1,$13.49,,$0.00,$4.99,$18.48,Normal,Google Pay,POS,fulfilled,Australia,,Not Required,Macdonaldton
#1407,04-Aug-2026,Elizabeth Johnston,Email Available,elizabeth.johnston946@gmail.com,Wireless Mouse,Electronics,ELC-MSE-WL,2,$11.99,SAVE20,$4.80,$5.99,$25.17,Normal,Google Pay,Facebook,fulfilled,United Kingdom,,Not Required,Meganborough
#1408,04-Aug-2026,Ian Morris,Email Available,ian.morris90@outlook.com,Slim Fit Denim Jeans,Apparel,JNS-BLU-32,1,$39.99,,$0.00,$7.99,$47.98,Normal,Google Pay,Instagram,fulfilled,Pakistan,,Not Required,West Christine
#1409,04-Aug-2026,Kristina Thompson,Email Available,kristina.thompson501@icloud.com,Kids Building Blocks Set,Toys,TOY-BLK-SET,1,$27.99,,$0.00,$5.99,$33.98,Normal,Shopify Payments,Online Store,fulfilled,United States,California,Valid,West Anaton
#1410,04-Aug-2026,Jesse Hammond,Email Available,jesse.hammond987@gmail.com,Running Shoes - Men's,Footwear,FTW-RUN-M,3,$54.99,SAVE20,$32.99,$0.00,$131.98,Outlier,Google Pay,Online Store,fulfilled,United States,Illinois,Valid,Cynthiatown
#1411,04-Aug-2026,Lucas Lyons,Email Available,lucas.lyons594@icloud.com,Yoga Mat - Extra Thick,Sports & Outdoors,SP-YGM-EX,2,$22.99,,$0.00,$4.99,$50.97,Normal,PayPal,POS,fulfilled,Pakistan,,Not Required,Ethanville
#1412,04-Aug-2026,Kaitlyn Hernandez,Missing Email,,Kids Building Blocks Set,Toys,TOY-BLK-SET,1,$27.99,FREESHIP,$0.00,$0.00,$27.99,Normal,Credit Card,Facebook,cancelled,Germany,,Not Required,East Ashleyland
#1413,04-Aug-2026,Christy Phillips,Email Available,christy.phillips291@gmail.com,Slim Fit Denim Jeans,Apparel,JNS-BLU-32,1,$39.99,,$0.00,$7.99,$47.98,Normal,PayPal,Online Store,refunded,Pakistan,,Not Required,North Cynthia
#1414,04-Aug-2026,Kenneth Davis,Email Available,kenneth.davis106@yahoo.com,Running Shoes - Men's,Footwear,FTW-RUN-M,1,$54.99,SAVE20,$11.00,$5.99,$49.98,Normal,Credit Card,Online Store,fulfilled,United States,North Carolina,Valid,North Dustin
#1415,04-Aug-2026,Lauren Nguyen,Email Available,lauren.nguyen819@outlook.com,Slim Fit Denim Jeans,Apparel,JNS-BLU-32,1,$39.99,SAVE20,$8.00,$4.99,$36.98,Normal,Google Pay,Facebook,refunded,United Kingdom,,Not Required,Port Kerryton
#1416,04-Aug-2026,Tammy Hawkins,Email Available,tammy.hawkins461@outlook.com,Running Shoes - Men's,Footwear,FTW-RUN-M,1,$54.99,FREESHIP,$0.00,$0.00,$54.99,Normal,Credit Card,Online Store,pending,United States,Washington,Valid,South Williamhaven
#1417,04-Aug-2026,Barbara Brown,Email Available,barbara.brown26@gmail.com,Portable Power Bank 10000mAh,Electronics,ELC-PWB-10K,1,$21.99,BFCM25,$5.50,$7.99,$24.48,Normal,PayPal,Instagram,fulfilled,United States,Georgia,Valid,South John
#1418,04-Aug-2026,Walter Rodriguez,Email Available,walter.rodriguez829@gmail.com,Phone Case - Clear,Electronics,ELC-CSE-CLR,1,$8.99,SAVE20,$1.80,$4.99,$12.18,Normal,PayPal,Online Store,cancelled,Australia,,Not Required,Riversport
#1419,04-Aug-2026,Jordan Wilkins,Email Available,jordan.wilkins318@outlook.com,Kids Building Blocks Set,Toys,TOY-BLK-SET,1,$27.99,,$0.00,$4.99,$32.98,Normal,Apple Pay,Online Store,fulfilled,Pakistan,,Not Required,Lake Nicholas
#1420,04-Aug-2026,Matthew Riley,Email Available,matthew.riley309@yahoo.com,Scented Soy Candle - Vanilla,Home & Kitchen,HK-CND-VAN,1,$9.99,,$0.00,$5.99,$15.98,Normal,Shopify Payments,POS,cancelled,Canada,,Not Required,Allisonmouth
#1421,04-Aug-2026,Trevor Carter,Email Available,trevor.carter617@icloud.com,Classic Cotton T-Shirt,Apparel,TSH-BLK-M,1,$14.99,,$0.00,$4.99,$19.98,Normal,PayPal,Online Store,fulfilled,United States,Illinois,Valid,Bowenmouth
#1422,04-Aug-2026,Charles Franco,Email Available,charles.franco761@outlook.com,Resistance Bands Set,Sports & Outdoors,SP-RBS-SET,1,$13.99,,$0.00,$4.99,$18.98,Normal,Apple Pay,Online Store,cancelled,United States,California,Valid,Nicolestad
#1423,04-Aug-2026,Joseph Martin,Email Available,joseph.martin348@icloud.com,Wireless Bluetooth Earbuds,Electronics,ELC-WBE-01,1,$29.99,BFCM25,$7.50,$5.99,$28.48,Normal,Google Pay,POS,cancelled,United States,Texas,Valid,Walkerchester
#1424,04-Aug-2026,Patricia Townsend,Email Available,patricia.townsend96@yahoo.com,Leather Wallet - Brown,Accessories,ACC-WLT-BRN,1,$19.99,WELCOME10,$2.00,$4.99,$22.98,Normal,Shopify Payments,Online Store,fulfilled,United States,Georgia,Valid,Lisamouth
#1425,04-Aug-2026,David Duke,Missing Email,,Adjustable Dumbbell Set,Sports & Outdoors,SP-DMB-ADJ,1,$89.99,,$0.00,$0.00,$89.99,Outlier,Apple Pay,Online Store,fulfilled,United States,Florida,Valid,North Ashley
#1426,04-Aug-2026,ALAN DAVIS,Email Available,alan.davis483@icloud.com,Polarized Sunglasses,Accessories,ACC-SUN-01,2,$16.99,,$0.00,$5.99,$39.97,Normal,Shopify Payments,Online Store,fulfilled,Canada,,Not Required,Manningview
#1427,04-Aug-2026,Suzanne White,Email Available,suzanne.white877@gmail.com,USB-C Fast Charger 20W,Electronics,ELC-CHG-20,1,$15.49,VIP15,$2.32,$4.99,$18.16,Normal,Apple Pay,Online Store,fulfilled,United States,Ohio,Valid,South Nancy
#1428,04-Aug-2026,Christopher Harrington,Email Available,christopher.harrington960@gmail.com,Scented Soy Candle - Vanilla,Home & Kitchen,HK-CND-VAN,1,$9.99,BFCM25,$2.50,$4.99,$12.48,Normal,Shopify Payments,Facebook,fulfilled,Australia,,Not Required,South Dana
#1429,04-Aug-2026,Tracy Barr,Email Available,tracy.barr550@icloud.com,Ceramic Coffee Mug Set (4pc),Home & Kitchen,HK-MUG-4PK,1,$18.99,,$0.00,$5.99,$24.98,Normal,Shopify Payments,POS,refunded,United States,Georgia,Valid,Vazquezton
#1430,04-Aug-2026,Denise Phillips,Email Available,denise.phillips810@gmail.com,Slim Fit Denim Jeans,Apparel,JNS-BLU-32,2,$39.99,FREESHIP,$0.00,$0.00,$79.98,Normal,PayPal,POS,cancelled,United States,Washington,Valid,Wangmouth
#1431,04-Aug-2026,Nicole Taylor,Email Available,nicole.taylor607@icloud.com,Yoga Mat - Extra Thick,Sports & Outdoors,SP-YGM-EX,1,$22.99,BFCM25,$5.75,$4.99,$22.23,Normal,Shopify Payments,Online Store,fulfilled,United States,New York,Valid,Michaeltown
#1432,04-Aug-2026,Jasmine Parker,Email Available,jasmine.parker47@icloud.com,Hooded Sweatshirt,Apparel,APR-HOD-GRY,2,$34.99,,$0.00,$5.99,$75.97,Normal,Google Pay,POS,fulfilled,Pakistan,,Not Required,New Christina
#1433,04-Aug-2026,Timothy Weaver,Email Available,timothy.weaver591@gmail.com,Resistance Bands Set,Sports & Outdoors,SP-RBS-SET,1,$13.99,VIP15,$2.10,$4.99,$16.88,Normal,Credit Card,Instagram,fulfilled,Australia,,Not Required,North Reginaside
#1434,04-Aug-2026,Patrick Richardson,Email Available,patrick.richardson270@icloud.com,Stainless Steel Water Bottle,Home & Kitchen,HK-BTL-750,1,$12.99,,$0.00,$7.99,$20.98,Normal,PayPal,Online Store,fulfilled,United States,Florida,Valid,Haleystad
#1435,04-Aug-2026,Tracy Adams,Email Available,tracy.adams712@icloud.com,Ceramic Coffee Mug Set (4pc),Home & Kitchen,HK-MUG-4PK,1,$18.99,SAVE20,$3.80,$7.99,$23.18,Normal,PayPal,Online Store,fulfilled,United States,North Carolina,Valid,Dianaville
#1436,04-Aug-2026,Sarah Williams,Email Available,sarah.williams329@icloud.com,Slim Fit Denim Jeans,Apparel,JNS-BLU-32,2,$39.99,SAVE20,$16.00,$0.00,$63.98,Normal,Apple Pay,Instagram,fulfilled,Canada,,Not Required,Zacharyside
#1437,04-Aug-2026,Rebecca Watts,Email Available,rebecca.watts779@gmail.com,Classic Cotton T-Shirt,Apparel,TSH-BLK-L,1,$14.99,,$0.00,$7.99,$22.98,Normal,Credit Card,Facebook,refunded,United States,North Carolina,Valid,Knighthaven
#1438,04-Aug-2026,Adam Krause,Email Available,adam.krause31@yahoo.com,Yoga Mat - Extra Thick,Sports & Outdoors,SP-YGM-EX,1,$22.99,BFCM25,$5.75,$4.99,$22.23,Normal,Credit Card,Facebook,pending,United States,Illinois,Valid,Riddlebury
#1439,04-Aug-2026,Kayla Cruz,Email Available,kayla.cruz151@outlook.com,Running Shoes - Women's,Footwear,FTW-RUN-W,1,$54.99,VIP15,$8.25,$7.99,$54.73,Normal,Google Pay,Online Store,pending,Pakistan,,Not Required,West Ashleyborough
#1440,04-Aug-2026,William Houston,Email Available,william.houston340@outlook.com,Scented Soy Candle - Vanilla,Home & Kitchen,HK-CND-VAN,2,$9.99,VIP15,$3.00,$5.99,$22.97,Normal,Credit Card,Online Store,fulfilled,United States,Florida,Valid,East Scottport
#1441,04-Aug-2026,"Carr, Angela",Email Available,angela.carr488@yahoo.com,Wireless Bluetooth Earbuds,Electronics,ELC-WBE-01,1,$29.99,BFCM25,$7.50,$5.99,$28.48,Normal,PayPal,Facebook,refunded,United States,North Carolina,Valid,Johnsonhaven
#1442,04-Aug-2026,Kenneth Davis,Email Available,kenneth.davis106@yahoo.com,Non-Stick Frying Pan 10in,Home & Kitchen,HK-PAN-10,2,$24.99,VIP15,$7.50,$5.99,$48.47,Normal,Credit Card,Instagram,pending,United States,Arizona,Valid,Schmidtchester
#1443,04-Aug-2026,tracy dominguez,Email Available,tracy.dominguez23@gmail.com,Backpack - 25L,Accessories,ACC-BPK-25L,1,$32.99,VIP15,$4.95,$5.99,$34.03,Normal,Apple Pay,Online Store,fulfilled,United States,Texas,Valid,New Brittany
#1444,04-Aug-2026,William Houston,Email Available,william.houston340@outlook.com,USB-C Fast Charger 20W,Electronics,ELC-CHG-20,1,$15.49,FREESHIP,$0.00,$0.00,$15.49,Normal,Credit Card,Facebook,fulfilled,United States,Washington,Valid,Lake Allisonport
#1445,04-Aug-2026,William Morales,Email Available,william.morales943@outlook.com,Classic Cotton T-Shirt,Apparel,TSH-BLK-L,1,$14.99,,$0.00,$5.99,$20.98,Normal,Google Pay,POS,fulfilled,Canada,,Not Required,Vanessaberg
#1446,04-Aug-2026,Timothy Santos,Email Available,timothy.santos549@outlook.com,Kids Building Blocks Set,Toys,TOY-BLK-SET,1,$27.99,,$0.00,$7.99,$35.98,Normal,Credit Card,Online Store,fulfilled,United Kingdom,,Not Required,Kellyside
#1447,04-Aug-2026,Joshua Miller,Email Available,joshua.miller362@gmail.com,Slim Fit Denim Jeans,Apparel,JNS-BLU-32,2,$39.99,VIP15,$12.00,$0.00,$67.98,Normal,Google Pay,Online Store,cancelled,Canada,,Not Required,Annefort
#1448,04-Aug-2026,Barbara Case,Email Available,barbara.case365@yahoo.com,Wireless Mouse,Electronics,ELC-MSE-WL,1,$11.99,SAVE20,$2.40,$5.99,$15.58,Normal,Apple Pay,POS,fulfilled,United States,Illinois,Valid,East Charles
#1449,04-Aug-2026,Michael Hays,Email Available,michael.hays590@gmail.com,Yoga Mat - Extra Thick,Sports & Outdoors,SP-YGM-EX,1,$22.99,VIP15,$3.45,$4.99,$24.53,Normal,Apple Pay,Online Store,pending,United States,Florida,Valid,West Larry
#1450,04-Aug-2026,DEBBIE JOSEPH,Email Available,debbie.joseph531@outlook.com,Adjustable Dumbbell Set,Sports & Outdoors,SP-DMB-ADJ,3,$89.99,,$0.00,$0.00,$269.97,Outlier,PayPal,Online Store,fulfilled,United States,North Carolina,Valid,South Yvonnehaven
#1451,04-Aug-2026,John Lin,Email Available,john.lin901@outlook.com,Classic Cotton T-Shirt,Apparel,TSH-BLK-L,1,$14.99,,$0.00,$4.99,$19.98,Normal,Google Pay,Facebook,fulfilled,United States,Florida,Valid,Vincentchester
#1452,04-Aug-2026,Christopher Hayes,Email Available,christopher.hayes809@icloud.com,Backpack - 25L,Accessories,ACC-BPK-25L,1,$32.99,VIP15,$4.95,$7.99,$36.03,Normal,Shopify Payments,Facebook,refunded,United States,Texas,Valid,Lake Cynthiafort
#1453,04-Aug-2026,Laura Pruitt,Email Available,laura.pruitt212@yahoo.com,Non-Stick Frying Pan 10in,Home & Kitchen,HK-PAN-10,1,$24.99,WELCOME10,$2.50,$7.99,$30.48,Normal,Apple Pay,Online Store,pending,United States,Texas,Valid,East Amberbury
#1454,04-Aug-2026,Angela Carr,Email Available,angela.carr488@yahoo.com,Adjustable Dumbbell Set,Sports & Outdoors,SP-DMB-ADJ,2,$89.99,,$0.00,$0.00,$179.98,Outlier,Credit Card,POS,pending,United States,New York,Valid,Maddoxborough
#1455,04-Aug-2026,Samuel Padilla,Email Available,samuel.padilla79@gmail.com,Scented Soy Candle - Vanilla,Home & Kitchen,HK-CND-VAN,2,$9.99,,$0.00,$5.99,$25.97,Normal,Apple Pay,Instagram,fulfilled,United States,California,Valid,Henryview
#1456,04-Aug-2026,Kristopher Barnett,Email Available,kristopher.barnett178@outlook.com,Yoga Mat - Extra Thick,Sports & Outdoors,SP-YGM-EX,1,$22.99,SAVE20,$4.60,$4.99,$23.38,Normal,Apple Pay,Online Store,refunded,Australia,,Not Required,South Lisaberg
#1457,04-Aug-2026,Anthony Mullen,Email Available,anthony.mullen523@yahoo.com,Polarized Sunglasses,Accessories,ACC-SUN-01,1,$16.99,,$0.00,$7.99,$24.98,Normal,Shopify Payments,Online Store,fulfilled,United States,New York,Valid,Alisonville
#1458,04-Aug-2026,Alan Davis,Email Available,alan.davis483@icloud.com,Adjustable Dumbbell Set,Sports & Outdoors,SP-DMB-ADJ,1,$89.99,SAVE20,$18.00,$0.00,$71.99,Normal,Apple Pay,Online Store,refunded,Canada,,Not Required,West Debraland
#1459,04-Aug-2026,Karen Bautista,Email Available,karen.bautista779@icloud.com,Kids Building Blocks Set,Toys,TOY-BLK-SET,1,$27.99,,$0.00,$4.99,$32.98,Normal,Shopify Payments,Online Store,fulfilled,United States,Illinois,Valid,Nicholsonshire
#1460,04-Aug-2026,Timothy Maldonado,Email Available,timothy.maldonado551@gmail.com,Running Shoes - Women's,Footwear,FTW-RUN-W,1,$54.99,BFCM25,$13.75,$4.99,$46.23,Normal,Shopify Payments,Online Store,cancelled,United States,Florida,Valid,Simpsonburgh
#1461,04-Aug-2026,Matthew Newman,Email Available,matthew.newman714@gmail.com,Resistance Bands Set,Sports & Outdoors,SP-RBS-SET,1,$13.99,WELCOME10,$1.40,$4.99,$17.58,Normal,Shopify Payments,Online Store,fulfilled,Germany,,Not Required,Michaelborough
#1462,04-Aug-2026,Megan Herman,Email Available,megan.herman268@yahoo.com,Kids Building Blocks Set,Toys,TOY-BLK-SET,1,$27.99,,$0.00,$5.99,$33.98,Normal,Credit Card,Online Store,refunded,United States,Georgia,Valid,Ingramfurt
#1463,04-Aug-2026,"Conway, Brittney",Email Available,brittney.conway383@outlook.com,Yoga Mat - Extra Thick,Sports & Outdoors,SP-YGM-EX,2,$22.99,,$0.00,$7.99,$53.97,Normal,Apple Pay,Online Store,fulfilled,United States,Texas,Valid,North Nathan
#1464,04-Aug-2026,Melinda Henderson,Email Available,melinda.henderson831@gmail.com,Running Shoes - Men's,Footwear,FTW-RUN-M,1,$54.99,,$0.00,$5.99,$60.98,Normal,Shopify Payments,Instagram,pending,United Kingdom,,Not Required,New Scottberg
#1465,04-Aug-2026,Dustin Ward,Email Available,dustin.ward756@icloud.com,Backpack - 25L,Accessories,ACC-BPK-25L,1,$32.99,,$0.00,$4.99,$37.98,Normal,Credit Card,Online Store,fulfilled,United States,Illinois,Valid,Lake Lindaborough
#1466,04-Aug-2026,Joshua Miller,Email Available,joshua.miller362@gmail.com,Portable Power Bank 10000mAh,Electronics,ELC-PWB-10K,1,$21.99,,$0.00,$7.99,$29.98,Normal,Shopify Payments,Instagram,cancelled,Canada,,Not Required,Ramirezland
#1467,04-Aug-2026,Jeremy Tucker,Email Available,jeremy.tucker26@yahoo.com,Scented Soy Candle - Vanilla,Home & Kitchen,HK-CND-VAN,1,$9.99,,$0.00,$4.99,$14.98,Normal,Google Pay,Facebook,cancelled,United States,North Carolina,Valid,Hayleychester
#1468,04-Aug-2026,Donald Davis,Email Available,donald.davis404@icloud.com,Wireless Bluetooth Earbuds,Electronics,ELC-WBE-01,1,$29.99,,$0.00,$5.99,$35.98,Normal,PayPal,Online Store,cancelled,Canada,,Not Required,Lawrenceton
#1469,04-Aug-2026,Melissa Thompson,Email Available,melissa.thompson241@yahoo.com,Running Shoes - Men's,Footwear,FTW-RUN-M,1,$54.99,,$0.00,$4.99,$59.98,Normal,Shopify Payments,Online Store,fulfilled,United States,Florida,Valid,Noblehaven
#1470,04-Aug-2026,Angela Carr,Email Available,angela.carr488@yahoo.com,Scented Soy Candle - Vanilla,Home & Kitchen,HK-CND-VAN,1,$9.99,SAVE20,$2.00,$7.99,$15.98,Normal,Credit Card,Online Store,fulfilled,United States,Canada,Valid,New Jennifer
#1471,04-Aug-2026,Heather Davis,Email Available,heather.davis117@icloud.com,Hooded Sweatshirt,Apparel,APR-HOD-GRY,2,$34.99,,$0.00,$7.99,$77.97,Normal,Apple Pay,POS,refunded,Germany,,Not Required,Richardsonchester
#1472,04-Aug-2026,Christy Phillips,Email Available,christy.phillips291@gmail.com,Hooded Sweatshirt,Apparel,APR-HOD-GRY,1,$34.99,VIP15,$5.25,$7.99,$37.73,Normal,Apple Pay,POS,cancelled,Pakistan,,Not Required,New Claire
#1473,04-Aug-2026,Kayla Cruz,Email Available,kayla.cruz151@outlook.com,USB-C Fast Charger 20W,Electronics,ELC-CHG-20,2,$15.49,SAVE20,$6.20,$5.99,$30.77,Normal,PayPal,Instagram,pending,Pakistan,,Not Required,New Blake
#1474,04-Aug-2026,Sarah Williams,Missing Email,,Yoga Mat - Extra Thick,Sports & Outdoors,SP-YGM-EX,1,$22.99,SAVE20,$4.60,$5.99,$24.38,Normal,Google Pay,Online Store,cancelled,Canada,,Not Required,Port Amy
#1475,04-Aug-2026,Walter Rodriguez,Email Available,walter.rodriguez829@gmail.com,Facial Cleanser 200ml,Beauty,BTY-CLN-200,3,$13.49,SAVE20,$8.09,$5.99,$38.37,Normal,Shopify Payments,Facebook,fulfilled,Australia,,Not Required,North Emilyshire
#1476,04-Aug-2026,Lauren Nguyen,Email Available,lauren.nguyen819@outlook.com,Leather Wallet - Brown,Accessories,ACC-WLT-BRN,1,$19.99,WELCOME10,$2.00,$7.99,$25.98,Normal,Apple Pay,POS,fulfilled,United Kingdom,,Not Required,Garzachester
#1477,04-Aug-2026,Natalie Roberts,Email Available,natalie.roberts628@yahoo.com,USB-C Fast Charger 20W,Electronics,ELC-CHG-20,1,$15.49,,$0.00,$7.99,$23.48,Normal,Google Pay,POS,cancelled,United States,Illinois,Valid,West Coryhaven
#1478,04-Aug-2026,Christopher Harris,Email Available,christopher.harris618@yahoo.com,Vitamin C Serum 30ml,Beauty,BTY-SRM-30,2,$24.99,,$0.00,$5.99,$55.97,Normal,Apple Pay,Facebook,pending,Australia,,Not Required,Wayneburgh
#1479,04-Aug-2026,Angel Clark,Email Available,angel.clark280@yahoo.com,Running Shoes - Men's,Footwear,FTW-RUN-M,2,$54.99,VIP15,$16.50,$0.00,$93.48,Outlier,Apple Pay,Instagram,pending,Germany,,Not Required,Davidshire
#1480,04-Aug-2026,Monique Bowman,Email Available,monique.bowman430@gmail.com,Adjustable Dumbbell Set,Sports & Outdoors,SP-DMB-ADJ,4,$89.99,VIP15,$53.99,$0.00,$305.97,Outlier,Apple Pay,Online Store,fulfilled,United States,Washington,Valid,Julieburgh
#1481,04-Aug-2026,Corey Hudson,Email Available,corey.hudson168@gmail.com,Wireless Bluetooth Earbuds,Electronics,ELC-WBE-01,1,$29.99,WELCOME10,$3.00,$4.99,$31.98,Normal,Google Pay,POS,fulfilled,United States,California,Valid,Margaretchester
#1482,04-Aug-2026,Natalie Dixon,Email Available,natalie.dixon388@outlook.com,Non-Stick Frying Pan 10in,Home & Kitchen,HK-PAN-10,1,$24.99,VIP15,$3.75,$5.99,$27.23,Normal,Credit Card,Instagram,refunded,United States,Florida,Valid,Kristinastad
#1483,04-Aug-2026,Megan Herman,Missing Email,,Slim Fit Denim Jeans,Apparel,JNS-BLU-32,1,$39.99,,$0.00,$5.99,$45.98,Normal,Google Pay,Online Store,fulfilled,United States,Ohio,Valid,Port Katie
#1484,04-Aug-2026,Carrie Boyd,Email Available,carrie.boyd968@gmail.com,Facial Cleanser 200ml,Beauty,BTY-CLN-200,2,$13.49,VIP15,$4.05,$4.99,$27.92,Normal,Shopify Payments,Facebook,pending,United States,Washington,Valid,Lake Jeff
#1485,04-Aug-2026,Amanda Harris,Missing Email,,Scented Soy Candle - Vanilla,Home & Kitchen,HK-CND-VAN,1,$9.99,FREESHIP,$0.00,$0.00,$9.99,Normal,PayPal,Facebook,fulfilled,United States,Florida,Valid,East Stacyfurt
#1486,04-Aug-2026,Glenn Smith,Email Available,glenn.smith305@gmail.com,Leather Wallet - Brown,Accessories,ACC-WLT-BRN,3,$19.99,FREESHIP,$0.00,$0.00,$59.97,Normal,PayPal,POS,fulfilled,Canada,,Not Required,Markport
#1487,04-Aug-2026,Eric Golden,Email Available,eric.golden379@outlook.com,Classic Cotton T-Shirt,Apparel,TSH-BLK-M,1,$14.99,BFCM25,$3.75,$7.99,$19.23,Normal,Google Pay,Online Store,pending,United States,New York,Valid,South Rachelmouth
#1488,04-Aug-2026,John Carson,Email Available,john.carson203@yahoo.com,Yoga Mat - Extra Thick,Sports & Outdoors,SP-YGM-EX,1,$22.99,,$0.00,$5.99,$28.98,Normal,Credit Card,Online Store,fulfilled,United States,California,Valid,New Colleenberg
#1489,04-Aug-2026,Daniel Parsons,Email Available,daniel.parsons636@gmail.com,Ceramic Coffee Mug Set (4pc),Home & Kitchen,HK-MUG-4PK,1,$18.99,WELCOME10,$1.90,$7.99,$25.08,Normal,Apple Pay,Instagram,fulfilled,United States,New York,Valid,Johnborough
#1490,04-Aug-2026,Sandra Wilson,Email Available,sandra.wilson840@outlook.com,Portable Power Bank 10000mAh,Electronics,ELC-PWB-10K,3,$21.99,,$0.00,$4.99,$70.96,Normal,PayPal,Online Store,fulfilled,United States,Canada,Valid,Owenside
#1491,04-Aug-2026,Stacy Webb,Email Available,stacy.webb586@yahoo.com,Stainless Steel Water Bottle,Home & Kitchen,HK-BTL-750,1,$12.99,WELCOME10,$1.30,$7.99,$19.68,Normal,Credit Card,Instagram,fulfilled,United States,Florida,Valid,East Alexis
#1492,04-Aug-2026,Taylor Lee,Email Available,taylor.lee613@gmail.com,Throw Blanket - Fleece,Home & Kitchen,HK-BLK-FLC,1,$17.99,,$0.00,$7.99,$25.98,Normal,Google Pay,Online Store,cancelled,United Kingdom,,Not Required,Dawnville
#1493,04-Aug-2026,Jesus Mason,Email Available,jesus.mason798@icloud.com,Non-Stick Frying Pan 10in,Home & Kitchen,HK-PAN-10,3,$24.99,,$0.00,$7.99,$82.96,Outlier,Google Pay,POS,fulfilled,United States,California,Valid,Carriestad
#1494,04-Aug-2026,Lauren Nguyen,Email Available,lauren.nguyen819@outlook.com,Non-Stick Frying Pan 10in,Home & Kitchen,HK-PAN-10,1,$24.99,,$0.00,$7.99,$32.98,Normal,Apple Pay,Facebook,fulfilled,United Kingdom,,Not Required,Kaylastad
#1495,04-Aug-2026,Dustin Mccoy,Email Available,dustin.mccoy570@gmail.com,Adjustable Dumbbell Set,Sports & Outdoors,SP-DMB-ADJ,1,$89.99,,$0.00,$0.00,$89.99,Outlier,Credit Card,Online Store,fulfilled,Canada,,Not Required,Port David
#1496,04-Aug-2026,Chad Smith,Email Available,chad.smith773@icloud.com,Wireless Bluetooth Earbuds,Electronics,ELC-WBE-01,2,$29.99,,$0.00,$7.99,$67.97,Normal,Credit Card,Online Store,fulfilled,Pakistan,,Not Required,East Jasonshire
#1497,04-Aug-2026,Joshua Owens,Email Available,joshua.owens56@icloud.com,Non-Stick Frying Pan 10in,Home & Kitchen,HK-PAN-10,1,$24.99,FREESHIP,$0.00,$0.00,$24.99,Normal,PayPal,Online Store,pending,United States,Washington,Valid,Margarethaven
#1498,04-Aug-2026,Sarah Mendoza,Email Available,sarah.mendoza691@outlook.com,Classic Cotton T-Shirt,Apparel,TSH-BLK-M,1,$14.99,SAVE20,$3.00,$4.99,$16.98,Normal,PayPal,Online Store,fulfilled,United States,North Carolina,Valid,Vincentview
#1499,04-Aug-2026,Monica Becker,Email Available,monica.becker291@outlook.com,Kids Building Blocks Set,Toys,TOY-BLK-SET,1,$27.99,,$0.00,$7.99,$35.98,Normal,PayPal,POS,fulfilled,Canada,,Not Required,North Terry
#1500,04-Aug-2026,Joshua Medina,Email Available,joshua.medina38@yahoo.com,Slim Fit Denim Jeans,Apparel,JNS-BLU-32,1,$39.99,,$0.00,$7.99,$47.98,Normal,Apple Pay,Online Store,fulfilled,United Kingdom,,Not Required,Port James
#1501,04-Aug-2026,Darin Alvarez,Email Available,darin.alvarez843@gmail.com,Resistance Bands Set,Sports & Outdoors,SP-RBS-SET,2,$13.99,SAVE20,$5.60,$7.99,$30.37,Normal,Apple Pay,Facebook,fulfilled,Canada,,Not Required,East Taylorfurt
#1502,04-Aug-2026,"Davis, Heather",Email Available,heather.davis117@icloud.com,Classic Cotton T-Shirt,Apparel,TSH-BLK-L,3,$14.99,,$0.00,$4.99,$49.96,Normal,Credit Card,Instagram,fulfilled,Germany,,Not Required,Starkhaven
#1503,04-Aug-2026,Frank White,Email Available,frank.white670@icloud.com,Hooded Sweatshirt,Apparel,APR-HOD-GRY,1,$34.99,,$0.00,$4.99,$39.98,Normal,Apple Pay,Online Store,fulfilled,United States,Ohio,Valid,Markchester
#1504,04-Aug-2026,"Williams, Tyler",Email Available,tyler.williams938@outlook.com,Non-Stick Frying Pan 10in,Home & Kitchen,HK-PAN-10,1,$24.99,WELCOME10,$2.50,$4.99,$27.48,Normal,Shopify Payments,Online Store,fulfilled,Australia,,Not Required,Wallaceberg
#1505,04-Aug-2026,Tina Singh,Email Available,tina.singh98@icloud.com,Kids Building Blocks Set,Toys,TOY-BLK-SET,1,$27.99,SAVE20,$5.60,$4.99,$27.38,Normal,Shopify Payments,Online Store,fulfilled,United States,Florida,Valid,Johnside
#1506,04-Aug-2026,Patrick Richardson,Email Available,patrick.richardson270@icloud.com,Resistance Bands Set,Sports & Outdoors,SP-RBS-SET,2,$13.99,SAVE20,$5.60,$7.99,$30.37,Normal,Apple Pay,Online Store,fulfilled,United States,Ohio,Valid,New Stephen
#1507,04-Aug-2026,Christopher Harrington,Email Available,christopher.harrington960@gmail.com,Facial Cleanser 200ml,Beauty,BTY-CLN-200,1,$13.49,,$0.00,$4.99,$18.48,Normal,PayPal,Instagram,fulfilled,Australia,,Not Required,Lake Joseview
#1508,04-Aug-2026,PETER ALVAREZ,Email Available,peter.alvarez465@yahoo.com,Classic Cotton T-Shirt,Apparel,TSH-BLK-L,2,$14.99,,$0.00,$4.99,$34.97,Normal,Apple Pay,Online Store,fulfilled,United States,Florida,Valid,Port Rebecca
#1509,04-Aug-2026,Joshua Miller,Email Available,joshua.miller362@gmail.com,Polarized Sunglasses,Accessories,ACC-SUN-01,1,$16.99,WELCOME10,$1.70,$5.99,$21.28,Normal,Google Pay,Online Store,cancelled,Canada,,Not Required,Lake Andrewbury
#1510,04-Aug-2026,Bryan Smith,Email Available,bryan.smith876@yahoo.com,Stainless Steel Water Bottle,Home & Kitchen,HK-BTL-750,1,$12.99,BFCM25,$3.25,$4.99,$14.73,Normal,Shopify Payments,Online Store,fulfilled,United States,North Carolina,Valid,Davidfurt
#1511,04-Aug-2026,Alec Chambers,Email Available,alec.chambers767@outlook.com,Phone Case - Clear,Electronics,ELC-CSE-CLR,1,$8.99,,$0.00,$5.99,$14.98,Normal,Apple Pay,Facebook,fulfilled,Canada,,Not Required,Loganmouth
#1512,04-Aug-2026,Darin Alvarez,Email Available,darin.alvarez843@gmail.com,Ceramic Coffee Mug Set (4pc),Home & Kitchen,HK-MUG-4PK,1,$18.99,BFCM25,$4.75,$7.99,$22.23,Normal,Shopify Payments,POS,pending,Canada,,Not Required,North Alicia
#1513,04-Aug-2026,Ian Morris,Email Available,ian.morris90@outlook.com,Throw Blanket - Fleece,Home & Kitchen,HK-BLK-FLC,3,$17.99,,$0.00,$4.99,$58.96,Normal,Credit Card,Facebook,fulfilled,Pakistan,,Not Required,West Nancybury
#1514,04-Aug-2026,Michael Perez,Email Available,michael.perez206@gmail.com,Ceramic Coffee Mug Set (4pc),Home & Kitchen,HK-MUG-4PK,1,$18.99,FREESHIP,$0.00,$0.00,$18.99,Normal,PayPal,Online Store,fulfilled,Germany,,Not Required,East Timothybury
#1515,04-Aug-2026,Joshua Chavez,Email Available,joshua.chavez332@outlook.com,Yoga Mat - Extra Thick,Sports & Outdoors,SP-YGM-EX,1,$22.99,VIP15,$3.45,$5.99,$25.53,Normal,Shopify Payments,Online Store,fulfilled,United States,Washington,Valid,Lake Rebecca
#1516,04-Aug-2026,Jessica Garcia,Email Available,jessica.garcia931@gmail.com,Kids Building Blocks Set,Toys,TOY-BLK-SET,1,$27.99,,$0.00,$4.99,$32.98,Normal,Credit Card,Instagram,fulfilled,United States,Washington,Valid,West Bridget
#1517,04-Aug-2026,Justin Mcguire,Email Available,justin.mcguire224@icloud.com,Resistance Bands Set,Sports & Outdoors,SP-RBS-SET,1,$13.99,,$0.00,$4.99,$18.98,Normal,Google Pay,Online Store,pending,United States,Georgia,Valid,Lake Lisa
#1518,04-Aug-2026,Andrea Martinez,Email Available,andrea.martinez756@yahoo.com,Running Shoes - Women's,Footwear,FTW-RUN-W,1,$54.99,WELCOME10,$5.50,$4.99,$54.48,Normal,Shopify Payments,Facebook,fulfilled,Australia,,Not Required,Williamsport
#1519,04-Aug-2026,Carrie White,Email Available,carrie.white846@gmail.com,Slim Fit Denim Jeans,Apparel,JNS-BLU-32,2,$39.99,BFCM25,$20.00,$0.00,$59.98,Normal,Shopify Payments,Online Store,fulfilled,United Kingdom,,Not Required,Ethanland
#1520,04-Aug-2026,Lisa Williams,Email Available,lisa.williams715@yahoo.com,Running Shoes - Women's,Footwear,FTW-RUN-W,3,$54.99,BFCM25,$41.24,$0.00,$123.73,Outlier,PayPal,Instagram,pending,United States,Ohio,Valid,Denniston
#1521,04-Aug-2026,Peter Alvarez,Email Available,peter.alvarez465@yahoo.com,Phone Case - Clear,Electronics,ELC-CSE-CLR,2,$8.99,,$0.00,$5.99,$23.97,Normal,Google Pay,Online Store,fulfilled,United States,Arizona,Valid,Perezhaven
#1522,04-Aug-2026,Jose Ingram,Email Available,jose.ingram37@gmail.com,Adjustable Dumbbell Set,Sports & Outdoors,SP-DMB-ADJ,1,$89.99,SAVE20,$18.00,$0.00,$71.99,Normal,Credit Card,Online Store,cancelled,United States,Texas,Valid,Lake Corey
#1523,04-Aug-2026,Amy Barnett,Email Available,amy.barnett396@icloud.com,Slim Fit Denim Jeans,Apparel,JNS-BLU-32,1,$39.99,SAVE20,$8.00,$5.99,$37.98,Normal,Google Pay,Online Store,pending,Pakistan,,Not Required,Jeffreyfort
#1524,04-Aug-2026,Megan Herman,Email Available,megan.herman268@yahoo.com,Throw Blanket - Fleece,Home & Kitchen,HK-BLK-FLC,1,$17.99,,$0.00,$7.99,$25.98,Normal,PayPal,Facebook,fulfilled,United States,Arizona,Valid,Port Sheri
#1525,04-Aug-2026,Vincent Rosales,Email Available,vincent.rosales30@icloud.com,Scented Soy Candle - Vanilla,Home & Kitchen,HK-CND-VAN,1,$9.99,BFCM25,$2.50,$7.99,$15.48,Normal,Google Pay,Online Store,fulfilled,United States,New York,Valid,West Sethport
#1526,04-Aug-2026,Michael Perez,Email Available,michael.perez206@gmail.com,Kids Building Blocks Set,Toys,TOY-BLK-SET,2,$27.99,VIP15,$8.40,$7.99,$55.57,Normal,PayPal,Online Store,fulfilled,Germany,,Not Required,New Danny
#1527,04-Aug-2026,Ian Morris,Email Available,ian.morris90@outlook.com,Polarized Sunglasses,Accessories,ACC-SUN-01,1,$16.99,WELCOME10,$1.70,$7.99,$23.28,Normal,PayPal,Online Store,fulfilled,Pakistan,,Not Required,New Benjamin
#1528,04-Aug-2026,Nicole Taylor,Email Available,nicole.taylor607@icloud.com,Resistance Bands Set,Sports & Outdoors,SP-RBS-SET,1,$13.99,,$0.00,$5.99,$19.98,Normal,Google Pay,Instagram,refunded,United States,Florida,Valid,Phillipsmouth
#1529,04-Aug-2026,William Houston,Email Available,william.houston340@outlook.com,Classic Cotton T-Shirt,Apparel,TSH-BLK-M,2,$14.99,BFCM25,$7.50,$4.99,$27.47,Normal,Credit Card,Instagram,fulfilled,United States,Arizona,Valid,Glovermouth
#1530,04-Aug-2026,Logan Fox,Email Available,logan.fox165@gmail.com,Running Shoes - Women's,Footwear,FTW-RUN-W,1,$54.99,,$0.00,$5.99,$60.98,Normal,Google Pay,POS,fulfilled,Australia,,Not Required,East Sheila
#1531,04-Aug-2026,Julie Hoffman,Email Available,julie.hoffman913@gmail.com,Polarized Sunglasses,Accessories,ACC-SUN-01,2,$16.99,FREESHIP,$0.00,$0.00,$33.98,Normal,Credit Card,Instagram,fulfilled,United States,Washington,Valid,Gallaghermouth
#1532,04-Aug-2026,Timothy Sanchez,Email Available,timothy.sanchez728@gmail.com,Running Shoes - Men's,Footwear,FTW-RUN-M,1,$54.99,WELCOME10,$5.50,$5.99,$55.48,Normal,Apple Pay,POS,fulfilled,United States,Illinois,Valid,North Joseph
#1533,04-Aug-2026,Tyler Williams,Email Available,tyler.williams938@outlook.com,Hooded Sweatshirt,Apparel,APR-HOD-GRY,3,$34.99,VIP15,$15.75,$0.00,$89.22,Outlier,Google Pay,Online Store,fulfilled,Australia,,Not Required,Lake Monicaville
#1534,04-Aug-2026,Brian Shaffer,Email Available,brian.shaffer90@yahoo.com,USB-C Fast Charger 20W,Electronics,ELC-CHG-20,2,$15.49,,$0.00,$4.99,$35.97,Normal,PayPal,Instagram,pending,United States,New York,Valid,North Robert
#1535,04-Aug-2026,Joshua Thompson,Email Available,joshua.thompson522@outlook.com,USB-C Fast Charger 20W,Electronics,ELC-CHG-20,1,$15.49,,$0.00,$7.99,$23.48,Normal,Shopify Payments,Online Store,fulfilled,Pakistan,,Not Required,West Sean
#1536,04-Aug-2026,Nicholas Jarvis,Email Available,nicholas.jarvis112@icloud.com,Resistance Bands Set,Sports & Outdoors,SP-RBS-SET,1,$13.99,SAVE20,$2.80,$7.99,$19.18,Normal,Shopify Payments,POS,pending,Canada,,Not Required,Angelatown
#1537,04-Aug-2026,Dustin Mccoy,Email Available,dustin.mccoy570@gmail.com,Yoga Mat - Extra Thick,Sports & Outdoors,SP-YGM-EX,2,$22.99,,$0.00,$5.99,$51.97,Normal,Credit Card,POS,fulfilled,Canada,,Not Required,Morrisfurt
#1538,04-Aug-2026,Maria Leon,Email Available,maria.leon163@outlook.com,Hooded Sweatshirt,Apparel,APR-HOD-GRY,2,$34.99,FREESHIP,$0.00,$0.00,$69.98,Normal,Apple Pay,Instagram,fulfilled,Canada,,Not Required,Gonzalezfort
#1539,04-Aug-2026,Gerald Li,Email Available,gerald.li856@icloud.com,USB-C Fast Charger 20W,Electronics,ELC-CHG-20,1,$15.49,,$0.00,$4.99,$20.48,Normal,PayPal,Facebook,pending,United States,Florida,Valid,North Randymouth
#1540,04-Aug-2026,Natalie Dixon,Email Available,natalie.dixon388@outlook.com,Leather Wallet - Brown,Accessories,ACC-WLT-BRN,1,$19.99,VIP15,$3.00,$4.99,$21.98,Normal,Google Pay,Online Store,refunded,United States,Canada,Valid,Port Richardfurt
#1541,04-Aug-2026,Amanda Robinson,Email Available,amanda.robinson263@icloud.com,Kids Building Blocks Set,Toys,TOY-BLK-SET,2,$27.99,,$0.00,$4.99,$60.97,Normal,Credit Card,Online Store,fulfilled,United States,Florida,Valid,Lake Allenburgh
#1542,04-Aug-2026,Megan Dickson,Email Available,megan.dickson508@gmail.com,Polarized Sunglasses,Accessories,ACC-SUN-01,1,$16.99,WELCOME10,$1.70,$5.99,$21.28,Normal,Apple Pay,Online Store,fulfilled,United Kingdom,,Not Required,Port Darrylville
#1543,04-Aug-2026,,Email Available,samuel.smith76@outlook.com,Adjustable Dumbbell Set,Sports & Outdoors,SP-DMB-ADJ,3,$89.99,,$0.00,$0.00,$269.97,Outlier,Credit Card,Online Store,fulfilled,United Kingdom,,Not Required,South Andrewmouth
#1544,04-Aug-2026,Nancy Williams,Email Available,nancy.williams148@outlook.com,Throw Blanket - Fleece,Home & Kitchen,HK-BLK-FLC,1,$17.99,,$0.00,$4.99,$22.98,Normal,PayPal,POS,pending,United States,Georgia,Valid,North Austin
#1545,04-Aug-2026,Alec Chambers,Email Available,alec.chambers767@outlook.com,Scented Soy Candle - Vanilla,Home & Kitchen,HK-CND-VAN,1,$9.99,SAVE20,$2.00,$7.99,$15.98,Normal,Credit Card,Online Store,fulfilled,Canada,,Not Required,Shawnton
#1546,04-Aug-2026,Kenneth Coleman,Email Available,kenneth.coleman447@icloud.com,Kids Building Blocks Set,Toys,TOY-BLK-SET,1,$27.99,FREESHIP,$0.00,$0.00,$27.99,Normal,Google Pay,POS,fulfilled,United States,California,Valid,New Amy
#1547,04-Aug-2026,Nicholas Parker,Email Available,nicholas.parker656@yahoo.com,Classic Cotton T-Shirt,Apparel,TSH-BLK-L,1,$14.99,,$0.00,$5.99,$20.98,Normal,Apple Pay,POS,fulfilled,United States,New York,Valid,East Carla
#1548,04-Aug-2026,Timothy Maldonado,Email Available,timothy.maldonado551@gmail.com,Non-Stick Frying Pan 10in,Home & Kitchen,HK-PAN-10,2,$24.99,SAVE20,$10.00,$5.99,$45.97,Normal,Credit Card,Online Store,refunded,United States,California,Valid,Andrewfurt
#1549,04-Aug-2026,Aaron Thompson,Email Available,aaron.thompson601@yahoo.com,Yoga Mat - Extra Thick,Sports & Outdoors,SP-YGM-EX,1,$22.99,FREESHIP,$0.00,$0.00,$22.99,Normal,PayPal,Online Store,pending,Canada,,Not Required,West Kevin
#1550,04-Aug-2026,Samantha Robinson,Email Available,samantha.robinson35@icloud.com,Kids Building Blocks Set,Toys,TOY-BLK-SET,1,$27.99,BFCM25,$7.00,$5.99,$26.98,Normal,Apple Pay,Instagram,pending,Australia,,Not Required,Angelastad
#1551,04-Aug-2026,Gerald Li,Email Available,gerald.li856@icloud.com,Yoga Mat - Extra Thick,Sports & Outdoors,SP-YGM-EX,1,$22.99,SAVE20,$4.60,$4.99,$23.38,Normal,Apple Pay,Online Store,fulfilled,United States,Arizona,Valid,Lake Brittanymouth
#1552,04-Aug-2026,Amanda Harris,Email Available,amanda.harris197@gmail.com,Slim Fit Denim Jeans,Apparel,JNS-BLU-32,1,$39.99,BFCM25,$10.00,$4.99,$34.98,Normal,Credit Card,Facebook,pending,United States,California,Valid,Port Lisa
#1553,04-Aug-2026,SETH PRICE,Email Available,seth.price179@gmail.com,Scented Soy Candle - Vanilla,Home & Kitchen,HK-CND-VAN,1,$9.99,,$0.00,$7.99,$17.98,Normal,PayPal,Online Store,fulfilled,United States,Texas,Valid,Port Kimberlyborough
#1554,04-Aug-2026,Kiara Burke,Email Available,kiara.burke246@yahoo.com,Throw Blanket - Fleece,Home & Kitchen,HK-BLK-FLC,2,$17.99,SAVE20,$7.20,$5.99,$34.77,Normal,Shopify Payments,Instagram,fulfilled,Germany,,Not Required,Port James
#1555,04-Aug-2026,Samantha Robinson,Email Available,samantha.robinson35@icloud.com,Resistance Bands Set,Sports & Outdoors,SP-RBS-SET,2,$13.99,,$0.00,$5.99,$33.97,Normal,Apple Pay,Online Store,pending,Australia,,Not Required,Lake Kaylee
#1556,04-Aug-2026,Anthony Mullen,Email Available,anthony.mullen523@yahoo.com,Stainless Steel Water Bottle,Home & Kitchen,HK-BTL-750,1,$12.99,,$0.00,$7.99,$20.98,Normal,Apple Pay,POS,fulfilled,United States,Arizona,Valid,New Aaronfort
#1557,04-Aug-2026,Randy Wheeler,Email Available,randy.wheeler304@icloud.com,Wireless Bluetooth Earbuds,Electronics,ELC-WBE-01,1,$29.99,SAVE20,$6.00,$5.99,$29.98,Normal,Credit Card,Online Store,fulfilled,United States,North Carolina,Valid,East Nicole
#1558,04-Aug-2026,Frank White,Email Available,frank.white670@icloud.com,Running Shoes - Men's,Footwear,FTW-RUN-M,1,$54.99,VIP15,$8.25,$5.99,$52.73,Normal,Credit Card,Online Store,fulfilled,United States,Georgia,Valid,Port Cherylhaven
#1559,04-Aug-2026,Samuel Padilla,Email Available,samuel.padilla79@gmail.com,Classic Cotton T-Shirt,Apparel,TSH-BLK-L,1,$14.99,SAVE20,$3.00,$7.99,$19.98,Normal,Credit Card,Online Store,fulfilled,United States,Washington,Valid,Port Eileen
#1560,04-Aug-2026,Mary Garcia,Email Available,mary.garcia899@icloud.com,Classic Cotton T-Shirt,Apparel,TSH-BLK-M,1,$14.99,SAVE20,$3.00,$7.99,$19.98,Normal,PayPal,Online Store,fulfilled,Canada,,Not Required,South Jeremiah
#1561,04-Aug-2026,Sandra Wilson,Email Available,sandra.wilson554@outlook.com,Non-Stick Frying Pan 10in,Home & Kitchen,HK-PAN-10,1,$24.99,FREESHIP,$0.00,$0.00,$24.99,Normal,PayPal,POS,cancelled,Canada,,Not Required,Port Jordan
#1562,04-Aug-2026,Michael Hays,Email Available,michael.hays590@gmail.com,Backpack - 25L,Accessories,ACC-BPK-25L,1,$32.99,,$0.00,$5.99,$38.98,Normal,Shopify Payments,Online Store,fulfilled,United States,Ohio,Valid,Contrerasview
#1563,04-Aug-2026,Patricia Townsend,Email Available,patricia.townsend96@yahoo.com,Classic Cotton T-Shirt,Apparel,TSH-BLK-L,2,$14.99,FREESHIP,$0.00,$0.00,$29.98,Normal,Google Pay,Facebook,pending,United States,Florida,Valid,Reedmouth
#1564,04-Aug-2026,Nicholas Jarvis,Email Available,nicholas.jarvis112@icloud.com,Phone Case - Clear,Electronics,ELC-CSE-CLR,1,$8.99,,$0.00,$5.99,$14.98,Normal,Google Pay,Online Store,fulfilled,Canada,,Not Required,North Anthonyland
#1565,04-Aug-2026,Debbie Joseph,Email Available,debbie.joseph531@outlook.com,Backpack - 25L,Accessories,ACC-BPK-25L,3,$32.99,SAVE20,$19.79,$0.00,$79.18,Normal,PayPal,Online Store,refunded,United States,Illinois,Valid,Hoodberg
#1566,04-Aug-2026,Daniel Contreras,Email Available,daniel.contreras749@yahoo.com,Yoga Mat - Extra Thick,Sports & Outdoors,SP-YGM-EX,1,$22.99,VIP15,$3.45,$4.99,$24.53,Normal,PayPal,Online Store,fulfilled,Australia,,Not Required,West Philip
#1567,04-Aug-2026,Timothy Hodges,Email Available,timothy.hodges687@icloud.com,Running Shoes - Women's,Footwear,FTW-RUN-W,1,$54.99,VIP15,$8.25,$7.99,$54.73,Normal,Apple Pay,Instagram,fulfilled,Australia,,Not Required,Port Cynthia
#1568,04-Aug-2026,Heather Davis,Email Available,heather.davis117@icloud.com,Kids Building Blocks Set,Toys,TOY-BLK-SET,1,$27.99,SAVE20,$5.60,$7.99,$30.38,Normal,Apple Pay,POS,cancelled,Germany,,Not Required,East Katelynberg
#1569,04-Aug-2026,Robert Boyd,Email Available,robert.boyd184@yahoo.com,Portable Power Bank 10000mAh,Electronics,ELC-PWB-10K,1,$21.99,WELCOME10,$2.20,$5.99,$25.78,Normal,Google Pay,Online Store,pending,Canada,,Not Required,New Davidmouth
#1570,04-Aug-2026,"Rodriguez, Devon",Email Available,devon.rodriguez635@outlook.com,Vitamin C Serum 30ml,Beauty,BTY-SRM-30,1,$24.99,,$0.00,$7.99,$32.98,Normal,Apple Pay,Online Store,fulfilled,United States,North Carolina,Valid,New Joseph
#1571,04-Aug-2026,Shelly Griffith,Email Available,shelly.griffith342@icloud.com,Classic Cotton T-Shirt,Apparel,TSH-BLK-L,1,$14.99,WELCOME10,$1.50,$7.99,$21.48,Normal,Shopify Payments,Instagram,cancelled,Australia,,Not Required,West Stephanie
#1572,04-Aug-2026,Andrea Gallegos,Missing Email,,Running Shoes - Men's,Footwear,FTW-RUN-M,1,$54.99,FREESHIP,$0.00,$0.00,$54.99,Normal,PayPal,Online Store,pending,Germany,,Not Required,Ashleybury
#1573,04-Aug-2026,Samuel Padilla,Email Available,samuel.padilla79@gmail.com,Vitamin C Serum 30ml,Beauty,BTY-SRM-30,1,$24.99,,$0.00,$7.99,$32.98,Normal,Apple Pay,Online Store,cancelled,United States,North Carolina,Valid,Cameronport
#1574,04-Aug-2026,Brian Ruiz,Email Available,brian.ruiz246@gmail.com,Vitamin C Serum 30ml,Beauty,BTY-SRM-30,1,$24.99,,$0.00,$7.99,$32.98,Normal,Google Pay,Online Store,refunded,Germany,,Not Required,Ericchester
#1575,04-Aug-2026,Timothy Curry,Email Available,timothy.curry5@gmail.com,Scented Soy Candle - Vanilla,Home & Kitchen,HK-CND-VAN,1,$9.99,BFCM25,$2.50,$4.99,$12.48,Normal,Apple Pay,Instagram,refunded,United States,Ohio,Valid,Port Paigeview
#1576,04-Aug-2026,Kayla Lee,Email Available,kayla.lee278@yahoo.com,Vitamin C Serum 30ml,Beauty,BTY-SRM-30,2,$24.99,WELCOME10,$5.00,$5.99,$50.97,Normal,Shopify Payments,Online Store,fulfilled,United Kingdom,,Not Required,Edwardsmouth
#1577,04-Aug-2026,Megan Dickson,Email Available,megan.dickson508@gmail.com,Backpack - 25L,Accessories,ACC-BPK-25L,1,$32.99,,$0.00,$4.99,$37.98,Normal,Google Pay,Online Store,pending,United Kingdom,,Not Required,Deckerton
#1578,04-Aug-2026,Kimberly Johnson,Email Available,kimberly.johnson443@icloud.com,USB-C Fast Charger 20W,Electronics,ELC-CHG-20,1,$15.49,,$0.00,$5.99,$21.48,Normal,Google Pay,Facebook,fulfilled,Australia,,Not Required,Maryburgh
#1579,04-Aug-2026,Nicole Taylor,Missing Email,,Wireless Bluetooth Earbuds,Electronics,ELC-WBE-01,1,$29.99,,$0.00,$7.99,$37.98,Normal,Apple Pay,Facebook,fulfilled,United States,North Carolina,Valid,East Andrew
#1580,04-Aug-2026,Brian Ruiz,Email Available,brian.ruiz246@gmail.com,Non-Stick Frying Pan 10in,Home & Kitchen,HK-PAN-10,1,$24.99,WELCOME10,$2.50,$5.99,$28.48,Normal,PayPal,Facebook,fulfilled,Germany,,Not Required,Hermanbury
#1581,04-Aug-2026,Darin Alvarez,Email Available,darin.alvarez843@gmail.com,Polarized Sunglasses,Accessories,ACC-SUN-01,1,$16.99,BFCM25,$4.25,$7.99,$20.73,Normal,Shopify Payments,Online Store,refunded,Canada,,Not Required,Alanfort
#1582,04-Aug-2026,mary phillips,Missing Email,,Polarized Sunglasses,Accessories,ACC-SUN-01,2,$16.99,SAVE20,$6.80,$4.99,$32.17,Normal,Shopify Payments,POS,fulfilled,United States,New York,Valid,East Thomasview
#1583,04-Aug-2026,Joel Williams,Email Available,joel.williams850@gmail.com,Wireless Bluetooth Earbuds,Electronics,ELC-WBE-01,1,$29.99,,$0.00,$4.99,$34.98,Normal,Shopify Payments,Online Store,fulfilled,United States,Florida,Valid,Lake Marilyn
#1584,04-Aug-2026,Brian Ruiz,Email Available,brian.ruiz246@gmail.com,Resistance Bands Set,Sports & Outdoors,SP-RBS-SET,2,$13.99,,$0.00,$4.99,$32.97,Normal,Credit Card,Facebook,fulfilled,Germany,,Not Required,Leahfort
#1585,04-Aug-2026,Ronald Johnson,Email Available,ronald.johnson972@icloud.com,Resistance Bands Set,Sports & Outdoors,SP-RBS-SET,1,$13.99,SAVE20,$2.80,$4.99,$16.18,Normal,Credit Card,Online Store,fulfilled,Germany,,Not Required,Hamptonbury
#1586,04-Aug-2026,Kenneth Davis,Missing Email,,Running Shoes - Men's,Footwear,FTW-RUN-M,2,$54.99,SAVE20,$22.00,$0.00,$87.98,Outlier,Google Pay,POS,fulfilled,United States,New York,Valid,South Jeremyside
#1587,04-Aug-2026,Lauren Nguyen,Email Available,lauren.nguyen819@outlook.com,Resistance Bands Set,Sports & Outdoors,SP-RBS-SET,1,$13.99,,$0.00,$4.99,$18.98,Normal,Google Pay,Instagram,refunded,United Kingdom,,Not Required,Lake Ashley
#1588,04-Aug-2026,Thomas Rivera,Email Available,thomas.rivera720@yahoo.com,Facial Cleanser 200ml,Beauty,BTY-CLN-200,1,$13.49,,$0.00,$7.99,$21.48,Normal,Credit Card,Online Store,fulfilled,United States,California,Valid,East Scott
#1589,04-Aug-2026,Matthew Riley,Email Available,matthew.riley309@yahoo.com,Backpack - 25L,Accessories,ACC-BPK-25L,1,$32.99,,$0.00,$7.99,$40.98,Normal,Apple Pay,Online Store,refunded,Canada,,Not Required,Josehaven
#1590,04-Aug-2026,kaitlyn hernandez,Email Available,kaitlyn.hernandez192@gmail.com,Wireless Bluetooth Earbuds,Electronics,ELC-WBE-01,1,$29.99,WELCOME10,$3.00,$5.99,$32.98,Normal,Credit Card,Online Store,pending,Pakistan,,Not Required,Ianside
#1591,04-Aug-2026,Jesus Mason,Email Available,jesus.mason798@icloud.com,Ceramic Coffee Mug Set (4pc),Home & Kitchen,HK-MUG-4PK,1,$18.99,VIP15,$2.85,$4.99,$21.13,Normal,Credit Card,Facebook,fulfilled,United States,Georgia,Valid,Ramirezfurt
#1592,04-Aug-2026,Lisa Zuniga,Email Available,lisa.zuniga825@outlook.com,Classic Cotton T-Shirt,Apparel,TSH-BLK-L,2,$14.99,,$0.00,$7.99,$37.97,Normal,Shopify Payments,Online Store,refunded,Germany,,Not Required,Tyronemouth
#1593,04-Aug-2026,Sergio Turner,Email Available,sergio.turner744@outlook.com,Ceramic Coffee Mug Set (4pc),Home & Kitchen,HK-MUG-4PK,2,$18.99,BFCM25,$9.49,$4.99,$33.48,Normal,Apple Pay,POS,fulfilled,Germany,,Not Required,Angelaville
#1594,04-Aug-2026,Anthony Parker,Email Available,anthony.parker256@icloud.com,Backpack - 25L,Accessories,ACC-BPK-25L,2,$32.99,FREESHIP,$0.00,$0.00,$65.98,Normal,Google Pay,Online Store,pending,United Kingdom,,Not Required,Wallerland
#1595,04-Aug-2026,Angela Carr,Email Available,angela.carr488@yahoo.com,USB-C Fast Charger 20W,Electronics,ELC-CHG-20,1,$15.49,,$0.00,$4.99,$20.48,Normal,Google Pay,Online Store,fulfilled,United States,Washington,Valid,South Melissa
#1596,04-Aug-2026,Stephanie Mcdonald,Email Available,stephanie.mcdonald873@icloud.com,Ceramic Coffee Mug Set (4pc),Home & Kitchen,HK-MUG-4PK,1,$18.99,FREESHIP,$0.00,$0.00,$18.99,Normal,Google Pay,POS,fulfilled,Australia,,Not Required,Wilsonstad
#1597,04-Aug-2026,Omar Sanders,Email Available,omar.sanders208@outlook.com,Stainless Steel Water Bottle,Home & Kitchen,HK-BTL-750,1,$12.99,FREESHIP,$0.00,$0.00,$12.99,Normal,Shopify Payments,Facebook,fulfilled,United Kingdom,,Not Required,East Pamela
#1598,04-Aug-2026,Jennifer Burke,Email Available,jennifer.burke472@icloud.com,Stainless Steel Water Bottle,Home & Kitchen,HK-BTL-750,1,$12.99,WELCOME10,$1.30,$5.99,$17.68,Normal,Shopify Payments,Instagram,fulfilled,Pakistan,,Not Required,Banksshire
#1599,04-Aug-2026,Lauren Nguyen,Email Available,lauren.nguyen819@outlook.com,Wireless Mouse,Electronics,ELC-MSE-WL,2,$11.99,FREESHIP,$0.00,$0.00,$23.98,Normal,PayPal,Online Store,refunded,United Kingdom,,Not Required,East Aprilshire
#1600,04-Aug-2026,Jesus Mason,Email Available,jesus.mason798@icloud.com,Classic Cotton T-Shirt,Apparel,TSH-BLK-L,4,$14.99,,$0.00,$7.99,$67.95,Normal,Shopify Payments,POS,refunded,United States,California,Valid,Sarahmouth
#1601,04-Aug-2026,Tasha Morales,Email Available,tasha.morales378@outlook.com,Resistance Bands Set,Sports & Outdoors,SP-RBS-SET,1,$13.99,WELCOME10,$1.40,$5.99,$18.58,Normal,PayPal,Online Store,cancelled,United States,Arizona,Valid,New Katherine
#1602,04-Aug-2026,Sarah Hart,Email Available,sarah.hart267@yahoo.com,Portable Power Bank 10000mAh,Electronics,ELC-PWB-10K,1,$21.99,SAVE20,$4.40,$4.99,$22.58,Normal,Shopify Payments,Online Store,fulfilled,United Kingdom,,Not Required,Alexisville
#1603,04-Aug-2026,Timothy Hodges,Email Available,timothy.hodges687@icloud.com,Throw Blanket - Fleece,Home & Kitchen,HK-BLK-FLC,2,$17.99,,$0.00,$7.99,$43.97,Normal,PayPal,Facebook,fulfilled,Australia,,Not Required,Taylortown
#1604,04-Aug-2026,,Email Available,samuel.padilla79@gmail.com,Adjustable Dumbbell Set,Sports & Outdoors,SP-DMB-ADJ,1,$89.99,,$0.00,$0.00,$89.99,Outlier,Apple Pay,Online Store,fulfilled,United States,Washington,Valid,West Douglas
#1605,04-Aug-2026,Brady Garcia,Email Available,brady.garcia57@yahoo.com,Vitamin C Serum 30ml,Beauty,BTY-SRM-30,1,$24.99,WELCOME10,$2.50,$7.99,$30.48,Normal,Credit Card,POS,pending,Australia,,Not Required,Elliottchester
#1606,04-Aug-2026,Christopher Harrington,Email Available,christopher.harrington960@gmail.com,Polarized Sunglasses,Accessories,ACC-SUN-01,2,$16.99,FREESHIP,$0.00,$0.00,$33.98,Normal,Shopify Payments,Online Store,pending,Australia,,Not Required,Dalestad
#1607,04-Aug-2026,Brooke Crawford,Email Available,brooke.crawford896@outlook.com,Leather Wallet - Brown,Accessories,ACC-WLT-BRN,1,$19.99,,$0.00,$4.99,$24.98,Normal,Shopify Payments,Facebook,cancelled,Pakistan,,Not Required,Allentown
#1608,04-Aug-2026,Sara Hernandez,Email Available,sara.hernandez651@icloud.com,Classic Cotton T-Shirt,Apparel,TSH-BLK-L,1,$14.99,FREESHIP,$0.00,$0.00,$14.99,Normal,Shopify Payments,Online Store,cancelled,United States,New York,Valid,Port Valerie
#1609,04-Aug-2026,Taylor Davis,Missing Email,,Wireless Mouse,Electronics,ELC-MSE-WL,1,$11.99,,$0.00,$5.99,$17.98,Normal,PayPal,Instagram,refunded,United States,Florida,Valid,Baileyfort
#1610,04-Aug-2026,Brittney Conway,Email Available,brittney.conway383@outlook.com,Scented Soy Candle - Vanilla,Home & Kitchen,HK-CND-VAN,1,$9.99,,$0.00,$7.99,$17.98,Normal,PayPal,Online Store,refunded,United States,Florida,Valid,Sullivanside
#1611,04-Aug-2026,Michael Hays,Email Available,michael.hays590@gmail.com,Classic Cotton T-Shirt,Apparel,TSH-BLK-L,1,$14.99,VIP15,$2.25,$4.99,$17.73,Normal,Credit Card,Online Store,pending,United States,Texas,Valid,Leblanchaven
#1612,04-Aug-2026,Timothy Weaver,Email Available,timothy.weaver591@gmail.com,Leather Wallet - Brown,Accessories,ACC-WLT-BRN,2,$19.99,,$0.00,$7.99,$47.97,Normal,Apple Pay,POS,refunded,Australia,,Not Required,Billyton
#1613,04-Aug-2026,Amanda Rodriguez,Email Available,amanda.rodriguez770@yahoo.com,Hooded Sweatshirt,Apparel,APR-HOD-GRY,1,$34.99,,$0.00,$4.99,$39.98,Normal,PayPal,POS,pending,United States,Georgia,Valid,West Joseph
#1614,04-Aug-2026,Daniel Hill,Missing Email,,Classic Cotton T-Shirt,Apparel,TSH-BLK-L,1,$14.99,WELCOME10,$1.50,$4.99,$18.48,Normal,Apple Pay,Online Store,pending,Australia,,Not Required,Calvinshire
#1615,04-Aug-2026,Matthew Riley,Email Available,matthew.riley309@yahoo.com,Running Shoes - Men's,Footwear,FTW-RUN-M,1,$54.99,,$0.00,$4.99,$59.98,Normal,Shopify Payments,Instagram,pending,Canada,,Not Required,Millerton
#1616,04-Aug-2026,Heather Davis,Email Available,heather.davis117@icloud.com,Backpack - 25L,Accessories,ACC-BPK-25L,2,$32.99,,$0.00,$5.99,$71.97,Normal,PayPal,Facebook,refunded,Germany,,Not Required,Lake Jacob
#1617,04-Aug-2026,James Mason,Email Available,james.mason603@gmail.com,Scented Soy Candle - Vanilla,Home & Kitchen,HK-CND-VAN,2,$9.99,,$0.00,$4.99,$24.97,Normal,Apple Pay,POS,fulfilled,Pakistan,,Not Required,Williamsshire
#1618,04-Aug-2026,Christopher Martin,Email Available,christopher.martin10@gmail.com,Slim Fit Denim Jeans,Apparel,JNS-BLU-32,1,$39.99,FREESHIP,$0.00,$0.00,$39.99,Normal,Apple Pay,Online Store,fulfilled,United States,Florida,Valid,Brittanyburgh
#1619,04-Aug-2026,Peter Alvarez,Email Available,peter.alvarez465@yahoo.com,Phone Case - Clear,Electronics,ELC-CSE-CLR,1,$8.99,BFCM25,$2.25,$5.99,$12.73,Normal,Credit Card,Instagram,fulfilled,United States,Illinois,Valid,Vincentborough
#1620,04-Aug-2026,Darin Alvarez,Email Available,darin.alvarez843@gmail.com,USB-C Fast Charger 20W,Electronics,ELC-CHG-20,2,$15.49,WELCOME10,$3.10,$7.99,$35.87,Normal,Credit Card,Facebook,fulfilled,Canada,,Not Required,South Justin
#1621,04-Aug-2026,Ryan Jones,Email Available,ryan.jones314@gmail.com,Running Shoes - Women's,Footwear,FTW-RUN-W,3,$54.99,,$0.00,$0.00,$164.97,Outlier,Credit Card,Online Store,fulfilled,Australia,,Not Required,Mariaport
#1622,04-Aug-2026,Stephanie Mcgee,Email Available,stephanie.mcgee557@outlook.com,Hooded Sweatshirt,Apparel,APR-HOD-GRY,1,$34.99,,$0.00,$5.99,$40.98,Normal,PayPal,POS,fulfilled,Australia,,Not Required,Catherineside
#1623,04-Aug-2026,Mark Woods,Email Available,mark.woods108@yahoo.com,Ceramic Coffee Mug Set (4pc),Home & Kitchen,HK-MUG-4PK,2,$18.99,BFCM25,$9.49,$5.99,$34.48,Normal,Credit Card,Facebook,pending,United States,Georgia,Valid,New James
#1624,04-Aug-2026,Morgan Johnson,Missing Email,,Backpack - 25L,Accessories,ACC-BPK-25L,3,$32.99,,$0.00,$0.00,$98.97,Outlier,Shopify Payments,Facebook,fulfilled,Canada,,Not Required,Thomaston
#1625,04-Aug-2026,thomas vazquez,Email Available,thomas.vazquez673@icloud.com,Wireless Mouse,Electronics,ELC-MSE-WL,1,$11.99,,$0.00,$4.99,$16.98,Normal,PayPal,Online Store,fulfilled,Germany,,Not Required,New Oliviaborough
#1626,04-Aug-2026,AMANDA HARRIS,Email Available,amanda.harris197@gmail.com,Portable Power Bank 10000mAh,Electronics,ELC-PWB-10K,2,$21.99,,$0.00,$4.99,$48.97,Normal,Apple Pay,Instagram,fulfilled,United States,Illinois,Valid,Jenniferborough
#1627,04-Aug-2026,Cody Murray,Email Available,cody.murray456@gmail.com,Kids Building Blocks Set,Toys,TOY-BLK-SET,4,$27.99,,$0.00,$0.00,$111.96,Outlier,PayPal,Online Store,pending,United Kingdom,,Not Required,Sierrachester
#1628,04-Aug-2026,Robert Lopez,Email Available,robert.lopez980@outlook.com,Facial Cleanser 200ml,Beauty,BTY-CLN-200,1,$13.49,,$0.00,$4.99,$18.48,Normal,PayPal,Online Store,fulfilled,Germany,,Not Required,Port Jeffreymouth
#1629,04-Aug-2026,Rose Campos,Email Available,rose.campos542@gmail.com,Throw Blanket - Fleece,Home & Kitchen,HK-BLK-FLC,2,$17.99,,$0.00,$5.99,$41.97,Normal,Credit Card,Online Store,fulfilled,Canada,,Not Required,Ryanton
#1630,04-Aug-2026,"Miller, Alexandria",Email Available,alexandria.miller414@outlook.com,Adjustable Dumbbell Set,Sports & Outdoors,SP-DMB-ADJ,1,$89.99,VIP15,$13.50,$0.00,$76.49,Normal,Google Pay,Online Store,fulfilled,Australia,,Not Required,Evansfort
#1631,04-Aug-2026,Kayla Cruz,Email Available,kayla.cruz151@outlook.com,Kids Building Blocks Set,Toys,TOY-BLK-SET,1,$27.99,,$0.00,$7.99,$35.98,Normal,Credit Card,POS,fulfilled,Pakistan,,Not Required,Anitamouth
#1632,04-Aug-2026,Kenneth Morgan,Email Available,kenneth.morgan181@outlook.com,Backpack - 25L,Accessories,ACC-BPK-25L,3,$32.99,WELCOME10,$9.90,$0.00,$89.07,Outlier,Apple Pay,Online Store,fulfilled,United States,Arizona,Valid,West David
#1633,04-Aug-2026,Gloria Ballard,Email Available,gloria.ballard194@outlook.com,Leather Wallet - Brown,Accessories,ACC-WLT-BRN,1,$19.99,VIP15,$3.00,$5.99,$22.98,Normal,Credit Card,Instagram,refunded,Germany,,Not Required,East Jenniferport
#1634,04-Aug-2026,Thomas Rojas,Email Available,thomas.rojas667@icloud.com,Vitamin C Serum 30ml,Beauty,BTY-SRM-30,1,$24.99,,$0.00,$5.99,$30.98,Normal,Shopify Payments,POS,fulfilled,United States,California,Valid,Williamsborough
#1635,04-Aug-2026,Timothy Santos,Email Available,timothy.santos549@outlook.com,Kids Building Blocks Set,Toys,TOY-BLK-SET,1,$27.99,WELCOME10,$2.80,$4.99,$30.18,Normal,Google Pay,POS,refunded,United Kingdom,,Not Required,New Kelly
#1636,04-Aug-2026,"Franco, Charles",Email Available,charles.franco761@outlook.com,Slim Fit Denim Jeans,Apparel,JNS-BLU-32,3,$39.99,,$0.00,$0.00,$119.97,Outlier,Shopify Payments,Online Store,fulfilled,United States,Florida,Valid,North Kristineview
#1637,04-Aug-2026,Kaitlyn Hernandez,Email Available,kaitlyn.hernandez192@gmail.com,Running Shoes - Men's,Footwear,FTW-RUN-M,1,$54.99,,$0.00,$7.99,$62.98,Normal,PayPal,Online Store,pending,Pakistan,,Not Required,East Seanbury
#1638,04-Aug-2026,David Duke,Email Available,david.duke814@icloud.com,Stainless Steel Water Bottle,Home & Kitchen,HK-BTL-750,1,$12.99,,$0.00,$7.99,$20.98,Normal,Shopify Payments,Facebook,fulfilled,United States,North Carolina,Valid,Hallmouth
#1639,04-Aug-2026,Kimberly Cordova,Email Available,kimberly.cordova508@icloud.com,Ceramic Coffee Mug Set (4pc),Home & Kitchen,HK-MUG-4PK,2,$18.99,,$0.00,$7.99,$45.97,Normal,Google Pay,POS,cancelled,Pakistan,,Not Required,Shannonmouth
#1640,04-Aug-2026,Joe Taylor,Email Available,joe.taylor714@yahoo.com,Classic Cotton T-Shirt,Apparel,TSH-BLK-L,2,$14.99,FREESHIP,$0.00,$0.00,$29.98,Normal,Google Pay,Online Store,fulfilled,Germany,,Not Required,West Juliefort
#1641,04-Aug-2026,Brian Ruiz,Email Available,brian.ruiz246@gmail.com,Kids Building Blocks Set,Toys,TOY-BLK-SET,1,$27.99,WELCOME10,$2.80,$7.99,$33.18,Normal,Apple Pay,Instagram,fulfilled,Germany,,Not Required,Edwardton
#1642,04-Aug-2026,Tracy Adams,Email Available,tracy.adams712@icloud.com,Backpack - 25L,Accessories,ACC-BPK-25L,3,$32.99,,$0.00,$0.00,$98.97,Outlier,Shopify Payments,Online Store,fulfilled,United States,Florida,Valid,Lake Ian
#1643,04-Aug-2026,David Duke,Email Available,david.duke814@icloud.com,Non-Stick Frying Pan 10in,Home & Kitchen,HK-PAN-10,2,$24.99,WELCOME10,$5.00,$4.99,$49.97,Normal,Google Pay,Online Store,fulfilled,United States,New York,Valid,Lake Patriciamouth
#1644,04-Aug-2026,Pam Hudson,Email Available,pam.hudson109@gmail.com,Wireless Bluetooth Earbuds,Electronics,ELC-WBE-01,2,$29.99,WELCOME10,$6.00,$7.99,$61.97,Normal,Apple Pay,Online Store,fulfilled,United States,Ohio,Valid,Heidifurt
#1645,04-Aug-2026,Jaime Vargas,Email Available,jaime.vargas795@outlook.com,Adjustable Dumbbell Set,Sports & Outdoors,SP-DMB-ADJ,2,$89.99,,$0.00,$0.00,$179.98,Outlier,Apple Pay,Instagram,cancelled,United Kingdom,,Not Required,Alexview
#1646,04-Aug-2026,Patrick Stevens,Email Available,patrick.stevens218@gmail.com,Running Shoes - Women's,Footwear,FTW-RUN-W,1,$54.99,VIP15,$8.25,$7.99,$54.73,Normal,PayPal,Online Store,refunded,Pakistan,,Not Required,Kylieside
#1647,04-Aug-2026,James Castro,Email Available,james.castro923@icloud.com,Phone Case - Clear,Electronics,ELC-CSE-CLR,1,$8.99,FREESHIP,$0.00,$0.00,$8.99,Normal,Google Pay,Online Store,fulfilled,Pakistan,,Not Required,Thomasburgh
#1648,04-Aug-2026,Timothy Hodges,Email Available,timothy.hodges687@icloud.com,Hooded Sweatshirt,Apparel,APR-HOD-GRY,1,$34.99,,$0.00,$5.99,$40.98,Normal,Credit Card,Online Store,fulfilled,Australia,,Not Required,Gregorymouth
#1649,04-Aug-2026,Nicole Taylor,Email Available,nicole.taylor607@icloud.com,Throw Blanket - Fleece,Home & Kitchen,HK-BLK-FLC,1,$17.99,,$0.00,$7.99,$25.98,Normal,Apple Pay,Online Store,fulfilled,United States,Arizona,Valid,West Michael
#1650,04-Aug-2026,Alan Davis,Email Available,alan.davis483@icloud.com,Scented Soy Candle - Vanilla,Home & Kitchen,HK-CND-VAN,1,$9.99,FREESHIP,$0.00,$0.00,$9.99,Normal,Shopify Payments,Online Store,cancelled,Canada,,Not Required,South Justin
#1651,04-Aug-2026,Kevin Williams,Email Available,kevin.williams971@yahoo.com,Backpack - 25L,Accessories,ACC-BPK-25L,2,$32.99,,$0.00,$4.99,$70.97,Normal,Credit Card,Online Store,refunded,Pakistan,,Not Required,South Laurenland
#1652,04-Aug-2026,Sean Frank,Email Available,sean.frank587@icloud.com,Kids Building Blocks Set,Toys,TOY-BLK-SET,2,$27.99,WELCOME10,$5.60,$7.99,$58.37,Normal,Credit Card,Facebook,fulfilled,Australia,,Not Required,Port Josephborough
#1653,04-Aug-2026,Melinda Williams,Missing Email,,Classic Cotton T-Shirt,Apparel,TSH-BLK-L,1,$14.99,,$0.00,$4.99,$19.98,Normal,Credit Card,Online Store,fulfilled,United States,Ohio,Valid,South Tinastad
#1654,04-Aug-2026,Cheryl Coleman,Email Available,cheryl.coleman261@icloud.com,Resistance Bands Set,Sports & Outdoors,SP-RBS-SET,1,$13.99,,$0.00,$4.99,$18.98,Normal,Shopify Payments,Instagram,pending,Pakistan,,Not Required,Meganfort
#1655,04-Aug-2026,Taylor Davis,Email Available,taylor.davis403@outlook.com,Wireless Mouse,Electronics,ELC-MSE-WL,2,$11.99,,$0.00,$4.99,$28.97,Normal,PayPal,Online Store,refunded,United States,North Carolina,Valid,Lake Evan
#1656,04-Aug-2026,Anthony Vaughn,Missing Email,,Ceramic Coffee Mug Set (4pc),Home & Kitchen,HK-MUG-4PK,1,$18.99,,$0.00,$5.99,$24.98,Normal,PayPal,Facebook,fulfilled,Germany,,Not Required,West Karen
#1657,04-Aug-2026,George Green,Missing Email,,Portable Power Bank 10000mAh,Electronics,ELC-PWB-10K,1,$21.99,,$0.00,$7.99,$29.98,Normal,Google Pay,POS,fulfilled,United States,North Carolina,Valid,Port Williamstad
#1658,04-Aug-2026,Amanda Robinson,Email Available,amanda.robinson263@icloud.com,Throw Blanket - Fleece,Home & Kitchen,HK-BLK-FLC,1,$17.99,,$0.00,$4.99,$22.98,Normal,PayPal,Online Store,refunded,United States,New York,Valid,Courtneyview
#1659,04-Aug-2026,Lindsay Shaw,Email Available,lindsay.shaw178@icloud.com,Classic Cotton T-Shirt,Apparel,TSH-BLK-M,1,$14.99,,$0.00,$7.99,$22.98,Normal,Shopify Payments,Instagram,fulfilled,United Kingdom,,Not Required,Carrollchester
#1660,04-Aug-2026,Christy Phillips,Email Available,christy.phillips291@gmail.com,Non-Stick Frying Pan 10in,Home & Kitchen,HK-PAN-10,1,$24.99,,$0.00,$5.99,$30.98,Normal,Apple Pay,Instagram,fulfilled,Pakistan,,Not Required,Davidchester
#1661,04-Aug-2026,Sandra Wilson,Email Available,sandra.wilson840@outlook.com,Facial Cleanser 200ml,Beauty,BTY-CLN-200,1,$13.49,,$0.00,$5.99,$19.48,Normal,PayPal,Online Store,pending,United States,Washington,Valid,Lake Tracybury
#1662,04-Aug-2026,Johnathan Sloan,Email Available,johnathan.sloan721@outlook.com,Resistance Bands Set,Sports & Outdoors,SP-RBS-SET,1,$13.99,SAVE20,$2.80,$7.99,$19.18,Normal,Google Pay,Online Store,fulfilled,Pakistan,,Not Required,North Jefferyberg
#1663,04-Aug-2026,Kyle Rice,Email Available,kyle.rice164@icloud.com,Ceramic Coffee Mug Set (4pc),Home & Kitchen,HK-MUG-4PK,1,$18.99,,$0.00,$5.99,$24.98,Normal,PayPal,Instagram,pending,Canada,,Not Required,East Jenniferchester
#1664,04-Aug-2026,Dustin Mccoy,Email Available,dustin.mccoy570@gmail.com,Resistance Bands Set,Sports & Outdoors,SP-RBS-SET,1,$13.99,BFCM25,$3.50,$4.99,$15.48,Normal,Apple Pay,Online Store,fulfilled,Canada,,Not Required,Larryfort
#1665,04-Aug-2026,Megan Dickson,Email Available,megan.dickson508@gmail.com,Vitamin C Serum 30ml,Beauty,BTY-SRM-30,1,$24.99,,$0.00,$7.99,$32.98,Normal,Google Pay,Instagram,fulfilled,United Kingdom,,Not Required,Cindytown
#1666,04-Aug-2026,Tasha Morales,Email Available,tasha.morales378@outlook.com,Kids Building Blocks Set,Toys,TOY-BLK-SET,1,$27.99,BFCM25,$7.00,$4.99,$25.98,Normal,Shopify Payments,Online Store,fulfilled,United States,North Carolina,Valid,North Kayla
#1667,04-Aug-2026,,Email Available,amanda.rodriguez770@yahoo.com,Ceramic Coffee Mug Set (4pc),Home & Kitchen,HK-MUG-4PK,1,$18.99,BFCM25,$4.75,$5.99,$20.23,Normal,Apple Pay,Online Store,fulfilled,United States,North Carolina,Valid,Savannahburgh
#1668,04-Aug-2026,Diane Campos,Email Available,diane.campos325@gmail.com,Phone Case - Clear,Electronics,ELC-CSE-CLR,1,$8.99,VIP15,$1.35,$5.99,$13.63,Normal,Google Pay,Online Store,pending,United States,Georgia,Valid,Matthewberg
#1669,04-Aug-2026,Patrick Stevens,Email Available,patrick.stevens218@gmail.com,Facial Cleanser 200ml,Beauty,BTY-CLN-200,1,$13.49,,$0.00,$4.99,$18.48,Normal,Apple Pay,Facebook,pending,Pakistan,,Not Required,Schultzfort
#1670,04-Aug-2026,Patricia Townsend,Email Available,patricia.townsend96@yahoo.com,Facial Cleanser 200ml,Beauty,BTY-CLN-200,2,$13.49,,$0.00,$4.99,$31.97,Normal,Credit Card,Facebook,refunded,United States,Florida,Valid,South David
#1671,04-Aug-2026,Samuel Smith,Missing Email,,Vitamin C Serum 30ml,Beauty,BTY-SRM-30,3,$24.99,SAVE20,$14.99,$4.99,$64.97,Normal,Shopify Payments,Online Store,refunded,United Kingdom,,Not Required,Grayview
#1672,04-Aug-2026,Jesus Mason,Missing Email,,Yoga Mat - Extra Thick,Sports & Outdoors,SP-YGM-EX,1,$22.99,FREESHIP,$0.00,$0.00,$22.99,Normal,Apple Pay,Facebook,fulfilled,United States,Ohio,Valid,New Andrew
#1673,04-Aug-2026,Thomas Rivera,Email Available,thomas.rivera720@yahoo.com,Classic Cotton T-Shirt,Apparel,TSH-BLK-L,1,$14.99,,$0.00,$5.99,$20.98,Normal,Apple Pay,POS,refunded,United States,Florida,Valid,Matthewmouth
#1674,04-Aug-2026,Mary Meza,Email Available,mary.meza759@gmail.com,Running Shoes - Women's,Footwear,FTW-RUN-W,1,$54.99,WELCOME10,$5.50,$7.99,$57.48,Normal,PayPal,Online Store,cancelled,Canada,,Not Required,Lake Ashley
#1675,04-Aug-2026,David Torres,Email Available,david.torres833@outlook.com,Classic Cotton T-Shirt,Apparel,TSH-BLK-L,1,$14.99,VIP15,$2.25,$5.99,$18.73,Normal,Apple Pay,Facebook,fulfilled,United States,Washington,Valid,Foxburgh
#1676,04-Aug-2026,Jesus Mason,Email Available,jesus.mason798@icloud.com,Running Shoes - Men's,Footwear,FTW-RUN-M,1,$54.99,,$0.00,$4.99,$59.98,Normal,Credit Card,Online Store,pending,United States,Illinois,Valid,North Derek
#1677,04-Aug-2026,Andrea Martinez,Email Available,andrea.martinez756@yahoo.com,Running Shoes - Women's,Footwear,FTW-RUN-W,2,$54.99,SAVE20,$22.00,$0.00,$87.98,Outlier,Shopify Payments,Online Store,fulfilled,Australia,,Not Required,South Jeffrey
#1678,04-Aug-2026,Ruth Duncan,Email Available,ruth.duncan434@icloud.com,Polarized Sunglasses,Accessories,ACC-SUN-01,2,$16.99,BFCM25,$8.49,$7.99,$33.48,Normal,Credit Card,Instagram,fulfilled,Australia,,Not Required,West Deborahshire
#1679,04-Aug-2026,Anthony Mullen,Email Available,anthony.mullen523@yahoo.com,Facial Cleanser 200ml,Beauty,BTY-CLN-200,1,$13.49,FREESHIP,$0.00,$0.00,$13.49,Normal,PayPal,Instagram,fulfilled,United States,Arizona,Valid,New Robynberg
#1680,04-Aug-2026,Jon Lambert,Email Available,jon.lambert231@icloud.com,Classic Cotton T-Shirt,Apparel,TSH-BLK-L,1,$14.99,,$0.00,$5.99,$20.98,Normal,Credit Card,Online Store,fulfilled,United States,California,Valid,New Christian
#1681,04-Aug-2026,Amanda Harris,Email Available,amanda.harris197@gmail.com,Wireless Mouse,Electronics,ELC-MSE-WL,1,$11.99,VIP15,$1.80,$5.99,$16.18,Normal,PayPal,Online Store,cancelled,United States,Georgia,Valid,Mirandaside
#1682,04-Aug-2026,KIMBERLY TORRES,Email Available,kimberly.torres39@yahoo.com,Vitamin C Serum 30ml,Beauty,BTY-SRM-30,1,$24.99,,$0.00,$4.99,$29.98,Normal,Credit Card,Online Store,fulfilled,Australia,,Not Required,Cassandraville
#1683,04-Aug-2026,Sean Frank,Email Available,sean.frank587@icloud.com,Throw Blanket - Fleece,Home & Kitchen,HK-BLK-FLC,1,$17.99,VIP15,$2.70,$7.99,$23.28,Normal,PayPal,Online Store,fulfilled,Australia,,Not Required,East Steventon
#1684,04-Aug-2026,Jon Lambert,Email Available,jon.lambert231@icloud.com,Classic Cotton T-Shirt,Apparel,TSH-BLK-M,1,$14.99,,$0.00,$4.99,$19.98,Normal,Apple Pay,Online Store,refunded,United States,Arizona,Valid,Kevinbury
#1685,04-Aug-2026,Brian Ruiz,Email Available,brian.ruiz246@gmail.com,Classic Cotton T-Shirt,Apparel,TSH-BLK-L,1,$14.99,WELCOME10,$1.50,$4.99,$18.48,Normal,Google Pay,Online Store,fulfilled,Germany,,Not Required,East Drewmouth
#1686,04-Aug-2026,Tyler Williams,Email Available,tyler.williams938@outlook.com,Polarized Sunglasses,Accessories,ACC-SUN-01,1,$16.99,,$0.00,$7.99,$24.98,Normal,PayPal,Instagram,cancelled,Australia,,Not Required,Garnerborough
#1687,04-Aug-2026,Glenn Mcmahon,Email Available,glenn.mcmahon733@yahoo.com,Adjustable Dumbbell Set,Sports & Outdoors,SP-DMB-ADJ,3,$89.99,,$0.00,$0.00,$269.97,Outlier,Google Pay,Instagram,cancelled,United States,Illinois,Valid,New Gregory
#1688,04-Aug-2026,Dustin Mccoy,Email Available,dustin.mccoy570@gmail.com,Throw Blanket - Fleece,Home & Kitchen,HK-BLK-FLC,1,$17.99,BFCM25,$4.50,$4.99,$18.48,Normal,Google Pay,Online Store,fulfilled,Canada,,Not Required,New Ashley
#1689,04-Aug-2026,Dominique Huerta,Email Available,dominique.huerta708@outlook.com,Throw Blanket - Fleece,Home & Kitchen,HK-BLK-FLC,1,$17.99,BFCM25,$4.50,$7.99,$21.48,Normal,Apple Pay,Facebook,cancelled,United Kingdom,,Not Required,Haynesfurt
#1690,04-Aug-2026,Tara Jackson,Email Available,tara.jackson708@outlook.com,Adjustable Dumbbell Set,Sports & Outdoors,SP-DMB-ADJ,1,$89.99,FREESHIP,$0.00,$0.00,$89.99,Outlier,Apple Pay,Instagram,fulfilled,Canada,,Not Required,Georgeside
#1691,04-Aug-2026,Sheryl Nguyen,Email Available,sheryl.nguyen272@outlook.com,Adjustable Dumbbell Set,Sports & Outdoors,SP-DMB-ADJ,2,$89.99,BFCM25,$44.99,$0.00,$134.99,Outlier,Shopify Payments,Instagram,refunded,United States,North Carolina,Valid,New David
#1692,04-Aug-2026,Jason Miller,Email Available,jason.miller334@outlook.com,Phone Case - Clear,Electronics,ELC-CSE-CLR,2,$8.99,BFCM25,$4.50,$5.99,$19.47,Normal,Credit Card,Online Store,fulfilled,Australia,,Not Required,Lake Andrewshire
#1693,04-Aug-2026,Jack Bryant,Email Available,jack.bryant173@gmail.com,Phone Case - Clear,Electronics,ELC-CSE-CLR,1,$8.99,SAVE20,$1.80,$4.99,$12.18,Normal,Credit Card,Instagram,fulfilled,Germany,,Not Required,Ambertown
#1694,04-Aug-2026,Taylor Lee,Email Available,taylor.lee613@gmail.com,Classic Cotton T-Shirt,Apparel,TSH-BLK-M,1,$14.99,SAVE20,$3.00,$4.99,$16.98,Normal,Credit Card,POS,refunded,United Kingdom,,Not Required,South Henrystad
#1695,04-Aug-2026,Ryan Gonzalez,Email Available,ryan.gonzalez192@gmail.com,Slim Fit Denim Jeans,Apparel,JNS-BLU-32,2,$39.99,,$0.00,$0.00,$79.98,Normal,Google Pay,Facebook,cancelled,United States,Florida,Valid,Thompsonport
#1696,04-Aug-2026,David Mcknight,Email Available,david.mcknight827@gmail.com,Slim Fit Denim Jeans,Apparel,JNS-BLU-32,2,$39.99,,$0.00,$0.00,$79.98,Normal,PayPal,Online Store,fulfilled,United States,Ohio,Valid,Lake Michael
#1697,04-Aug-2026,Sandra Potter,Email Available,sandra.potter166@yahoo.com,Kids Building Blocks Set,Toys,TOY-BLK-SET,2,$27.99,SAVE20,$11.20,$7.99,$52.77,Normal,Credit Card,Online Store,refunded,United States,Florida,Valid,North Barbaratown
#1698,04-Aug-2026,Donald Davis,Email Available,donald.davis404@icloud.com,Running Shoes - Men's,Footwear,FTW-RUN-M,1,$54.99,,$0.00,$7.99,$62.98,Normal,Apple Pay,Online Store,fulfilled,Canada,,Not Required,South Madison
#1699,04-Aug-2026,Joel Davidson,Email Available,joel.davidson94@icloud.com,Wireless Bluetooth Earbuds,Electronics,ELC-WBE-01,1,$29.99,VIP15,$4.50,$4.99,$30.48,Normal,Apple Pay,Facebook,fulfilled,United States,Washington,Valid,South Francisco
#1700,04-Aug-2026,Debra Thomas,Email Available,debra.thomas509@icloud.com,Yoga Mat - Extra Thick,Sports & Outdoors,SP-YGM-EX,1,$22.99,,$0.00,$4.99,$27.98,Normal,Credit Card,Online Store,cancelled,United States,California,Valid,Port Nancymouth
#1701,04-Aug-2026,James Miller,Email Available,james.miller866@yahoo.com,Backpack - 25L,Accessories,ACC-BPK-25L,2,$32.99,,$0.00,$4.99,$70.97,Normal,Google Pay,Facebook,fulfilled,Pakistan,,Not Required,Port Karenshire
#1702,04-Aug-2026,,Email Available,rose.english118@icloud.com,Polarized Sunglasses,Accessories,ACC-SUN-01,1,$16.99,,$0.00,$7.99,$24.98,Normal,Apple Pay,Online Store,pending,Germany,,Not Required,New Richard
#1703,04-Aug-2026,Luke Keller,Email Available,luke.keller471@icloud.com,Leather Wallet - Brown,Accessories,ACC-WLT-BRN,1,$19.99,FREESHIP,$0.00,$0.00,$19.99,Normal,Shopify Payments,Instagram,pending,United States,Georgia,Valid,Port Crystalmouth
#1704,04-Aug-2026,Allen Diaz,Email Available,allen.diaz546@gmail.com,Wireless Mouse,Electronics,ELC-MSE-WL,2,$11.99,SAVE20,$4.80,$5.99,$25.17,Normal,Shopify Payments,Online Store,refunded,United States,Florida,Valid,East Sharon
#1705,04-Aug-2026,Sandra Wilson,Missing Email,,Leather Wallet - Brown,Accessories,ACC-WLT-BRN,1,$19.99,VIP15,$3.00,$4.99,$21.98,Normal,Google Pay,Online Store,fulfilled,Canada,,Not Required,Erichaven
#1706,04-Aug-2026,Anthony Krueger,Email Available,anthony.krueger812@yahoo.com,Throw Blanket - Fleece,Home & Kitchen,HK-BLK-FLC,1,$17.99,,$0.00,$5.99,$23.98,Normal,Google Pay,Instagram,refunded,Pakistan,,Not Required,North Daniel
#1707,04-Aug-2026,Jacqueline Richmond,Email Available,jacqueline.richmond595@outlook.com,Scented Soy Candle - Vanilla,Home & Kitchen,HK-CND-VAN,1,$9.99,BFCM25,$2.50,$5.99,$13.48,Normal,Credit Card,Online Store,fulfilled,United States,Georgia,Valid,East Heidi
#1708,04-Aug-2026,William Houston,Email Available,william.houston340@outlook.com,Leather Wallet - Brown,Accessories,ACC-WLT-BRN,1,$19.99,,$0.00,$7.99,$27.98,Normal,Shopify Payments,Online Store,refunded,United States,Texas,Valid,Mariaport
#1709,04-Aug-2026,Kristina Cook,Email Available,kristina.cook392@outlook.com,Throw Blanket - Fleece,Home & Kitchen,HK-BLK-FLC,2,$17.99,SAVE20,$7.20,$4.99,$33.77,Normal,PayPal,Online Store,refunded,United States,Florida,Valid,Port Charles
#1710,04-Aug-2026,Samuel Lee,Email Available,samuel.lee63@icloud.com,Classic Cotton T-Shirt,Apparel,TSH-BLK-M,1,$14.99,VIP15,$2.25,$5.99,$18.73,Normal,Shopify Payments,Instagram,cancelled,Australia,,Not Required,Campbellborough
#1711,04-Aug-2026,Joshua Chavez,Email Available,joshua.chavez332@outlook.com,Throw Blanket - Fleece,Home & Kitchen,HK-BLK-FLC,1,$17.99,,$0.00,$4.99,$22.98,Normal,Google Pay,Online Store,cancelled,United States,Georgia,Valid,East Sarahfort
#1712,04-Aug-2026,David Hayden,Email Available,david.hayden411@outlook.com,Resistance Bands Set,Sports & Outdoors,SP-RBS-SET,1,$13.99,SAVE20,$2.80,$5.99,$17.18,Normal,Apple Pay,Facebook,cancelled,Australia,,Not Required,New Daniel
#1713,04-Aug-2026,Christian Leonard,Email Available,christian.leonard732@gmail.com,Portable Power Bank 10000mAh,Electronics,ELC-PWB-10K,1,$21.99,,$0.00,$7.99,$29.98,Normal,Shopify Payments,POS,fulfilled,United States,Florida,Valid,Katietown
#1714,04-Aug-2026,Julie Hoffman,Email Available,julie.hoffman913@gmail.com,Polarized Sunglasses,Accessories,ACC-SUN-01,1,$16.99,BFCM25,$4.25,$5.99,$18.73,Normal,Credit Card,Instagram,fulfilled,United States,Arizona,Valid,New Jefferyton
#1715,04-Aug-2026,Jennifer Burke,Email Available,jennifer.burke472@icloud.com,Kids Building Blocks Set,Toys,TOY-BLK-SET,4,$27.99,,$0.00,$0.00,$111.96,Outlier,Google Pay,Instagram,fulfilled,Pakistan,,Not Required,Solomonchester
#1716,04-Aug-2026,Rita Hall,Email Available,rita.hall18@outlook.com,Wireless Mouse,Electronics,ELC-MSE-WL,1,$11.99,SAVE20,$2.40,$4.99,$14.58,Normal,Shopify Payments,Online Store,fulfilled,United States,North Carolina,Valid,North Markhaven
#1717,04-Aug-2026,James Andrade,Email Available,james.andrade258@icloud.com,Ceramic Coffee Mug Set (4pc),Home & Kitchen,HK-MUG-4PK,1,$18.99,,$0.00,$4.99,$23.98,Normal,PayPal,Online Store,cancelled,Germany,,Not Required,West Karen
#1718,04-Aug-2026,Stacey Gonzales,Email Available,stacey.gonzales655@icloud.com,Wireless Mouse,Electronics,ELC-MSE-WL,1,$11.99,,$0.00,$5.99,$17.98,Normal,PayPal,Facebook,fulfilled,United States,North Carolina,Valid,North Jamesfort
#1719,04-Aug-2026,GRACE RAY,Email Available,grace.ray807@yahoo.com,Wireless Mouse,Electronics,ELC-MSE-WL,2,$11.99,,$0.00,$7.99,$31.97,Normal,Apple Pay,Facebook,cancelled,United Kingdom,,Not Required,Lutzton
#1720,04-Aug-2026,Gregory Vega,Email Available,gregory.vega882@outlook.com,Hooded Sweatshirt,Apparel,APR-HOD-GRY,1,$34.99,,$0.00,$5.99,$40.98,Normal,Credit Card,Facebook,cancelled,Pakistan,,Not Required,East Julianshire
#1721,04-Aug-2026,JAMES CASTRO,Email Available,james.castro923@icloud.com,Kids Building Blocks Set,Toys,TOY-BLK-SET,1,$27.99,,$0.00,$5.99,$33.98,Normal,Shopify Payments,Online Store,fulfilled,Pakistan,,Not Required,New Christopherview
#1722,04-Aug-2026,Kenneth Davis,Email Available,kenneth.davis106@yahoo.com,Hooded Sweatshirt,Apparel,APR-HOD-GRY,2,$34.99,WELCOME10,$7.00,$7.99,$70.97,Normal,Shopify Payments,Online Store,fulfilled,United States,Texas,Valid,South Travis
#1723,04-Aug-2026,Amanda Rodriguez,Email Available,amanda.rodriguez770@yahoo.com,Classic Cotton T-Shirt,Apparel,TSH-BLK-L,1,$14.99,BFCM25,$3.75,$7.99,$19.23,Normal,Shopify Payments,Online Store,fulfilled,United States,California,Valid,Cervantesmouth
#1724,04-Aug-2026,Chad Smith,Email Available,chad.smith773@icloud.com,Vitamin C Serum 30ml,Beauty,BTY-SRM-30,2,$24.99,SAVE20,$10.00,$7.99,$47.97,Normal,Google Pay,POS,cancelled,Pakistan,,Not Required,Trevorside
#1725,04-Aug-2026,Joshua Thompson,Email Available,joshua.thompson522@outlook.com,Slim Fit Denim Jeans,Apparel,JNS-BLU-32,1,$39.99,,$0.00,$7.99,$47.98,Normal,PayPal,Online Store,fulfilled,Pakistan,,Not Required,West Derekport
#1726,04-Aug-2026,Ann Byrd,Email Available,ann.byrd498@icloud.com,Classic Cotton T-Shirt,Apparel,TSH-BLK-M,1,$14.99,,$0.00,$5.99,$20.98,Normal,PayPal,Facebook,fulfilled,Australia,,Not Required,Johnhaven
#1727,04-Aug-2026,Joshua Chavez,Missing Email,,Polarized Sunglasses,Accessories,ACC-SUN-01,3,$16.99,WELCOME10,$5.10,$4.99,$50.86,Normal,Apple Pay,Facebook,fulfilled,United States,Georgia,Valid,Boyerfort
#1728,04-Aug-2026,James Mason,Email Available,james.mason603@gmail.com,Vitamin C Serum 30ml,Beauty,BTY-SRM-30,1,$24.99,VIP15,$3.75,$7.99,$29.23,Normal,PayPal,Online Store,refunded,Pakistan,,Not Required,Hernandezshire
#1729,04-Aug-2026,Amanda Rodriguez,Email Available,amanda.rodriguez770@yahoo.com,Portable Power Bank 10000mAh,Electronics,ELC-PWB-10K,1,$21.99,,$0.00,$4.99,$26.98,Normal,PayPal,Facebook,fulfilled,United States,New York,Valid,Houstonstad
#1730,04-Aug-2026,Mary Bradley,Email Available,mary.bradley289@gmail.com,Vitamin C Serum 30ml,Beauty,BTY-SRM-30,2,$24.99,,$0.00,$4.99,$54.97,Normal,Apple Pay,Online Store,pending,United Kingdom,,Not Required,Port Robin
#1731,04-Aug-2026,KENNETH DAVIS,Email Available,kenneth.davis106@yahoo.com,Slim Fit Denim Jeans,Apparel,JNS-BLU-32,1,$39.99,,$0.00,$5.99,$45.98,Normal,Google Pay,POS,cancelled,United States,Florida,Valid,Dylanmouth
#1732,04-Aug-2026,ANGELA CARR,Email Available,angela.carr488@yahoo.com,Adjustable Dumbbell Set,Sports & Outdoors,SP-DMB-ADJ,1,$89.99,,$0.00,$0.00,$89.99,Outlier,Shopify Payments,Instagram,pending,United States,Washington,Valid,South Jasonside
#1733,04-Aug-2026,John Carson,Email Available,john.carson203@yahoo.com,Vitamin C Serum 30ml,Beauty,BTY-SRM-30,4,$24.99,VIP15,$14.99,$0.00,$84.97,Outlier,Shopify Payments,Instagram,fulfilled,United States,New York,Valid,Justinfurt
#1734,04-Aug-2026,Danielle Johnson,Email Available,danielle.johnson52@yahoo.com,Vitamin C Serum 30ml,Beauty,BTY-SRM-30,1,$24.99,,$0.00,$4.99,$29.98,Normal,Google Pay,Online Store,cancelled,United States,Arizona,Valid,Mauriceland
#1735,04-Aug-2026,Gerald Li,Email Available,gerald.li856@icloud.com,Kids Building Blocks Set,Toys,TOY-BLK-SET,1,$27.99,WELCOME10,$2.80,$5.99,$31.18,Normal,Google Pay,Instagram,fulfilled,United States,Florida,Valid,North Kelly
#1736,04-Aug-2026,Cody Murray,Email Available,cody.murray456@gmail.com,Facial Cleanser 200ml,Beauty,BTY-CLN-200,1,$13.49,,$0.00,$7.99,$21.48,Normal,Credit Card,POS,pending,United Kingdom,,Not Required,East Thomasberg
#1737,04-Aug-2026,Janet Martinez,Email Available,janet.martinez20@yahoo.com,Ceramic Coffee Mug Set (4pc),Home & Kitchen,HK-MUG-4PK,1,$18.99,FREESHIP,$0.00,$0.00,$18.99,Normal,Google Pay,POS,fulfilled,United States,Illinois,Valid,Millerland
#1738,04-Aug-2026,Dustin Mccoy,Email Available,dustin.mccoy570@gmail.com,Stainless Steel Water Bottle,Home & Kitchen,HK-BTL-750,1,$12.99,SAVE20,$2.60,$5.99,$16.38,Normal,Credit Card,Online Store,pending,Canada,,Not Required,Williamhaven
#1739,04-Aug-2026,Joshua Medina,Email Available,joshua.medina38@yahoo.com,Resistance Bands Set,Sports & Outdoors,SP-RBS-SET,1,$13.99,,$0.00,$4.99,$18.98,Normal,Apple Pay,Online Store,refunded,United Kingdom,,Not Required,Lake Jamesbury
#1740,04-Aug-2026,Kayla Lee,Email Available,kayla.lee278@yahoo.com,Phone Case - Clear,Electronics,ELC-CSE-CLR,1,$8.99,,$0.00,$4.99,$13.98,Normal,Credit Card,Online Store,cancelled,United Kingdom,,Not Required,Port Markport
#1741,04-Aug-2026,Christopher Harris,Email Available,christopher.harris618@yahoo.com,Hooded Sweatshirt,Apparel,APR-HOD-GRY,2,$34.99,WELCOME10,$7.00,$4.99,$67.97,Normal,Apple Pay,Instagram,refunded,Australia,,Not Required,Port Nicholasport
#1742,04-Aug-2026,Rodney Lamb,Email Available,rodney.lamb872@icloud.com,Polarized Sunglasses,Accessories,ACC-SUN-01,1,$16.99,BFCM25,$4.25,$7.99,$20.73,Normal,Google Pay,Facebook,cancelled,Australia,,Not Required,East Corey
#1743,04-Aug-2026,Joshua Miller,Email Available,joshua.miller362@gmail.com,Throw Blanket - Fleece,Home & Kitchen,HK-BLK-FLC,1,$17.99,VIP15,$2.70,$5.99,$21.28,Normal,Apple Pay,Online Store,pending,Canada,,Not Required,Alexandrachester
#1744,04-Aug-2026,Natalie Roberts,Email Available,natalie.roberts628@yahoo.com,Facial Cleanser 200ml,Beauty,BTY-CLN-200,2,$13.49,SAVE20,$5.40,$7.99,$29.57,Normal,PayPal,POS,pending,United States,Illinois,Valid,Velasquezville
#1745,04-Aug-2026,Samuel Smith,Email Available,samuel.smith76@outlook.com,Running Shoes - Men's,Footwear,FTW-RUN-M,1,$54.99,SAVE20,$11.00,$5.99,$49.98,Normal,Credit Card,Online Store,pending,United Kingdom,,Not Required,Richardshire
#1746,04-Aug-2026,Tina Singh,Email Available,tina.singh98@icloud.com,Yoga Mat - Extra Thick,Sports & Outdoors,SP-YGM-EX,4,$22.99,WELCOME10,$9.20,$0.00,$82.76,Outlier,Credit Card,Online Store,fulfilled,United States,Texas,Valid,North Amandafurt
#1747,04-Aug-2026,Joel Davidson,Email Available,joel.davidson94@icloud.com,Ceramic Coffee Mug Set (4pc),Home & Kitchen,HK-MUG-4PK,1,$18.99,,$0.00,$7.99,$26.98,Normal,Shopify Payments,Instagram,pending,United States,Arizona,Valid,Deborahton
#1748,04-Aug-2026,Anthony Mullen,Email Available,anthony.mullen523@yahoo.com,Vitamin C Serum 30ml,Beauty,BTY-SRM-30,1,$24.99,BFCM25,$6.25,$5.99,$24.73,Normal,Shopify Payments,Online Store,cancelled,United States,Ohio,Valid,Cameronberg
#1749,04-Aug-2026,Ronald Stanley,Email Available,ronald.stanley7@yahoo.com,Backpack - 25L,Accessories,ACC-BPK-25L,1,$32.99,BFCM25,$8.25,$4.99,$29.73,Normal,Shopify Payments,Online Store,fulfilled,United States,Texas,Valid,South Maria
#1750,04-Aug-2026,Michael Davis,Email Available,michael.davis313@outlook.com,Ceramic Coffee Mug Set (4pc),Home & Kitchen,HK-MUG-4PK,2,$18.99,,$0.00,$5.99,$43.97,Normal,Shopify Payments,Online Store,fulfilled,United States,Texas,Valid,Masseyton
#1751,04-Aug-2026,Amanda Harris,Email Available,amanda.harris197@gmail.com,Yoga Mat - Extra Thick,Sports & Outdoors,SP-YGM-EX,1,$22.99,,$0.00,$4.99,$27.98,Normal,Credit Card,Instagram,fulfilled,United States,California,Valid,Zacharyfurt
#1752,04-Aug-2026,Christy Phillips,Email Available,christy.phillips291@gmail.com,Wireless Bluetooth Earbuds,Electronics,ELC-WBE-01,2,$29.99,VIP15,$9.00,$4.99,$55.97,Normal,Shopify Payments,Instagram,fulfilled,Pakistan,,Not Required,East Lindseyside
#1753,04-Aug-2026,Kelly Wyatt,Email Available,kelly.wyatt277@yahoo.com,Wireless Bluetooth Earbuds,Electronics,ELC-WBE-01,2,$29.99,SAVE20,$12.00,$4.99,$52.97,Normal,Shopify Payments,Online Store,cancelled,Germany,,Not Required,Lake Beverlyside
#1754,04-Aug-2026,Randy Wheeler,Email Available,randy.wheeler304@icloud.com,Adjustable Dumbbell Set,Sports & Outdoors,SP-DMB-ADJ,1,$89.99,,$0.00,$0.00,$89.99,Outlier,Google Pay,Facebook,refunded,United States,New York,Valid,Lake Michael
#1755,04-Aug-2026,Melinda Williams,Email Available,melinda.williams310@icloud.com,Throw Blanket - Fleece,Home & Kitchen,HK-BLK-FLC,1,$17.99,SAVE20,$3.60,$7.99,$22.38,Normal,PayPal,Instagram,fulfilled,United States,New York,Valid,South Brianmouth
#1756,04-Aug-2026,Kristina Thompson,Email Available,kristina.thompson501@icloud.com,Throw Blanket - Fleece,Home & Kitchen,HK-BLK-FLC,2,$17.99,FREESHIP,$0.00,$0.00,$35.98,Normal,Google Pay,Online Store,fulfilled,United States,Canada,Valid,Heatherfort
#1757,04-Aug-2026,Anthony Parker,Email Available,anthony.parker256@icloud.com,Portable Power Bank 10000mAh,Electronics,ELC-PWB-10K,1,$21.99,BFCM25,$5.50,$5.99,$22.48,Normal,Apple Pay,Instagram,fulfilled,United Kingdom,,Not Required,Justinberg
#1758,04-Aug-2026,Ian Morris,Email Available,ian.morris90@outlook.com,Scented Soy Candle - Vanilla,Home & Kitchen,HK-CND-VAN,1,$9.99,VIP15,$1.50,$4.99,$13.48,Normal,Credit Card,POS,refunded,Pakistan,,Not Required,Andersontown
#1759,04-Aug-2026,Nicholas Jarvis,Email Available,nicholas.jarvis112@icloud.com,Phone Case - Clear,Electronics,ELC-CSE-CLR,1,$8.99,FREESHIP,$0.00,$0.00,$8.99,Normal,Credit Card,Online Store,fulfilled,Canada,,Not Required,Danaport
#1760,04-Aug-2026,Christy Phillips,Email Available,christy.phillips291@gmail.com,Portable Power Bank 10000mAh,Electronics,ELC-PWB-10K,1,$21.99,SAVE20,$4.40,$7.99,$25.58,Normal,PayPal,Facebook,refunded,Pakistan,,Not Required,South Aaronstad
#1761,04-Aug-2026,James Miller,Email Available,james.miller866@yahoo.com,Classic Cotton T-Shirt,Apparel,TSH-BLK-M,1,$14.99,,$0.00,$5.99,$20.98,Normal,Credit Card,Online Store,fulfilled,Pakistan,,Not Required,Amandafurt
#1762,04-Aug-2026,Nicole Taylor,Email Available,nicole.taylor607@icloud.com,Non-Stick Frying Pan 10in,Home & Kitchen,HK-PAN-10,1,$24.99,SAVE20,$5.00,$4.99,$24.98,Normal,Apple Pay,Online Store,cancelled,United States,Arizona,Valid,Caseyhaven
#1763,04-Aug-2026,,Email Available,kimberly.cordova508@icloud.com,Vitamin C Serum 30ml,Beauty,BTY-SRM-30,2,$24.99,WELCOME10,$5.00,$7.99,$52.97,Normal,Credit Card,Online Store,pending,Pakistan,,Not Required,Tamaraside
#1764,04-Aug-2026,Lindsay Shaw,Missing Email,,Scented Soy Candle - Vanilla,Home & Kitchen,HK-CND-VAN,1,$9.99,,$0.00,$4.99,$14.98,Normal,Google Pay,Online Store,fulfilled,United Kingdom,,Not Required,Lake Rhondaton
#1765,04-Aug-2026,Brian Gardner,Email Available,brian.gardner260@outlook.com,Scented Soy Candle - Vanilla,Home & Kitchen,HK-CND-VAN,1,$9.99,VIP15,$1.50,$5.99,$14.48,Normal,Apple Pay,Facebook,fulfilled,United States,Ohio,Valid,Chelseafurt
#1766,04-Aug-2026,Cody Murray,Email Available,cody.murray456@gmail.com,Running Shoes - Men's,Footwear,FTW-RUN-M,2,$54.99,SAVE20,$22.00,$0.00,$87.98,Outlier,Apple Pay,POS,cancelled,United Kingdom,,Not Required,East David
#1767,04-Aug-2026,Sandra Potter,Email Available,sandra.potter166@yahoo.com,Wireless Mouse,Electronics,ELC-MSE-WL,1,$11.99,,$0.00,$5.99,$17.98,Normal,Shopify Payments,Online Store,fulfilled,United States,Arizona,Valid,East Robert
#1768,04-Aug-2026,Sandra Potter,Email Available,sandra.potter166@yahoo.com,Portable Power Bank 10000mAh,Electronics,ELC-PWB-10K,1,$21.99,,$0.00,$4.99,$26.98,Normal,Shopify Payments,Online Store,fulfilled,United States,Illinois,Valid,Port Melinda
#1769,04-Aug-2026,Timothy Hodges,Email Available,timothy.hodges687@icloud.com,Running Shoes - Women's,Footwear,FTW-RUN-W,1,$54.99,VIP15,$8.25,$7.99,$54.73,Normal,Apple Pay,Online Store,fulfilled,Australia,,Not Required,North William
#1770,04-Aug-2026,Richard Ward,Email Available,richard.ward894@icloud.com,Running Shoes - Women's,Footwear,FTW-RUN-W,1,$54.99,VIP15,$8.25,$4.99,$51.73,Normal,Google Pay,POS,cancelled,Pakistan,,Not Required,Lake Aprilstad
#1771,04-Aug-2026,Adam Krause,Email Available,adam.krause31@yahoo.com,Leather Wallet - Brown,Accessories,ACC-WLT-BRN,1,$19.99,,$0.00,$5.99,$25.98,Normal,PayPal,Online Store,refunded,United States,Illinois,Valid,East Aaron
#1772,04-Aug-2026,John Jacobs,Email Available,john.jacobs137@yahoo.com,Wireless Bluetooth Earbuds,Electronics,ELC-WBE-01,1,$29.99,SAVE20,$6.00,$7.99,$31.98,Normal,PayPal,Online Store,fulfilled,Australia,,Not Required,Haneyhaven
#1773,04-Aug-2026,Morgan Johnson,Email Available,morgan.johnson938@outlook.com,Facial Cleanser 200ml,Beauty,BTY-CLN-200,1,$13.49,SAVE20,$2.70,$4.99,$15.78,Normal,Google Pay,Online Store,fulfilled,Canada,,Not Required,Lake Zacharybury
#1774,04-Aug-2026,Anthony Krueger,Email Available,anthony.krueger812@yahoo.com,Vitamin C Serum 30ml,Beauty,BTY-SRM-30,1,$24.99,BFCM25,$6.25,$5.99,$24.73,Normal,PayPal,Facebook,cancelled,Pakistan,,Not Required,Mooremouth
#1775,04-Aug-2026,Kaitlyn Hernandez,Missing Email,,Non-Stick Frying Pan 10in,Home & Kitchen,HK-PAN-10,4,$24.99,WELCOME10,$10.00,$0.00,$89.96,Outlier,Apple Pay,Online Store,fulfilled,Pakistan,,Not Required,East Patricia
#1776,04-Aug-2026,Michael Wilson,Email Available,michael.wilson464@icloud.com,Wireless Bluetooth Earbuds,Electronics,ELC-WBE-01,1,$29.99,,$0.00,$7.99,$37.98,Normal,Google Pay,Online Store,fulfilled,Australia,,Not Required,Cookeport
#1777,04-Aug-2026,Jasmine Parker,Email Available,jasmine.parker47@icloud.com,Slim Fit Denim Jeans,Apparel,JNS-BLU-32,1,$39.99,BFCM25,$10.00,$7.99,$37.98,Normal,PayPal,Facebook,pending,Pakistan,,Not Required,Deanmouth
#1778,04-Aug-2026,Matthew Perez,Email Available,matthew.perez875@gmail.com,Running Shoes - Men's,Footwear,FTW-RUN-M,2,$54.99,SAVE20,$22.00,$0.00,$87.98,Outlier,Apple Pay,Instagram,fulfilled,Pakistan,,Not Required,West Drewland
#1779,04-Aug-2026,Andrew Vargas,Email Available,andrew.vargas381@outlook.com,Running Shoes - Women's,Footwear,FTW-RUN-W,1,$54.99,,$0.00,$5.99,$60.98,Normal,Apple Pay,Online Store,pending,Canada,,Not Required,Lake Joseph
#1780,04-Aug-2026,Joseph Martin,Email Available,joseph.martin348@icloud.com,Classic Cotton T-Shirt,Apparel,TSH-BLK-M,2,$14.99,,$0.00,$5.99,$35.97,Normal,Apple Pay,Instagram,cancelled,United States,Washington,Valid,West Debra
#1781,04-Aug-2026,  Sharon Brown,Email Available,sharon.brown14@gmail.com,Running Shoes - Men's,Footwear,FTW-RUN-M,1,$54.99,,$0.00,$4.99,$59.98,Normal,Shopify Payments,POS,fulfilled,United States,Arizona,Valid,Clarkmouth
#1782,04-Aug-2026,Charles Franco,Email Available,charles.franco761@outlook.com,Running Shoes - Men's,Footwear,FTW-RUN-M,1,$54.99,,$0.00,$4.99,$59.98,Normal,PayPal,Facebook,fulfilled,United States,Ohio,Valid,Peckstad
#1783,04-Aug-2026,Autumn Stewart,Email Available,autumn.stewart565@outlook.com,Portable Power Bank 10000mAh,Electronics,ELC-PWB-10K,1,$21.99,,$0.00,$7.99,$29.98,Normal,Apple Pay,Online Store,fulfilled,United Kingdom,,Not Required,Kimberlymouth
#1784,04-Aug-2026,Austin Norris,Email Available,austin.norris15@gmail.com,Polarized Sunglasses,Accessories,ACC-SUN-01,2,$16.99,,$0.00,$7.99,$41.97,Normal,Credit Card,Online Store,pending,United States,Washington,Valid,Rebeccaland
#1785,04-Aug-2026,"Wilkins, Jordan",Email Available,jordan.wilkins318@outlook.com,Wireless Bluetooth Earbuds,Electronics,ELC-WBE-01,1,$29.99,VIP15,$4.50,$4.99,$30.48,Normal,Shopify Payments,Facebook,fulfilled,Pakistan,,Not Required,South Courtney
#1786,04-Aug-2026,Anthony Marshall,Email Available,anthony.marshall823@yahoo.com,Stainless Steel Water Bottle,Home & Kitchen,HK-BTL-750,1,$12.99,SAVE20,$2.60,$5.99,$16.38,Normal,Credit Card,Online Store,fulfilled,United States,Florida,Valid,North Ricardoland
#1787,04-Aug-2026,Sandra Wilson,Email Available,sandra.wilson554@outlook.com,Leather Wallet - Brown,Accessories,ACC-WLT-BRN,1,$19.99,,$0.00,$4.99,$24.98,Normal,Shopify Payments,Online Store,fulfilled,Canada,,Not Required,New Melissashire
#1788,04-Aug-2026,Angela Carr,Email Available,angela.carr488@yahoo.com,Classic Cotton T-Shirt,Apparel,TSH-BLK-L,1,$14.99,,$0.00,$4.99,$19.98,Normal,Credit Card,Instagram,cancelled,United States,California,Valid,North Benjamin
#1789,04-Aug-2026,Chad Smith,Email Available,chad.smith773@icloud.com,Non-Stick Frying Pan 10in,Home & Kitchen,HK-PAN-10,1,$24.99,BFCM25,$6.25,$7.99,$26.73,Normal,Credit Card,Online Store,fulfilled,Pakistan,,Not Required,Port Martin
#1790,04-Aug-2026,James Miller,Email Available,james.miller866@yahoo.com,Non-Stick Frying Pan 10in,Home & Kitchen,HK-PAN-10,1,$24.99,SAVE20,$5.00,$4.99,$24.98,Normal,Apple Pay,POS,fulfilled,Pakistan,,Not Required,Carrstad
#1791,04-Aug-2026,Kathleen Mayer,Email Available,kathleen.mayer237@outlook.com,Phone Case - Clear,Electronics,ELC-CSE-CLR,1,$8.99,VIP15,$1.35,$4.99,$12.63,Normal,Credit Card,Facebook,cancelled,United States,North Carolina,Valid,North Thomasmouth
#1792,04-Aug-2026,Karen Bautista,Email Available,karen.bautista779@icloud.com,Resistance Bands Set,Sports & Outdoors,SP-RBS-SET,1,$13.99,BFCM25,$3.50,$7.99,$18.48,Normal,Credit Card,Online Store,fulfilled,United States,Arizona,Valid,Boylechester
#1793,04-Aug-2026,Melissa Thompson,Email Available,melissa.thompson241@yahoo.com,Classic Cotton T-Shirt,Apparel,TSH-BLK-M,2,$14.99,,$0.00,$5.99,$35.97,Normal,Google Pay,Instagram,fulfilled,United States,Florida,Valid,Pattonville
#1794,04-Aug-2026,"Carson, John",Email Available,john.carson203@yahoo.com,Scented Soy Candle - Vanilla,Home & Kitchen,HK-CND-VAN,2,$9.99,FREESHIP,$0.00,$0.00,$19.98,Normal,Credit Card,Online Store,fulfilled,United States,Arizona,Valid,Port Cindyhaven
#1795,04-Aug-2026,Anthony Krueger,Email Available,anthony.krueger812@yahoo.com,Adjustable Dumbbell Set,Sports & Outdoors,SP-DMB-ADJ,1,$89.99,SAVE20,$18.00,$0.00,$71.99,Normal,Shopify Payments,Online Store,pending,Pakistan,,Not Required,South Joside
#1796,04-Aug-2026,Angela Rose,Email Available,angela.rose740@outlook.com,Stainless Steel Water Bottle,Home & Kitchen,HK-BTL-750,1,$12.99,,$0.00,$5.99,$18.98,Normal,Shopify Payments,Online Store,fulfilled,United States,New York,Valid,West Christopher
#1797,04-Aug-2026,Erika Maxwell,Email Available,erika.maxwell281@gmail.com,Running Shoes - Women's,Footwear,FTW-RUN-W,2,$54.99,WELCOME10,$11.00,$0.00,$98.98,Outlier,Credit Card,Facebook,fulfilled,United States,North Carolina,Valid,Melissahaven
#1798,04-Aug-2026,Tina Singh,Email Available,tina.singh98@icloud.com,Adjustable Dumbbell Set,Sports & Outdoors,SP-DMB-ADJ,2,$89.99,,$0.00,$0.00,$179.98,Outlier,Google Pay,POS,pending,United States,Georgia,Valid,North Shannon
#1799,04-Aug-2026,Kiara Burke,Missing Email,,Vitamin C Serum 30ml,Beauty,BTY-SRM-30,1,$24.99,FREESHIP,$0.00,$0.00,$24.99,Normal,Shopify Payments,Online Store,fulfilled,Germany,,Not Required,Taylorbury
#1800,04-Aug-2026,Kaitlyn Hernandez,Email Available,kaitlyn.hernandez713@gmail.com,Classic Cotton T-Shirt,Apparel,TSH-BLK-L,1,$14.99,,$0.00,$5.99,$20.98,Normal,Shopify Payments,Instagram,pending,Germany,,Not Required,West Christine
#1801,04-Aug-2026,Jacqueline Richmond,Email Available,jacqueline.richmond595@outlook.com,Wireless Mouse,Electronics,ELC-MSE-WL,1,$11.99,,$0.00,$4.99,$16.98,Normal,Apple Pay,Facebook,fulfilled,United States,Washington,Valid,Nicholasview
#1802,04-Aug-2026,Ronald Davis,Email Available,ronald.davis995@yahoo.com,Non-Stick Frying Pan 10in,Home & Kitchen,HK-PAN-10,1,$24.99,VIP15,$3.75,$4.99,$26.23,Normal,PayPal,Instagram,fulfilled,Pakistan,,Not Required,Nicoletown
#1803,04-Aug-2026,Kimberly Cordova,Email Available,kimberly.cordova508@icloud.com,Slim Fit Denim Jeans,Apparel,JNS-BLU-32,1,$39.99,,$0.00,$7.99,$47.98,Normal,Credit Card,Facebook,pending,Pakistan,,Not Required,Pamelabury
#1804,04-Aug-2026,Rhonda Chapman,Email Available,rhonda.chapman481@yahoo.com,Wireless Bluetooth Earbuds,Electronics,ELC-WBE-01,1,$29.99,,$0.00,$7.99,$37.98,Normal,Apple Pay,Facebook,refunded,United States,Texas,Valid,South Johntown
#1805,04-Aug-2026,Joshua Vaughan,Email Available,joshua.vaughan453@yahoo.com,Wireless Mouse,Electronics,ELC-MSE-WL,2,$11.99,,$0.00,$7.99,$31.97,Normal,Credit Card,Instagram,pending,Australia,,Not Required,New Brianfurt
#1806,04-Aug-2026,Diane Campos,Email Available,diane.campos325@gmail.com,Phone Case - Clear,Electronics,ELC-CSE-CLR,1,$8.99,,$0.00,$4.99,$13.98,Normal,Shopify Payments,Online Store,cancelled,United States,Canada,Valid,Yangville
#1807,04-Aug-2026,Natalie Dixon,Email Available,natalie.dixon388@outlook.com,Hooded Sweatshirt,Apparel,APR-HOD-GRY,1,$34.99,VIP15,$5.25,$4.99,$34.73,Normal,Credit Card,Online Store,fulfilled,United States,Ohio,Valid,Claudiashire
#1808,04-Aug-2026,jeremy tucker,Email Available,jeremy.tucker26@yahoo.com,Scented Soy Candle - Vanilla,Home & Kitchen,HK-CND-VAN,1,$9.99,,$0.00,$5.99,$15.98,Normal,Credit Card,Facebook,fulfilled,United States,Florida,Valid,Jessicafurt
#1809,04-Aug-2026,Denise Phillips,Email Available,denise.phillips810@gmail.com,Throw Blanket - Fleece,Home & Kitchen,HK-BLK-FLC,1,$17.99,,$0.00,$5.99,$23.98,Normal,PayPal,Online Store,fulfilled,United States,Florida,Valid,Charleschester
#1810,04-Aug-2026,James Miller,Email Available,james.miller866@yahoo.com,Ceramic Coffee Mug Set (4pc),Home & Kitchen,HK-MUG-4PK,1,$18.99,FREESHIP,$0.00,$0.00,$18.99,Normal,Google Pay,Online Store,fulfilled,Pakistan,,Not Required,North Williamstad
#1811,04-Aug-2026,Erika Maxwell,Email Available,erika.maxwell281@gmail.com,Classic Cotton T-Shirt,Apparel,TSH-BLK-L,2,$14.99,FREESHIP,$0.00,$0.00,$29.98,Normal,Shopify Payments,Online Store,cancelled,United States,North Carolina,Valid,East Jeffrey
#1812,04-Aug-2026,Tyler Williams,Email Available,tyler.williams938@outlook.com,Polarized Sunglasses,Accessories,ACC-SUN-01,1,$16.99,SAVE20,$3.40,$5.99,$19.58,Normal,Credit Card,Online Store,fulfilled,Australia,,Not Required,Kathyshire
#1813,04-Aug-2026,John Carson,Email Available,john.carson203@yahoo.com,Stainless Steel Water Bottle,Home & Kitchen,HK-BTL-750,1,$12.99,,$0.00,$5.99,$18.98,Normal,Shopify Payments,POS,pending,United States,Arizona,Valid,West Kevinview
#1814,04-Aug-2026,Christy Phillips,Email Available,christy.phillips291@gmail.com,Slim Fit Denim Jeans,Apparel,JNS-BLU-32,1,$39.99,BFCM25,$10.00,$7.99,$37.98,Normal,Google Pay,Instagram,refunded,Pakistan,,Not Required,Nicholasburgh
#1815,04-Aug-2026,Rose Campos,Email Available,rose.campos542@gmail.com,Classic Cotton T-Shirt,Apparel,TSH-BLK-M,2,$14.99,WELCOME10,$3.00,$5.99,$32.97,Normal,Google Pay,Online Store,cancelled,Canada,,Not Required,Smithfort
#1816,04-Aug-2026,Karen Bautista,Email Available,karen.bautista779@icloud.com,Scented Soy Candle - Vanilla,Home & Kitchen,HK-CND-VAN,1,$9.99,BFCM25,$2.50,$4.99,$12.48,Normal,Apple Pay,Instagram,fulfilled,United States,California,Valid,West Kyle
#1817,04-Aug-2026,Randall Rhodes,Email Available,randall.rhodes730@outlook.com,USB-C Fast Charger 20W,Electronics,ELC-CHG-20,1,$15.49,FREESHIP,$0.00,$0.00,$15.49,Normal,Google Pay,POS,refunded,United Kingdom,,Not Required,North Joseph
#1818,04-Aug-2026,Amanda Harris,Email Available,amanda.harris197@gmail.com,USB-C Fast Charger 20W,Electronics,ELC-CHG-20,1,$15.49,,$0.00,$5.99,$21.48,Normal,Google Pay,Instagram,pending,United States,Washington,Valid,Richardsonburgh
#1819,04-Aug-2026,Joseph Phillips,Email Available,joseph.phillips672@yahoo.com,Wireless Mouse,Electronics,ELC-MSE-WL,1,$11.99,SAVE20,$2.40,$4.99,$14.58,Normal,Shopify Payments,Online Store,fulfilled,Pakistan,,Not Required,Diazfort
#1820,04-Aug-2026,Albert Phillips,Email Available,albert.phillips237@gmail.com,Resistance Bands Set,Sports & Outdoors,SP-RBS-SET,1,$13.99,WELCOME10,$1.40,$7.99,$20.58,Normal,Apple Pay,Online Store,fulfilled,United States,North Carolina,Valid,Berrystad
#1821,04-Aug-2026,Joseph Phillips,Email Available,joseph.phillips672@yahoo.com,Backpack - 25L,Accessories,ACC-BPK-25L,1,$32.99,,$0.00,$7.99,$40.98,Normal,Credit Card,Instagram,fulfilled,Pakistan,,Not Required,Austinview
#1822,04-Aug-2026,Christopher Osborne,Email Available,christopher.osborne481@yahoo.com,Phone Case - Clear,Electronics,ELC-CSE-CLR,2,$8.99,FREESHIP,$0.00,$0.00,$17.98,Normal,Shopify Payments,POS,pending,United States,New York,Valid,West Gabrielland
#1823,04-Aug-2026,Kathryn Robinson,Email Available,kathryn.robinson965@gmail.com,Non-Stick Frying Pan 10in,Home & Kitchen,HK-PAN-10,2,$24.99,,$0.00,$4.99,$54.97,Normal,PayPal,Instagram,fulfilled,United Kingdom,,Not Required,Port Rebecca
#1824,04-Aug-2026,Peter Alvarez,Email Available,peter.alvarez465@yahoo.com,Ceramic Coffee Mug Set (4pc),Home & Kitchen,HK-MUG-4PK,2,$18.99,,$0.00,$5.99,$43.97,Normal,Credit Card,Facebook,fulfilled,United States,Washington,Valid,South Andrew
#1825,04-Aug-2026,Brian Ruiz,Email Available,brian.ruiz246@gmail.com,Vitamin C Serum 30ml,Beauty,BTY-SRM-30,2,$24.99,FREESHIP,$0.00,$0.00,$49.98,Normal,Apple Pay,Online Store,fulfilled,Germany,,Not Required,Port Peter
#1826,04-Aug-2026,Joshua Owens,Email Available,joshua.owens56@icloud.com,Throw Blanket - Fleece,Home & Kitchen,HK-BLK-FLC,1,$17.99,,$0.00,$4.99,$22.98,Normal,PayPal,POS,fulfilled,United States,Ohio,Valid,North Aprilburgh
#1827,04-Aug-2026,Kelly Ramos,Email Available,kelly.ramos77@gmail.com,Classic Cotton T-Shirt,Apparel,TSH-BLK-L,1,$14.99,BFCM25,$3.75,$7.99,$19.23,Normal,Credit Card,Online Store,refunded,Canada,,Not Required,North Evan
#1828,04-Aug-2026,Megan Dickson,Email Available,megan.dickson508@gmail.com,Classic Cotton T-Shirt,Apparel,TSH-BLK-M,1,$14.99,,$0.00,$5.99,$20.98,Normal,PayPal,POS,fulfilled,United Kingdom,,Not Required,East Michael
#1829,04-Aug-2026,Brian Ruiz,Email Available,brian.ruiz246@gmail.com,Stainless Steel Water Bottle,Home & Kitchen,HK-BTL-750,1,$12.99,WELCOME10,$1.30,$7.99,$19.68,Normal,Shopify Payments,Online Store,fulfilled,Germany,,Not Required,Alvarezstad
#1830,04-Aug-2026,Tammy Hawkins,Email Available,tammy.hawkins461@outlook.com,Scented Soy Candle - Vanilla,Home & Kitchen,HK-CND-VAN,1,$9.99,SAVE20,$2.00,$7.99,$15.98,Normal,Google Pay,Online Store,cancelled,United States,Georgia,Valid,Salazarland
#1831,04-Aug-2026,Joseph Martin,Email Available,joseph.martin348@icloud.com,Adjustable Dumbbell Set,Sports & Outdoors,SP-DMB-ADJ,2,$89.99,,$0.00,$0.00,$179.98,Outlier,PayPal,Online Store,fulfilled,United States,New York,Valid,Port Danielstad
#1832,04-Aug-2026,David Knapp,Email Available,david.knapp687@yahoo.com,Backpack - 25L,Accessories,ACC-BPK-25L,2,$32.99,,$0.00,$7.99,$73.97,Normal,PayPal,Online Store,fulfilled,United States,Florida,Valid,Rayhaven
#1833,04-Aug-2026,Rhonda Chapman,Email Available,rhonda.chapman481@yahoo.com,USB-C Fast Charger 20W,Electronics,ELC-CHG-20,1,$15.49,FREESHIP,$0.00,$0.00,$15.49,Normal,Credit Card,POS,fulfilled,United States,New York,Valid,Jacksontown
#1834,04-Aug-2026,Natalie Dixon,Email Available,natalie.dixon388@outlook.com,Leather Wallet - Brown,Accessories,ACC-WLT-BRN,4,$19.99,,$0.00,$0.00,$79.96,Normal,PayPal,Facebook,fulfilled,United States,Texas,Valid,Jennyfurt
#1835,04-Aug-2026,Diane Campos,Email Available,diane.campos325@gmail.com,Slim Fit Denim Jeans,Apparel,JNS-BLU-32,1,$39.99,BFCM25,$10.00,$7.99,$37.98,Normal,Credit Card,POS,fulfilled,United States,Georgia,Valid,Port Karenland
#1836,04-Aug-2026,Sergio Turner,Email Available,sergio.turner744@outlook.com,Wireless Mouse,Electronics,ELC-MSE-WL,2,$11.99,,$0.00,$4.99,$28.97,Normal,Credit Card,Facebook,fulfilled,Germany,,Not Required,Fordburgh
#1837,04-Aug-2026,Charles Franco,Email Available,charles.franco761@outlook.com,Stainless Steel Water Bottle,Home & Kitchen,HK-BTL-750,1,$12.99,,$0.00,$7.99,$20.98,Normal,Credit Card,Online Store,pending,United States,Florida,Valid,Kristytown
#1838,04-Aug-2026,Nicholas Jarvis,Email Available,nicholas.jarvis112@icloud.com,Throw Blanket - Fleece,Home & Kitchen,HK-BLK-FLC,2,$17.99,BFCM25,$8.99,$4.99,$31.98,Normal,Apple Pay,Facebook,fulfilled,Canada,,Not Required,Riverastad
#1839,04-Aug-2026,Matthew Riley,Email Available,matthew.riley309@yahoo.com,Running Shoes - Men's,Footwear,FTW-RUN-M,1,$54.99,,$0.00,$4.99,$59.98,Normal,Apple Pay,Online Store,fulfilled,Canada,,Not Required,West Albertton
#1840,04-Aug-2026,Dustin Mccoy,Email Available,dustin.mccoy570@gmail.com,Running Shoes - Men's,Footwear,FTW-RUN-M,1,$54.99,SAVE20,$11.00,$4.99,$48.98,Normal,Apple Pay,POS,fulfilled,Canada,,Not Required,West Donfurt
#1841,04-Aug-2026,William Houston,Email Available,william.houston340@outlook.com,Running Shoes - Men's,Footwear,FTW-RUN-M,1,$54.99,,$0.00,$5.99,$60.98,Normal,Credit Card,POS,cancelled,United States,Ohio,Valid,Port Lynn
#1842,04-Aug-2026,Richard Ward,Email Available,richard.ward894@icloud.com,Classic Cotton T-Shirt,Apparel,TSH-BLK-L,2,$14.99,,$0.00,$7.99,$37.97,Normal,Apple Pay,Facebook,refunded,Pakistan,,Not Required,East Nicolefort
#1843,04-Aug-2026,Devin Jones,Email Available,devin.jones807@yahoo.com,Slim Fit Denim Jeans,Apparel,JNS-BLU-32,2,$39.99,,$0.00,$0.00,$79.98,Normal,PayPal,POS,pending,Pakistan,,Not Required,New Amyville
#1844,04-Aug-2026,Rebecca Watts,Email Available,rebecca.watts779@gmail.com,Non-Stick Frying Pan 10in,Home & Kitchen,HK-PAN-10,1,$24.99,WELCOME10,$2.50,$4.99,$27.48,Normal,PayPal,Instagram,fulfilled,United States,Arizona,Valid,Katherinestad
#1845,04-Aug-2026,Thomas Rojas,Email Available,thomas.rojas667@icloud.com,Kids Building Blocks Set,Toys,TOY-BLK-SET,2,$27.99,FREESHIP,$0.00,$0.00,$55.98,Normal,Google Pay,Facebook,fulfilled,United States,Washington,Valid,Smithberg
#1846,04-Aug-2026,Heather Davis,Email Available,heather.davis117@icloud.com,Scented Soy Candle - Vanilla,Home & Kitchen,HK-CND-VAN,2,$9.99,,$0.00,$4.99,$24.97,Normal,Apple Pay,POS,fulfilled,Germany,,Not Required,Humphreymouth
#1847,04-Aug-2026,Julia Atkinson,Email Available,julia.atkinson939@gmail.com,Throw Blanket - Fleece,Home & Kitchen,HK-BLK-FLC,2,$17.99,,$0.00,$7.99,$43.97,Normal,Shopify Payments,Instagram,fulfilled,Canada,,Not Required,Johnsonberg
#1848,04-Aug-2026,Dustin Mccoy,Email Available,dustin.mccoy570@gmail.com,Throw Blanket - Fleece,Home & Kitchen,HK-BLK-FLC,1,$17.99,SAVE20,$3.60,$5.99,$20.38,Normal,Shopify Payments,Facebook,fulfilled,Canada,,Not Required,Jesusland
#1849,04-Aug-2026,Stacey Johnson,Missing Email,,Stainless Steel Water Bottle,Home & Kitchen,HK-BTL-750,1,$12.99,FREESHIP,$0.00,$0.00,$12.99,Normal,Credit Card,Online Store,refunded,United States,New York,Valid,Gravesshire
#1850,04-Aug-2026,Ronald Davis,Email Available,ronald.davis995@yahoo.com,Stainless Steel Water Bottle,Home & Kitchen,HK-BTL-750,1,$12.99,,$0.00,$7.99,$20.98,Normal,Google Pay,Instagram,pending,Pakistan,,Not Required,Lake Johnbury
#1851,04-Aug-2026,Joshua Miller,Email Available,joshua.miller362@gmail.com,Resistance Bands Set,Sports & Outdoors,SP-RBS-SET,2,$13.99,SAVE20,$5.60,$7.99,$30.37,Normal,PayPal,POS,cancelled,Canada,,Not Required,Jonesfort
#1852,04-Aug-2026,Andrea Martinez,Email Available,andrea.martinez756@yahoo.com,Slim Fit Denim Jeans,Apparel,JNS-BLU-32,1,$39.99,,$0.00,$4.99,$44.98,Normal,Shopify Payments,Online Store,cancelled,Australia,,Not Required,South Michelle
#1853,04-Aug-2026,Maria Patterson,Email Available,maria.patterson62@icloud.com,Portable Power Bank 10000mAh,Electronics,ELC-PWB-10K,1,$21.99,,$0.00,$5.99,$27.98,Normal,Shopify Payments,Online Store,refunded,United States,Florida,Valid,Lake Lindaport
#1854,04-Aug-2026,Maria Patterson,Email Available,maria.patterson62@icloud.com,Portable Power Bank 10000mAh,Electronics,ELC-PWB-10K,1,$21.99,,$0.00,$7.99,$29.98,Normal,Google Pay,Facebook,fulfilled,United States,Ohio,Valid,Tonybury
#1855,04-Aug-2026,Denise Chen,Email Available,denise.chen782@outlook.com,Wireless Mouse,Electronics,ELC-MSE-WL,1,$11.99,FREESHIP,$0.00,$0.00,$11.99,Normal,Google Pay,Instagram,fulfilled,Australia,,Not Required,Jamesfort
#1856,04-Aug-2026,James Castro,Email Available,james.castro923@icloud.com,Running Shoes - Men's,Footwear,FTW-RUN-M,1,$54.99,,$0.00,$5.99,$60.98,Normal,Google Pay,POS,refunded,Pakistan,,Not Required,South Leslie
#1857,04-Aug-2026,Kayla Cruz,Email Available,kayla.cruz151@outlook.com,Kids Building Blocks Set,Toys,TOY-BLK-SET,1,$27.99,,$0.00,$5.99,$33.98,Normal,Shopify Payments,Online Store,fulfilled,Pakistan,,Not Required,Sydneyville
#1858,04-Aug-2026,Lisa Zuniga,Email Available,lisa.zuniga825@outlook.com,Leather Wallet - Brown,Accessories,ACC-WLT-BRN,1,$19.99,WELCOME10,$2.00,$5.99,$23.98,Normal,PayPal,POS,fulfilled,Germany,,Not Required,East William
#1859,04-Aug-2026,Sarah Webb,Email Available,sarah.webb997@outlook.com,Adjustable Dumbbell Set,Sports & Outdoors,SP-DMB-ADJ,3,$89.99,VIP15,$40.50,$0.00,$229.47,Outlier,PayPal,Facebook,fulfilled,Germany,,Not Required,North Ronald
#1860,04-Aug-2026,Anthony Krueger,Email Available,anthony.krueger812@yahoo.com,Running Shoes - Women's,Footwear,FTW-RUN-W,1,$54.99,WELCOME10,$5.50,$5.99,$55.48,Normal,Google Pay,Online Store,fulfilled,Pakistan,,Not Required,Simpsonstad
#1861,04-Aug-2026,Gerald Li,Email Available,gerald.li856@icloud.com,Stainless Steel Water Bottle,Home & Kitchen,HK-BTL-750,1,$12.99,,$0.00,$5.99,$18.98,Normal,Credit Card,Online Store,fulfilled,United States,Ohio,Valid,Blackwellland
#1862,04-Aug-2026,Jennifer Burke,Email Available,jennifer.burke472@icloud.com,Leather Wallet - Brown,Accessories,ACC-WLT-BRN,1,$19.99,,$0.00,$7.99,$27.98,Normal,Google Pay,POS,fulfilled,Pakistan,,Not Required,Port Jason
#1863,04-Aug-2026,Chad Smith,Email Available,chad.smith773@icloud.com,Running Shoes - Women's,Footwear,FTW-RUN-W,1,$54.99,FREESHIP,$0.00,$0.00,$54.99,Normal,PayPal,Online Store,cancelled,Pakistan,,Not Required,Amandaland
#1864,04-Aug-2026,Allen Diaz,Email Available,allen.diaz546@gmail.com,Ceramic Coffee Mug Set (4pc),Home & Kitchen,HK-MUG-4PK,1,$18.99,,$0.00,$4.99,$23.98,Normal,PayPal,Online Store,refunded,United States,Georgia,Valid,Coreyton
#1865,04-Aug-2026,Matthew Perez,Email Available,matthew.perez875@gmail.com,USB-C Fast Charger 20W,Electronics,ELC-CHG-20,2,$15.49,BFCM25,$7.75,$4.99,$28.22,Normal,Apple Pay,Online Store,fulfilled,Pakistan,,Not Required,Port Traciburgh
#1866,04-Aug-2026,Melissa Jones,Email Available,melissa.jones297@yahoo.com,Ceramic Coffee Mug Set (4pc),Home & Kitchen,HK-MUG-4PK,1,$18.99,FREESHIP,$0.00,$0.00,$18.99,Normal,Credit Card,Online Store,pending,United States,Florida,Valid,Kelseybury
#1867,04-Aug-2026,Nicholas Jarvis,Missing Email,,Vitamin C Serum 30ml,Beauty,BTY-SRM-30,3,$24.99,,$0.00,$7.99,$82.96,Outlier,Apple Pay,Online Store,fulfilled,Canada,,Not Required,South Michaelmouth
#1868,04-Aug-2026,Kayla Cruz,Email Available,kayla.cruz151@outlook.com,Resistance Bands Set,Sports & Outdoors,SP-RBS-SET,1,$13.99,SAVE20,$2.80,$4.99,$16.18,Normal,Google Pay,Online Store,fulfilled,Pakistan,,Not Required,West Amber
#1869,04-Aug-2026,Jennifer Burke,Email Available,jennifer.burke472@icloud.com,Scented Soy Candle - Vanilla,Home & Kitchen,HK-CND-VAN,1,$9.99,,$0.00,$7.99,$17.98,Normal,Shopify Payments,Facebook,fulfilled,Pakistan,,Not Required,Lake Thomasville
#1870,04-Aug-2026,Christopher Harrington,Email Available,christopher.harrington960@gmail.com,Polarized Sunglasses,Accessories,ACC-SUN-01,1,$16.99,SAVE20,$3.40,$7.99,$21.58,Normal,PayPal,Online Store,fulfilled,Australia,,Not Required,Danaton
#1871,04-Aug-2026,Ronald Stanley,Email Available,ronald.stanley7@yahoo.com,Portable Power Bank 10000mAh,Electronics,ELC-PWB-10K,2,$21.99,SAVE20,$8.80,$7.99,$43.17,Normal,Apple Pay,POS,pending,United States,Arizona,Valid,West Laura
#1872,04-Aug-2026,Melissa James,Email Available,melissa.james674@outlook.com,Wireless Mouse,Electronics,ELC-MSE-WL,2,$11.99,,$0.00,$5.99,$29.97,Normal,PayPal,Instagram,cancelled,United States,Texas,Valid,Lake Kennethport
#1873,04-Aug-2026,Thomas Rojas,Email Available,thomas.rojas667@icloud.com,Wireless Mouse,Electronics,ELC-MSE-WL,1,$11.99,,$0.00,$7.99,$19.98,Normal,Apple Pay,Online Store,fulfilled,United States,Georgia,Valid,Johnsonton
#1874,04-Aug-2026,"Nguyen, Lauren",Email Available,lauren.nguyen819@outlook.com,Classic Cotton T-Shirt,Apparel,TSH-BLK-M,2,$14.99,,$0.00,$5.99,$35.97,Normal,Apple Pay,POS,fulfilled,United Kingdom,,Not Required,East Adamview
#1875,04-Aug-2026,Jaime Vargas,Email Available,jaime.vargas795@outlook.com,Polarized Sunglasses,Accessories,ACC-SUN-01,1,$16.99,,$0.00,$5.99,$22.98,Normal,Credit Card,Online Store,fulfilled,United Kingdom,,Not Required,Youngmouth
#1876,04-Aug-2026,Tasha Morales,Email Available,tasha.morales378@outlook.com,Portable Power Bank 10000mAh,Electronics,ELC-PWB-10K,1,$21.99,,$0.00,$4.99,$26.98,Normal,Google Pay,Instagram,fulfilled,United States,Ohio,Valid,New James
#1877,04-Aug-2026,"Chavez, Summer",Email Available,summer.chavez101@icloud.com,Scented Soy Candle - Vanilla,Home & Kitchen,HK-CND-VAN,1,$9.99,SAVE20,$2.00,$7.99,$15.98,Normal,Apple Pay,Online Store,pending,United States,Arizona,Valid,Port Colleen
#1878,04-Aug-2026,Kaitlyn Hernandez,Email Available,kaitlyn.hernandez192@gmail.com,Running Shoes - Women's,Footwear,FTW-RUN-W,1,$54.99,,$0.00,$5.99,$60.98,Normal,PayPal,Facebook,fulfilled,Pakistan,,Not Required,North Lindseymouth
#1879,04-Aug-2026,Mark Mata,Email Available,mark.mata757@outlook.com,Hooded Sweatshirt,Apparel,APR-HOD-GRY,1,$34.99,,$0.00,$5.99,$40.98,Normal,Credit Card,Facebook,fulfilled,United States,Washington,Valid,Christophermouth
#1880,04-Aug-2026,Tina Crane,Email Available,tina.crane554@gmail.com,USB-C Fast Charger 20W,Electronics,ELC-CHG-20,1,$15.49,FREESHIP,$0.00,$0.00,$15.49,Normal,Google Pay,Facebook,fulfilled,United Kingdom,,Not Required,West Susanchester
#1881,04-Aug-2026,Gregory Tanner,Email Available,gregory.tanner968@outlook.com,Ceramic Coffee Mug Set (4pc),Home & Kitchen,HK-MUG-4PK,1,$18.99,FREESHIP,$0.00,$0.00,$18.99,Normal,PayPal,Instagram,cancelled,United States,New York,Valid,South Josephborough
#1882,04-Aug-2026,Joshua Thompson,Email Available,joshua.thompson522@outlook.com,Wireless Mouse,Electronics,ELC-MSE-WL,1,$11.99,,$0.00,$5.99,$17.98,Normal,Shopify Payments,Instagram,fulfilled,Pakistan,,Not Required,North Travis
#1883,04-Aug-2026,Jennifer Martin,Missing Email,,Running Shoes - Women's,Footwear,FTW-RUN-W,2,$54.99,SAVE20,$22.00,$0.00,$87.98,Outlier,Apple Pay,Facebook,fulfilled,United States,Illinois,Valid,Robertstad
#1884,04-Aug-2026,"Krueger, Anthony",Email Available,anthony.krueger812@yahoo.com,Classic Cotton T-Shirt,Apparel,TSH-BLK-L,1,$14.99,,$0.00,$7.99,$22.98,Normal,Google Pay,Instagram,fulfilled,Pakistan,,Not Required,Tiffanyview
#1885,04-Aug-2026,Anthony Hunt,Email Available,anthony.hunt521@outlook.com,Portable Power Bank 10000mAh,Electronics,ELC-PWB-10K,1,$21.99,,$0.00,$7.99,$29.98,Normal,Google Pay,Online Store,pending,United States,Texas,Valid,Loweland
#1886,04-Aug-2026,Jennifer Martin,Missing Email,,Phone Case - Clear,Electronics,ELC-CSE-CLR,1,$8.99,,$0.00,$4.99,$13.98,Normal,PayPal,Online Store,refunded,United States,Illinois,Valid,Brianmouth
#1887,04-Aug-2026,Sheryl Nguyen,Email Available,sheryl.nguyen272@outlook.com,Hooded Sweatshirt,Apparel,APR-HOD-GRY,1,$34.99,,$0.00,$7.99,$42.98,Normal,Google Pay,Online Store,fulfilled,United States,California,Valid,Cindyville
#1888,04-Aug-2026,Julia Atkinson,Email Available,julia.atkinson939@gmail.com,Ceramic Coffee Mug Set (4pc),Home & Kitchen,HK-MUG-4PK,1,$18.99,,$0.00,$5.99,$24.98,Normal,Shopify Payments,Online Store,fulfilled,Canada,,Not Required,Lisahaven
#1889,04-Aug-2026,Danielle Morrow,Email Available,danielle.morrow805@outlook.com,Scented Soy Candle - Vanilla,Home & Kitchen,HK-CND-VAN,1,$9.99,VIP15,$1.50,$4.99,$13.48,Normal,Credit Card,Online Store,fulfilled,United Kingdom,,Not Required,Johnchester
#1890,04-Aug-2026,Kristina Cook,Email Available,kristina.cook392@outlook.com,Portable Power Bank 10000mAh,Electronics,ELC-PWB-10K,1,$21.99,BFCM25,$5.50,$4.99,$21.48,Normal,Apple Pay,Online Store,fulfilled,United States,Washington,Valid,New Brendaville
#1891,04-Aug-2026,Anthony Marshall,Email Available,anthony.marshall823@yahoo.com,Running Shoes - Men's,Footwear,FTW-RUN-M,1,$54.99,WELCOME10,$5.50,$7.99,$57.48,Normal,PayPal,Online Store,fulfilled,United States,Arizona,Valid,West Alisonstad
#1892,04-Aug-2026,Thomas Vazquez,Email Available,thomas.vazquez673@icloud.com,Backpack - 25L,Accessories,ACC-BPK-25L,1,$32.99,,$0.00,$7.99,$40.98,Normal,Google Pay,Online Store,refunded,Germany,,Not Required,West Amy
#1893,04-Aug-2026,Rodney Lamb,Email Available,rodney.lamb872@icloud.com,Vitamin C Serum 30ml,Beauty,BTY-SRM-30,1,$24.99,,$0.00,$7.99,$32.98,Normal,Credit Card,Online Store,pending,Australia,,Not Required,Martinezland
#1894,04-Aug-2026,"Davis, Alan",Email Available,alan.davis483@icloud.com,Running Shoes - Women's,Footwear,FTW-RUN-W,1,$54.99,WELCOME10,$5.50,$4.99,$54.48,Normal,Apple Pay,Online Store,cancelled,Canada,,Not Required,West Joseph
#1895,04-Aug-2026,Tanya Brown,Email Available,tanya.brown516@outlook.com,Classic Cotton T-Shirt,Apparel,TSH-BLK-L,1,$14.99,FREESHIP,$0.00,$0.00,$14.99,Normal,Google Pay,POS,fulfilled,United States,Arizona,Valid,South Melissa
#1896,04-Aug-2026,Linda Scott,Email Available,linda.scott2@icloud.com,Leather Wallet - Brown,Accessories,ACC-WLT-BRN,1,$19.99,BFCM25,$5.00,$7.99,$22.98,Normal,Credit Card,POS,refunded,Canada,,Not Required,Lake Brentland
#1897,04-Aug-2026,Anthony Patterson,Email Available,anthony.patterson944@gmail.com,Non-Stick Frying Pan 10in,Home & Kitchen,HK-PAN-10,1,$24.99,,$0.00,$5.99,$30.98,Normal,Credit Card,Instagram,fulfilled,Pakistan,,Not Required,Wilkersonberg
#1898,04-Aug-2026,David Hayden,Email Available,david.hayden411@outlook.com,Leather Wallet - Brown,Accessories,ACC-WLT-BRN,1,$19.99,,$0.00,$5.99,$25.98,Normal,Shopify Payments,Instagram,fulfilled,Australia,,Not Required,Westfurt
#1899,04-Aug-2026,Deborah Wilson,Email Available,deborah.wilson691@icloud.com,Backpack - 25L,Accessories,ACC-BPK-25L,2,$32.99,FREESHIP,$0.00,$0.00,$65.98,Normal,PayPal,Online Store,fulfilled,United Kingdom,,Not Required,South Amandachester
#1900,04-Aug-2026,Jesus Mason,Email Available,jesus.mason798@icloud.com,USB-C Fast Charger 20W,Electronics,ELC-CHG-20,2,$15.49,,$0.00,$4.99,$35.97,Normal,Shopify Payments,Online Store,fulfilled,United States,Texas,Valid,Lake Seanton
#1901,04-Aug-2026,Amanda Robinson,Email Available,amanda.robinson263@icloud.com,Hooded Sweatshirt,Apparel,APR-HOD-GRY,1,$34.99,,$0.00,$7.99,$42.98,Normal,Google Pay,Online Store,fulfilled,United States,Ohio,Valid,New Richard
#1902,04-Aug-2026,Tracy Adams,Email Available,tracy.adams712@icloud.com,Facial Cleanser 200ml,Beauty,BTY-CLN-200,2,$13.49,FREESHIP,$0.00,$0.00,$26.98,Normal,Credit Card,Online Store,cancelled,United States,Georgia,Valid,Robertland
#1903,04-Aug-2026,Justin Chavez,Email Available,justin.chavez556@gmail.com,Slim Fit Denim Jeans,Apparel,JNS-BLU-32,1,$39.99,SAVE20,$8.00,$5.99,$37.98,Normal,Shopify Payments,Online Store,refunded,United States,Texas,Valid,Timothyview
#1904,04-Aug-2026,christopher osborne,Email Available,christopher.osborne481@yahoo.com,Leather Wallet - Brown,Accessories,ACC-WLT-BRN,1,$19.99,,$0.00,$7.99,$27.98,Normal,Credit Card,POS,fulfilled,United States,Canada,Valid,West Adamport
#1905,04-Aug-2026,Justin Smith,Email Available,justin.smith204@yahoo.com,Vitamin C Serum 30ml,Beauty,BTY-SRM-30,1,$24.99,FREESHIP,$0.00,$0.00,$24.99,Normal,Shopify Payments,Online Store,pending,United Kingdom,,Not Required,Richardfort
#1906,04-Aug-2026,Tracy Adams,Email Available,tracy.adams712@icloud.com,Classic Cotton T-Shirt,Apparel,TSH-BLK-L,1,$14.99,,$0.00,$4.99,$19.98,Normal,Google Pay,Online Store,fulfilled,United States,North Carolina,Valid,Jacksonside
#1907,04-Aug-2026,Angela Carr,Email Available,angela.carr488@yahoo.com,Vitamin C Serum 30ml,Beauty,BTY-SRM-30,1,$24.99,BFCM25,$6.25,$4.99,$23.73,Normal,Google Pay,Instagram,fulfilled,United States,North Carolina,Valid,Batesstad
#1908,04-Aug-2026,William Houston,Email Available,william.houston340@outlook.com,Slim Fit Denim Jeans,Apparel,JNS-BLU-32,1,$39.99,,$0.00,$7.99,$47.98,Normal,Apple Pay,Facebook,fulfilled,United States,California,Valid,East Terryfurt
#1909,04-Aug-2026,Suzanne Robertson,Email Available,suzanne.robertson435@gmail.com,Wireless Mouse,Electronics,ELC-MSE-WL,2,$11.99,BFCM25,$6.00,$7.99,$25.97,Normal,Credit Card,Online Store,fulfilled,Australia,,Not Required,South Monica
#1910,04-Aug-2026,Maria Leon,Email Available,maria.leon163@outlook.com,Yoga Mat - Extra Thick,Sports & Outdoors,SP-YGM-EX,3,$22.99,,$0.00,$5.99,$74.96,Normal,PayPal,POS,cancelled,Canada,,Not Required,Olsenshire
#1911,04-Aug-2026,Daniel Contreras,Missing Email,,Portable Power Bank 10000mAh,Electronics,ELC-PWB-10K,1,$21.99,,$0.00,$4.99,$26.98,Normal,PayPal,POS,cancelled,Australia,,Not Required,Veronicafort
#1912,04-Aug-2026,Sergio Turner,Email Available,sergio.turner744@outlook.com,Adjustable Dumbbell Set,Sports & Outdoors,SP-DMB-ADJ,1,$89.99,,$0.00,$0.00,$89.99,Outlier,Apple Pay,Facebook,cancelled,Germany,,Not Required,Seanshire
#1913,04-Aug-2026,Thomas Rojas,Email Available,thomas.rojas667@icloud.com,Wireless Bluetooth Earbuds,Electronics,ELC-WBE-01,3,$29.99,,$0.00,$0.00,$89.97,Outlier,Credit Card,POS,fulfilled,United States,Washington,Valid,North Johnview
#1914,04-Aug-2026,Emily Hicks,Email Available,emily.hicks49@outlook.com,Polarized Sunglasses,Accessories,ACC-SUN-01,2,$16.99,WELCOME10,$3.40,$4.99,$35.57,Normal,Apple Pay,Facebook,fulfilled,Germany,,Not Required,Lake Ashleyton
#1915,04-Aug-2026,George Green,Email Available,george.green694@icloud.com,Polarized Sunglasses,Accessories,ACC-SUN-01,2,$16.99,WELCOME10,$3.40,$4.99,$35.57,Normal,Credit Card,Facebook,cancelled,United States,North Carolina,Valid,West Kathryn
#1916,04-Aug-2026,Sandra Potter,Email Available,sandra.potter166@yahoo.com,USB-C Fast Charger 20W,Electronics,ELC-CHG-20,1,$15.49,,$0.00,$7.99,$23.48,Normal,Apple Pay,POS,fulfilled,United States,Illinois,Valid,Greenbury
#1917,04-Aug-2026,Tina Singh,Email Available,tina.singh98@icloud.com,Ceramic Coffee Mug Set (4pc),Home & Kitchen,HK-MUG-4PK,1,$18.99,SAVE20,$3.80,$5.99,$21.18,Normal,PayPal,POS,pending,United States,Ohio,Valid,East Brianna
#1918,04-Aug-2026,Tina Singh,Email Available,tina.singh98@icloud.com,Scented Soy Candle - Vanilla,Home & Kitchen,HK-CND-VAN,1,$9.99,SAVE20,$2.00,$4.99,$12.98,Normal,Shopify Payments,Online Store,fulfilled,United States,Arizona,Valid,West Stephenton
#1919,04-Aug-2026,  Catherine Mcgee,Email Available,catherine.mcgee63@icloud.com,Facial Cleanser 200ml,Beauty,BTY-CLN-200,2,$13.49,,$0.00,$4.99,$31.97,Normal,Credit Card,Instagram,fulfilled,Australia,,Not Required,Knightmouth
#1920,04-Aug-2026,Heather Rivers,Email Available,heather.rivers451@icloud.com,Vitamin C Serum 30ml,Beauty,BTY-SRM-30,3,$24.99,SAVE20,$14.99,$5.99,$65.97,Normal,Credit Card,POS,refunded,United States,Texas,Valid,Juanland
#1921,04-Aug-2026,Lauren Howard,Email Available,lauren.howard163@icloud.com,Yoga Mat - Extra Thick,Sports & Outdoors,SP-YGM-EX,1,$22.99,,$0.00,$5.99,$28.98,Normal,PayPal,Instagram,pending,United States,New York,Valid,New Philip
#1922,04-Aug-2026,Brian Ruiz,Email Available,brian.ruiz246@gmail.com,Resistance Bands Set,Sports & Outdoors,SP-RBS-SET,1,$13.99,SAVE20,$2.80,$5.99,$17.18,Normal,Google Pay,Online Store,pending,Germany,,Not Required,Lake Jodi
#1923,04-Aug-2026,Zachary Hanson,Email Available,zachary.hanson261@outlook.com,Adjustable Dumbbell Set,Sports & Outdoors,SP-DMB-ADJ,1,$89.99,,$0.00,$0.00,$89.99,Outlier,Apple Pay,Online Store,cancelled,United States,North Carolina,Valid,Sherryfurt
#1924,04-Aug-2026,Timothy Hodges,Email Available,timothy.hodges687@icloud.com,Scented Soy Candle - Vanilla,Home & Kitchen,HK-CND-VAN,1,$9.99,WELCOME10,$1.00,$5.99,$14.98,Normal,Google Pay,Online Store,refunded,Australia,,Not Required,South Stephanie
#1925,04-Aug-2026,Barbara Brown,Email Available,barbara.brown26@gmail.com,Throw Blanket - Fleece,Home & Kitchen,HK-BLK-FLC,1,$17.99,SAVE20,$3.60,$4.99,$19.38,Normal,PayPal,POS,fulfilled,United States,North Carolina,Valid,Rodriguezhaven
#1926,04-Aug-2026,Christopher Martin,Email Available,christopher.martin10@gmail.com,Stainless Steel Water Bottle,Home & Kitchen,HK-BTL-750,1,$12.99,,$0.00,$7.99,$20.98,Normal,Apple Pay,Online Store,pending,United States,Ohio,Valid,New John
#1927,04-Aug-2026,Alan Davis,Email Available,alan.davis483@icloud.com,Portable Power Bank 10000mAh,Electronics,ELC-PWB-10K,2,$21.99,SAVE20,$8.80,$5.99,$41.17,Normal,Shopify Payments,Instagram,pending,Canada,,Not Required,Erinburgh
#1928,04-Aug-2026,Justin Smith,Email Available,justin.smith204@yahoo.com,Vitamin C Serum 30ml,Beauty,BTY-SRM-30,1,$24.99,,$0.00,$7.99,$32.98,Normal,Google Pay,Facebook,cancelled,United Kingdom,,Not Required,North Jeremyside
#1929,04-Aug-2026,Erika Maxwell,Email Available,erika.maxwell281@gmail.com,Slim Fit Denim Jeans,Apparel,JNS-BLU-32,2,$39.99,,$0.00,$0.00,$79.98,Normal,Credit Card,Online Store,fulfilled,United States,Georgia,Valid,East Kelly
#1930,04-Aug-2026,Vincent Rosales,Email Available,vincent.rosales30@icloud.com,Classic Cotton T-Shirt,Apparel,TSH-BLK-M,1,$14.99,VIP15,$2.25,$5.99,$18.73,Normal,PayPal,Instagram,fulfilled,United States,Florida,Valid,South Cheyenne
#1931,04-Aug-2026,JANET MARTINEZ,Email Available,janet.martinez20@yahoo.com,Kids Building Blocks Set,Toys,TOY-BLK-SET,1,$27.99,BFCM25,$7.00,$4.99,$25.98,Normal,Credit Card,POS,pending,United States,Texas,Valid,North Paul
#1932,04-Aug-2026,JAIME VARGAS,Email Available,jaime.vargas795@outlook.com,Classic Cotton T-Shirt,Apparel,TSH-BLK-M,1,$14.99,FREESHIP,$0.00,$0.00,$14.99,Normal,PayPal,Online Store,fulfilled,United Kingdom,,Not Required,Port Douglas
#1933,04-Aug-2026,Amanda Harris,Email Available,amanda.harris197@gmail.com,Classic Cotton T-Shirt,Apparel,TSH-BLK-M,2,$14.99,VIP15,$4.50,$5.99,$31.47,Normal,Apple Pay,Facebook,cancelled,United States,Arizona,Valid,Lake Wandaport
#1934,04-Aug-2026,Tina Crane,Email Available,tina.crane554@gmail.com,Kids Building Blocks Set,Toys,TOY-BLK-SET,1,$27.99,,$0.00,$7.99,$35.98,Normal,Credit Card,Facebook,fulfilled,United Kingdom,,Not Required,North Kristen
#1935,04-Aug-2026,John Dunlap,Email Available,john.dunlap479@outlook.com,Wireless Mouse,Electronics,ELC-MSE-WL,3,$11.99,,$0.00,$5.99,$41.96,Normal,Apple Pay,Online Store,fulfilled,Australia,,Not Required,Lake Sean
#1936,04-Aug-2026,Michael Hays,Email Available,michael.hays590@gmail.com,Running Shoes - Men's,Footwear,FTW-RUN-M,1,$54.99,WELCOME10,$5.50,$7.99,$57.48,Normal,Shopify Payments,Facebook,pending,United States,Georgia,Valid,West Derekborough
#1937,04-Aug-2026,Richard Zavala,Email Available,richard.zavala602@gmail.com,USB-C Fast Charger 20W,Electronics,ELC-CHG-20,1,$15.49,VIP15,$2.32,$7.99,$21.16,Normal,PayPal,Instagram,fulfilled,Canada,,Not Required,Lake Blake
#1938,04-Aug-2026,Amanda Harris,Email Available,amanda.harris197@gmail.com,Adjustable Dumbbell Set,Sports & Outdoors,SP-DMB-ADJ,1,$89.99,BFCM25,$22.50,$0.00,$67.49,Normal,Shopify Payments,Online Store,fulfilled,United States,Texas,Valid,Rangelborough
#1939,04-Aug-2026,Kayla Cruz,Email Available,kayla.cruz151@outlook.com,Throw Blanket - Fleece,Home & Kitchen,HK-BLK-FLC,1,$17.99,VIP15,$2.70,$5.99,$21.28,Normal,PayPal,Online Store,fulfilled,Pakistan,,Not Required,Lake Joshua
#1940,04-Aug-2026,Andrew Wheeler,Email Available,andrew.wheeler379@yahoo.com,Leather Wallet - Brown,Accessories,ACC-WLT-BRN,1,$19.99,VIP15,$3.00,$7.99,$24.98,Normal,Google Pay,Facebook,pending,United States,New York,Valid,New Chad
#1941,04-Aug-2026,Timothy Sanchez,Email Available,timothy.sanchez728@gmail.com,Wireless Mouse,Electronics,ELC-MSE-WL,2,$11.99,VIP15,$3.60,$7.99,$28.37,Normal,Google Pay,Facebook,fulfilled,United States,Florida,Valid,West Corystad
#1942,04-Aug-2026,Jamie Brown,Email Available,jamie.brown582@icloud.com,Wireless Mouse,Electronics,ELC-MSE-WL,1,$11.99,,$0.00,$5.99,$17.98,Normal,Credit Card,POS,fulfilled,United States,Illinois,Valid,Port Lorishire
#1943,04-Aug-2026,William Young,Email Available,william.young346@outlook.com,Leather Wallet - Brown,Accessories,ACC-WLT-BRN,1,$19.99,FREESHIP,$0.00,$0.00,$19.99,Normal,Credit Card,Facebook,pending,United States,New York,Valid,Martinezmouth
#1944,04-Aug-2026,"Cruz, Matthew",Email Available,matthew.cruz992@gmail.com,Running Shoes - Women's,Footwear,FTW-RUN-W,1,$54.99,BFCM25,$13.75,$5.99,$47.23,Normal,PayPal,Facebook,fulfilled,United States,New York,Valid,West Crystal
#1945,04-Aug-2026,"Singh, Tina",Missing Email,,Backpack - 25L,Accessories,ACC-BPK-25L,2,$32.99,,$0.00,$4.99,$70.97,Normal,Credit Card,Facebook,fulfilled,United States,Texas,Valid,Erichaven
#1946,04-Aug-2026,Richard Zavala,Email Available,richard.zavala602@gmail.com,Backpack - 25L,Accessories,ACC-BPK-25L,1,$32.99,,$0.00,$4.99,$37.98,Normal,Google Pay,Online Store,fulfilled,Canada,,Not Required,North Angelamouth
#1947,04-Aug-2026,Natalie Dixon,Email Available,natalie.dixon388@outlook.com,Classic Cotton T-Shirt,Apparel,TSH-BLK-L,2,$14.99,,$0.00,$7.99,$37.97,Normal,Apple Pay,Instagram,refunded,United States,Washington,Valid,North Raymond
#1948,04-Aug-2026,Peter Alvarez,Email Available,peter.alvarez465@yahoo.com,Wireless Mouse,Electronics,ELC-MSE-WL,1,$11.99,VIP15,$1.80,$5.99,$16.18,Normal,PayPal,Online Store,fulfilled,United States,Illinois,Valid,New Jeffreystad
#1949,04-Aug-2026,Rachel Jimenez,Email Available,rachel.jimenez326@outlook.com,Throw Blanket - Fleece,Home & Kitchen,HK-BLK-FLC,1,$17.99,,$0.00,$4.99,$22.98,Normal,Credit Card,Instagram,fulfilled,United States,Arizona,Valid,Cindyland
#1950,04-Aug-2026,Seth Price,Email Available,seth.price179@gmail.com,Wireless Mouse,Electronics,ELC-MSE-WL,1,$11.99,,$0.00,$4.99,$16.98,Normal,Apple Pay,Facebook,pending,United States,Florida,Valid,Lake Brianbury
#1951,04-Aug-2026,Amanda Harris,Email Available,amanda.harris197@gmail.com,Vitamin C Serum 30ml,Beauty,BTY-SRM-30,1,$24.99,FREESHIP,$0.00,$0.00,$24.99,Normal,Credit Card,Online Store,fulfilled,United States,Georgia,Valid,Port Kathrynstad
#1952,04-Aug-2026,Debbie Joseph,Email Available,debbie.joseph531@outlook.com,Wireless Mouse,Electronics,ELC-MSE-WL,1,$11.99,WELCOME10,$1.20,$7.99,$18.78,Normal,Credit Card,Online Store,fulfilled,United States,Illinois,Valid,Riosside
#1953,04-Aug-2026,Susan Stark,Email Available,susan.stark500@yahoo.com,Stainless Steel Water Bottle,Home & Kitchen,HK-BTL-750,1,$12.99,FREESHIP,$0.00,$0.00,$12.99,Normal,Shopify Payments,Online Store,fulfilled,Australia,,Not Required,North Danfort
#1954,04-Aug-2026,Debra Thomas,Email Available,debra.thomas509@icloud.com,Running Shoes - Men's,Footwear,FTW-RUN-M,1,$54.99,WELCOME10,$5.50,$4.99,$54.48,Normal,PayPal,Facebook,fulfilled,United States,Florida,Valid,East Jonathanmouth
#1955,04-Aug-2026,Jose Ingram,Email Available,jose.ingram37@gmail.com,Running Shoes - Men's,Footwear,FTW-RUN-M,1,$54.99,,$0.00,$5.99,$60.98,Normal,Credit Card,Online Store,fulfilled,United States,Georgia,Valid,Tiffanyfort
#1956,04-Aug-2026,Jacob Gibbs,Email Available,jacob.gibbs527@gmail.com,Resistance Bands Set,Sports & Outdoors,SP-RBS-SET,3,$13.99,,$0.00,$7.99,$49.96,Normal,Credit Card,Online Store,fulfilled,United States,Washington,Valid,Danielstad
#1957,04-Aug-2026,Jacqueline Wiley,Email Available,jacqueline.wiley718@icloud.com,Adjustable Dumbbell Set,Sports & Outdoors,SP-DMB-ADJ,1,$89.99,,$0.00,$0.00,$89.99,Outlier,Shopify Payments,POS,fulfilled,United States,Washington,Valid,Dawnmouth
#1958,04-Aug-2026,Angela Carr,Email Available,angela.carr488@yahoo.com,Non-Stick Frying Pan 10in,Home & Kitchen,HK-PAN-10,2,$24.99,FREESHIP,$0.00,$0.00,$49.98,Normal,Credit Card,POS,fulfilled,United States,North Carolina,Valid,Lake Erica
#1959,04-Aug-2026,Kelly Wyatt,Email Available,kelly.wyatt277@yahoo.com,Running Shoes - Men's,Footwear,FTW-RUN-M,2,$54.99,,$0.00,$0.00,$109.98,Outlier,Google Pay,Online Store,fulfilled,Germany,,Not Required,Reidbury
#1960,04-Aug-2026,Natalie Dixon,Email Available,natalie.dixon388@outlook.com,Adjustable Dumbbell Set,Sports & Outdoors,SP-DMB-ADJ,2,$89.99,,$0.00,$0.00,$179.98,Outlier,Google Pay,Facebook,fulfilled,United States,New York,Valid,Debramouth
#1961,04-Aug-2026,John Dunlap,Email Available,john.dunlap479@outlook.com,USB-C Fast Charger 20W,Electronics,ELC-CHG-20,1,$15.49,SAVE20,$3.10,$5.99,$18.38,Normal,Credit Card,Online Store,cancelled,Australia,,Not Required,Brentport
#1962,04-Aug-2026,Anthony Marshall,Email Available,anthony.marshall823@yahoo.com,USB-C Fast Charger 20W,Electronics,ELC-CHG-20,1,$15.49,BFCM25,$3.87,$5.99,$17.61,Normal,PayPal,Instagram,fulfilled,United States,Washington,Valid,Rangelborough
#1963,04-Aug-2026,Sean Frank,Email Available,sean.frank587@icloud.com,Yoga Mat - Extra Thick,Sports & Outdoors,SP-YGM-EX,1,$22.99,VIP15,$3.45,$7.99,$27.53,Normal,Credit Card,Online Store,fulfilled,Australia,,Not Required,New Bruce
#1964,04-Aug-2026,Julia Atkinson,Email Available,julia.atkinson939@gmail.com,Non-Stick Frying Pan 10in,Home & Kitchen,HK-PAN-10,1,$24.99,WELCOME10,$2.50,$4.99,$27.48,Normal,Credit Card,Online Store,pending,Canada,,Not Required,New Devin
#1965,04-Aug-2026,Tasha Morales,Email Available,tasha.morales378@outlook.com,Wireless Bluetooth Earbuds,Electronics,ELC-WBE-01,2,$29.99,,$0.00,$7.99,$67.97,Normal,PayPal,Online Store,refunded,United States,Illinois,Valid,Smithton
#1966,04-Aug-2026,GERALD LI,Missing Email,,Backpack - 25L,Accessories,ACC-BPK-25L,1,$32.99,,$0.00,$4.99,$37.98,Normal,Shopify Payments,Online Store,fulfilled,United States,Texas,Valid,Aaronview
#1967,04-Aug-2026,Lauren Howard,Email Available,lauren.howard163@icloud.com,Vitamin C Serum 30ml,Beauty,BTY-SRM-30,2,$24.99,WELCOME10,$5.00,$4.99,$49.97,Normal,Apple Pay,POS,cancelled,United States,Georgia,Valid,Port Triciaburgh
#1968,04-Aug-2026,Tyler Williams,Email Available,tyler.williams938@outlook.com,Wireless Bluetooth Earbuds,Electronics,ELC-WBE-01,1,$29.99,FREESHIP,$0.00,$0.00,$29.99,Normal,Shopify Payments,POS,fulfilled,Australia,,Not Required,West Christyview
#1969,04-Aug-2026,Morgan Johnson,Email Available,morgan.johnson938@outlook.com,Scented Soy Candle - Vanilla,Home & Kitchen,HK-CND-VAN,2,$9.99,BFCM25,$5.00,$4.99,$19.97,Normal,Google Pay,Online Store,cancelled,Canada,,Not Required,South Brad
#1970,04-Aug-2026,George Gould,Email Available,george.gould10@yahoo.com,Classic Cotton T-Shirt,Apparel,TSH-BLK-M,1,$14.99,,$0.00,$5.99,$20.98,Normal,Shopify Payments,Facebook,fulfilled,Canada,,Not Required,Bradfordbury
#1971,04-Aug-2026,Brady Garcia,Email Available,brady.garcia57@yahoo.com,Resistance Bands Set,Sports & Outdoors,SP-RBS-SET,1,$13.99,SAVE20,$2.80,$7.99,$19.18,Normal,Apple Pay,POS,fulfilled,Australia,,Not Required,Ryanhaven
#1972,04-Aug-2026,Gerald Li,Email Available,gerald.li856@icloud.com,Resistance Bands Set,Sports & Outdoors,SP-RBS-SET,1,$13.99,VIP15,$2.10,$4.99,$16.88,Normal,Google Pay,Online Store,fulfilled,United States,Ohio,Valid,Timothymouth
#1973,04-Aug-2026,Austin Norris,Email Available,austin.norris15@gmail.com,Yoga Mat - Extra Thick,Sports & Outdoors,SP-YGM-EX,3,$22.99,FREESHIP,$0.00,$0.00,$68.97,Normal,PayPal,Online Store,fulfilled,United States,Washington,Valid,Jasonfurt
#1974,04-Aug-2026,Stephanie Miller,Email Available,stephanie.miller962@yahoo.com,Classic Cotton T-Shirt,Apparel,TSH-BLK-L,1,$14.99,WELCOME10,$1.50,$5.99,$19.48,Normal,Shopify Payments,Online Store,fulfilled,United Kingdom,,Not Required,Jeremychester
#1975,04-Aug-2026,Thomas Rojas,Email Available,thomas.rojas667@icloud.com,Facial Cleanser 200ml,Beauty,BTY-CLN-200,1,$13.49,BFCM25,$3.37,$7.99,$18.11,Normal,Apple Pay,Online Store,refunded,United States,California,Valid,East Christinaview
#1976,04-Aug-2026,Christy Long,Email Available,christy.long561@yahoo.com,Running Shoes - Men's,Footwear,FTW-RUN-M,3,$54.99,,$0.00,$0.00,$164.97,Outlier,Google Pay,Online Store,fulfilled,United Kingdom,,Not Required,Murphystad
#1977,04-Aug-2026,Christopher Lopez,Email Available,christopher.lopez666@gmail.com,Ceramic Coffee Mug Set (4pc),Home & Kitchen,HK-MUG-4PK,2,$18.99,SAVE20,$7.60,$4.99,$35.37,Normal,Apple Pay,Online Store,fulfilled,Pakistan,,Not Required,West Tammy
#1978,04-Aug-2026,Katelyn Johnson,Email Available,katelyn.johnson502@outlook.com,Throw Blanket - Fleece,Home & Kitchen,HK-BLK-FLC,2,$17.99,SAVE20,$7.20,$4.99,$33.77,Normal,PayPal,Online Store,pending,United States,Washington,Valid,Margarethaven
#1979,04-Aug-2026,Elizabeth Carter,Email Available,elizabeth.carter304@icloud.com,Facial Cleanser 200ml,Beauty,BTY-CLN-200,1,$13.49,SAVE20,$2.70,$5.99,$16.78,Normal,Credit Card,Facebook,fulfilled,Canada,,Not Required,Karenville
#1980,04-Aug-2026,Tammy Hawkins,Email Available,tammy.hawkins461@outlook.com,Scented Soy Candle - Vanilla,Home & Kitchen,HK-CND-VAN,1,$9.99,,$0.00,$5.99,$15.98,Normal,PayPal,Facebook,fulfilled,United States,Washington,Valid,Estradashire
#1981,04-Aug-2026,Cody Murray,Email Available,cody.murray456@gmail.com,Throw Blanket - Fleece,Home & Kitchen,HK-BLK-FLC,1,$17.99,SAVE20,$3.60,$5.99,$20.38,Normal,Shopify Payments,Online Store,refunded,United Kingdom,,Not Required,Davidmouth
#1982,04-Aug-2026,Amanda Rodriguez,Email Available,amanda.rodriguez770@yahoo.com,Phone Case - Clear,Electronics,ELC-CSE-CLR,1,$8.99,FREESHIP,$0.00,$0.00,$8.99,Normal,Google Pay,Instagram,fulfilled,United States,North Carolina,Valid,Ericmouth
#1983,04-Aug-2026,Tracy Adams,Missing Email,,Vitamin C Serum 30ml,Beauty,BTY-SRM-30,1,$24.99,BFCM25,$6.25,$5.99,$24.73,Normal,Shopify Payments,Online Store,fulfilled,United States,Ohio,Valid,West Melissaport
#1984,04-Aug-2026,Christy Phillips,Email Available,christy.phillips291@gmail.com,Hooded Sweatshirt,Apparel,APR-HOD-GRY,4,$34.99,SAVE20,$27.99,$0.00,$111.97,Outlier,Shopify Payments,Instagram,fulfilled,Pakistan,,Not Required,West Stephen
#1985,04-Aug-2026,Taylor Davis,Email Available,taylor.davis403@outlook.com,Resistance Bands Set,Sports & Outdoors,SP-RBS-SET,1,$13.99,,$0.00,$7.99,$21.98,Normal,Shopify Payments,Online Store,fulfilled,United States,Georgia,Valid,Thompsontown
#1986,04-Aug-2026,Tara Jackson,Email Available,tara.jackson708@outlook.com,Facial Cleanser 200ml,Beauty,BTY-CLN-200,1,$13.49,WELCOME10,$1.35,$7.99,$20.13,Normal,Credit Card,POS,fulfilled,Canada,,Not Required,Darrenchester
#1987,04-Aug-2026,Matthew Perez,Email Available,matthew.perez875@gmail.com,Wireless Bluetooth Earbuds,Electronics,ELC-WBE-01,1,$29.99,WELCOME10,$3.00,$7.99,$34.98,Normal,Shopify Payments,Online Store,fulfilled,Pakistan,,Not Required,West Timothy
#1988,04-Aug-2026,Allen Diaz,Email Available,allen.diaz546@gmail.com,Slim Fit Denim Jeans,Apparel,JNS-BLU-32,1,$39.99,,$0.00,$7.99,$47.98,Normal,Credit Card,Instagram,fulfilled,United States,Texas,Valid,Aliciaville
#1989,04-Aug-2026,Amanda Harris,Email Available,amanda.harris197@gmail.com,Non-Stick Frying Pan 10in,Home & Kitchen,HK-PAN-10,2,$24.99,FREESHIP,$0.00,$0.00,$49.98,Normal,Google Pay,Facebook,fulfilled,United States,New York,Valid,North James
#1990,04-Aug-2026,Mary Garcia,Email Available,mary.garcia899@icloud.com,Wireless Mouse,Electronics,ELC-MSE-WL,1,$11.99,,$0.00,$7.99,$19.98,Normal,Apple Pay,Online Store,cancelled,Canada,,Not Required,Shaffermouth
#1991,04-Aug-2026,PAUL PRATT,Email Available,paul.pratt856@outlook.com,Classic Cotton T-Shirt,Apparel,TSH-BLK-M,1,$14.99,VIP15,$2.25,$4.99,$17.73,Normal,Apple Pay,POS,refunded,United States,Texas,Valid,Millershire
#1992,04-Aug-2026,Megan Holmes,Email Available,megan.holmes105@yahoo.com,Wireless Mouse,Electronics,ELC-MSE-WL,2,$11.99,WELCOME10,$2.40,$5.99,$27.57,Normal,Shopify Payments,Online Store,fulfilled,United States,North Carolina,Valid,Lake Brandon
#1993,04-Aug-2026,Timothy Maldonado,Email Available,timothy.maldonado551@gmail.com,Yoga Mat - Extra Thick,Sports & Outdoors,SP-YGM-EX,3,$22.99,BFCM25,$17.24,$4.99,$56.72,Normal,Shopify Payments,Online Store,fulfilled,United States,Georgia,Valid,Nelsonhaven
#1994,04-Aug-2026,"Jackson, Tara",Email Available,tara.jackson708@outlook.com,Stainless Steel Water Bottle,Home & Kitchen,HK-BTL-750,2,$12.99,,$0.00,$5.99,$31.97,Normal,Credit Card,Online Store,refunded,Canada,,Not Required,New John
#1995,04-Aug-2026,Lisa Flowers,Email Available,lisa.flowers14@icloud.com,Wireless Mouse,Electronics,ELC-MSE-WL,2,$11.99,WELCOME10,$2.40,$5.99,$27.57,Normal,Credit Card,Instagram,fulfilled,Germany,,Not Required,Bryantview
#1996,04-Aug-2026,Dawn Randolph,Email Available,dawn.randolph179@icloud.com,Ceramic Coffee Mug Set (4pc),Home & Kitchen,HK-MUG-4PK,2,$18.99,,$0.00,$5.99,$43.97,Normal,Credit Card,Online Store,fulfilled,Pakistan,,Not Required,Sancheztown
#1997,04-Aug-2026,Devon Rodriguez,Email Available,devon.rodriguez635@outlook.com,Backpack - 25L,Accessories,ACC-BPK-25L,1,$32.99,SAVE20,$6.60,$7.99,$34.38,Normal,PayPal,POS,fulfilled,United States,California,Valid,Donnachester
#1998,04-Aug-2026,Vincent Rosales,Email Available,vincent.rosales30@icloud.com,Yoga Mat - Extra Thick,Sports & Outdoors,SP-YGM-EX,1,$22.99,,$0.00,$5.99,$28.98,Normal,Credit Card,Online Store,cancelled,United States,Texas,Valid,North Cynthiahaven
#1999,04-Aug-2026,Stacey Johnson,Email Available,stacey.johnson95@gmail.com,Ceramic Coffee Mug Set (4pc),Home & Kitchen,HK-MUG-4PK,1,$18.99,,$0.00,$7.99,$26.98,Normal,Shopify Payments,Online Store,fulfilled,Germany,,Not Required,Barrettbury
#2000,04-Aug-2026,Denise Phillips,Email Available,denise.phillips810@gmail.com,Polarized Sunglasses,Accessories,ACC-SUN-01,1,$16.99,FREESHIP,$0.00,$0.00,$16.99,Normal,Apple Pay,Instagram,fulfilled,United States,Florida,Valid,Kimberlytown
#2001,04-Aug-2026,Glenn Smith,Email Available,glenn.smith305@gmail.com,Classic Cotton T-Shirt,Apparel,TSH-BLK-M,1,$14.99,,$0.00,$7.99,$22.98,Normal,PayPal,Online Store,pending,Canada,,Not Required,South Amymouth
#2002,04-Aug-2026,Richard Weber,Email Available,richard.weber156@yahoo.com,Wireless Bluetooth Earbuds,Electronics,ELC-WBE-01,1,$29.99,VIP15,$4.50,$5.99,$31.48,Normal,Credit Card,Facebook,fulfilled,United States,Florida,Valid,Port Lance
#2003,04-Aug-2026,Brittney Thomas,Email Available,brittney.thomas484@gmail.com,Backpack - 25L,Accessories,ACC-BPK-25L,1,$32.99,,$0.00,$5.99,$38.98,Normal,Google Pay,Instagram,pending,United States,Washington,Valid,Boltonberg
#2004,04-Aug-2026,Jose Ingram,Email Available,jose.ingram37@gmail.com,Throw Blanket - Fleece,Home & Kitchen,HK-BLK-FLC,1,$17.99,SAVE20,$3.60,$7.99,$22.38,Normal,PayPal,Online Store,fulfilled,United States,Ohio,Valid,Bennetttown
#2005,04-Aug-2026,Brian Johnson,Email Available,brian.johnson756@yahoo.com,Vitamin C Serum 30ml,Beauty,BTY-SRM-30,1,$24.99,VIP15,$3.75,$7.99,$29.23,Normal,Apple Pay,Online Store,cancelled,Australia,,Not Required,Russellshire
#2006,04-Aug-2026,Hannah Lee,Email Available,hannah.lee589@icloud.com,Backpack - 25L,Accessories,ACC-BPK-25L,1,$32.99,,$0.00,$5.99,$38.98,Normal,Credit Card,Online Store,fulfilled,United Kingdom,,Not Required,Coleport
#2007,04-Aug-2026,David Torres,Missing Email,,Classic Cotton T-Shirt,Apparel,TSH-BLK-L,1,$14.99,FREESHIP,$0.00,$0.00,$14.99,Normal,Shopify Payments,Online Store,pending,United States,New York,Valid,Dennisfort
#2008,04-Aug-2026,Jacob Gibbs,Email Available,jacob.gibbs527@gmail.com,Classic Cotton T-Shirt,Apparel,TSH-BLK-M,2,$14.99,,$0.00,$4.99,$34.97,Normal,Shopify Payments,Online Store,fulfilled,United States,North Carolina,Valid,Keyburgh
#2009,04-Aug-2026,Shawn Alexander,Email Available,shawn.alexander522@outlook.com,Throw Blanket - Fleece,Home & Kitchen,HK-BLK-FLC,1,$17.99,,$0.00,$5.99,$23.98,Normal,Shopify Payments,Instagram,cancelled,United States,Washington,Valid,Rodgersland
#2010,04-Aug-2026,John Hoffman,Email Available,john.hoffman175@gmail.com,Kids Building Blocks Set,Toys,TOY-BLK-SET,1,$27.99,WELCOME10,$2.80,$7.99,$33.18,Normal,PayPal,Online Store,pending,United States,North Carolina,Valid,East Alicia
#2011,04-Aug-2026,Angela Carr,Email Available,angela.carr488@yahoo.com,Wireless Mouse,Electronics,ELC-MSE-WL,1,$11.99,WELCOME10,$1.20,$5.99,$16.78,Normal,Google Pay,Online Store,refunded,United States,Texas,Valid,North Kimberly
#2012,04-Aug-2026,Jordan Wilkins,Email Available,jordan.wilkins318@outlook.com,Scented Soy Candle - Vanilla,Home & Kitchen,HK-CND-VAN,1,$9.99,,$0.00,$5.99,$15.98,Normal,Apple Pay,Online Store,cancelled,Pakistan,,Not Required,Michaeltown
#2013,04-Aug-2026,Karen Bautista,Email Available,karen.bautista779@icloud.com,Ceramic Coffee Mug Set (4pc),Home & Kitchen,HK-MUG-4PK,2,$18.99,,$0.00,$4.99,$42.97,Normal,Apple Pay,Online Store,fulfilled,United States,Washington,Valid,Kellyport
#2014,04-Aug-2026,Juan Martin,Email Available,juan.martin929@gmail.com,USB-C Fast Charger 20W,Electronics,ELC-CHG-20,1,$15.49,SAVE20,$3.10,$5.99,$18.38,Normal,Google Pay,Instagram,pending,United States,Texas,Valid,Brownmouth
#2015,04-Aug-2026,Sean Frank,Email Available,sean.frank587@icloud.com,USB-C Fast Charger 20W,Electronics,ELC-CHG-20,1,$15.49,FREESHIP,$0.00,$0.00,$15.49,Normal,Google Pay,POS,refunded,Australia,,Not Required,Davisbury
#2016,04-Aug-2026,Arthur Kelley,Email Available,arthur.kelley558@gmail.com,Wireless Mouse,Electronics,ELC-MSE-WL,2,$11.99,WELCOME10,$2.40,$5.99,$27.57,Normal,Apple Pay,Instagram,fulfilled,Australia,,Not Required,Port Ryanmouth
#2017,04-Aug-2026,Karen Bautista,Email Available,karen.bautista779@icloud.com,USB-C Fast Charger 20W,Electronics,ELC-CHG-20,1,$15.49,SAVE20,$3.10,$7.99,$20.38,Normal,Google Pay,Facebook,cancelled,United States,Washington,Valid,North Edwardside
#2018,04-Aug-2026,Maria Leon,Email Available,maria.leon163@outlook.com,Polarized Sunglasses,Accessories,ACC-SUN-01,1,$16.99,FREESHIP,$0.00,$0.00,$16.99,Normal,Shopify Payments,POS,pending,Canada,,Not Required,East Dawn
#2019,04-Aug-2026,Heather Davis,Email Available,heather.davis117@icloud.com,Adjustable Dumbbell Set,Sports & Outdoors,SP-DMB-ADJ,2,$89.99,,$0.00,$0.00,$179.98,Outlier,Credit Card,POS,refunded,Germany,,Not Required,Angelafort
#2020,04-Aug-2026,Tyler Williams,Email Available,tyler.williams938@outlook.com,Running Shoes - Women's,Footwear,FTW-RUN-W,2,$54.99,,$0.00,$0.00,$109.98,Outlier,Apple Pay,Online Store,fulfilled,Australia,,Not Required,Lake Caitlynbury
#2021,04-Aug-2026,JOHN CARSON,Email Available,john.carson203@yahoo.com,Adjustable Dumbbell Set,Sports & Outdoors,SP-DMB-ADJ,1,$89.99,,$0.00,$0.00,$89.99,Outlier,PayPal,Online Store,cancelled,United States,Texas,Valid,Delgadoside
#2022,04-Aug-2026,Allison Byrd,Email Available,allison.byrd266@yahoo.com,Wireless Bluetooth Earbuds,Electronics,ELC-WBE-01,2,$29.99,,$0.00,$7.99,$67.97,Normal,PayPal,Online Store,fulfilled,United States,North Carolina,Valid,Lewisland
#2023,04-Aug-2026,Anthony Krueger,Email Available,anthony.krueger812@yahoo.com,Phone Case - Clear,Electronics,ELC-CSE-CLR,1,$8.99,BFCM25,$2.25,$5.99,$12.73,Normal,Credit Card,Instagram,fulfilled,Pakistan,,Not Required,Wardview
#2024,04-Aug-2026,Karen Jones,Email Available,karen.jones287@icloud.com,Wireless Bluetooth Earbuds,Electronics,ELC-WBE-01,1,$29.99,SAVE20,$6.00,$5.99,$29.98,Normal,Google Pay,Online Store,refunded,Australia,,Not Required,Robertside
#2025,04-Aug-2026,Kenneth Coleman,Email Available,kenneth.coleman447@icloud.com,Portable Power Bank 10000mAh,Electronics,ELC-PWB-10K,1,$21.99,WELCOME10,$2.20,$7.99,$27.78,Normal,Google Pay,Facebook,fulfilled,United States,California,Valid,East Stephenville
#2026,04-Aug-2026,,Missing Email,,Portable Power Bank 10000mAh,Electronics,ELC-PWB-10K,1,$21.99,FREESHIP,$0.00,$0.00,$21.99,Normal,Apple Pay,POS,fulfilled,United States,California,Valid,Lake Jennifer
#2027,04-Aug-2026,sandra potter,Email Available,sandra.potter166@yahoo.com,Scented Soy Candle - Vanilla,Home & Kitchen,HK-CND-VAN,2,$9.99,,$0.00,$4.99,$24.97,Normal,Apple Pay,Online Store,fulfilled,United States,California,Valid,Port Ginaburgh
#2028,04-Aug-2026,Sarah Smith,Email Available,sarah.smith33@icloud.com,Hooded Sweatshirt,Apparel,APR-HOD-GRY,1,$34.99,,$0.00,$4.99,$39.98,Normal,Credit Card,Online Store,fulfilled,Australia,,Not Required,Mullinsbury
#2029,04-Aug-2026,Brian Gardner,Email Available,brian.gardner260@outlook.com,Classic Cotton T-Shirt,Apparel,TSH-BLK-M,1,$14.99,BFCM25,$3.75,$4.99,$16.23,Normal,Shopify Payments,Instagram,fulfilled,United States,North Carolina,Valid,Emilyton
#2030,04-Aug-2026,Charles Franco,Email Available,charles.franco761@outlook.com,Leather Wallet - Brown,Accessories,ACC-WLT-BRN,2,$19.99,,$0.00,$5.99,$45.97,Normal,Google Pay,Online Store,fulfilled,United States,Florida,Valid,Alexanderville
#2031,04-Aug-2026,Julia Atkinson,Email Available,julia.atkinson939@gmail.com,Portable Power Bank 10000mAh,Electronics,ELC-PWB-10K,2,$21.99,VIP15,$6.60,$7.99,$45.37,Normal,Shopify Payments,Online Store,fulfilled,Canada,,Not Required,Calderonton
#2032,04-Aug-2026,David Mcknight,Email Available,david.mcknight827@gmail.com,Resistance Bands Set,Sports & Outdoors,SP-RBS-SET,1,$13.99,SAVE20,$2.80,$4.99,$16.18,Normal,Credit Card,Online Store,fulfilled,United States,Washington,Valid,West Peter
#2033,04-Aug-2026,David Hayden,Email Available,david.hayden411@outlook.com,Throw Blanket - Fleece,Home & Kitchen,HK-BLK-FLC,2,$17.99,,$0.00,$7.99,$43.97,Normal,Credit Card,Facebook,fulfilled,Australia,,Not Required,Annetteborough
#2034,04-Aug-2026,David Hayden,Email Available,david.hayden411@outlook.com,Polarized Sunglasses,Accessories,ACC-SUN-01,1,$16.99,,$0.00,$5.99,$22.98,Normal,Google Pay,Online Store,cancelled,Australia,,Not Required,Thomastown
#2035,04-Aug-2026,Justin Mcguire,Email Available,justin.mcguire224@icloud.com,Stainless Steel Water Bottle,Home & Kitchen,HK-BTL-750,1,$12.99,,$0.00,$5.99,$18.98,Normal,Credit Card,Instagram,fulfilled,United States,California,Valid,South William
#2036,04-Aug-2026,James Castro,Email Available,james.castro923@icloud.com,Stainless Steel Water Bottle,Home & Kitchen,HK-BTL-750,1,$12.99,SAVE20,$2.60,$4.99,$15.38,Normal,Shopify Payments,Instagram,pending,Pakistan,,Not Required,Garrisonville
#2037,04-Aug-2026,Jennifer Burke,Email Available,jennifer.burke472@icloud.com,Hooded Sweatshirt,Apparel,APR-HOD-GRY,1,$34.99,FREESHIP,$0.00,$0.00,$34.99,Normal,Apple Pay,Instagram,fulfilled,Pakistan,,Not Required,Sotohaven
#2038,04-Aug-2026,Heather Davis,Email Available,heather.davis117@icloud.com,Non-Stick Frying Pan 10in,Home & Kitchen,HK-PAN-10,3,$24.99,,$0.00,$7.99,$82.96,Outlier,Google Pay,Instagram,fulfilled,Germany,,Not Required,Donovanburgh
#2039,04-Aug-2026,Amber Kennedy,Email Available,amber.kennedy723@icloud.com,Scented Soy Candle - Vanilla,Home & Kitchen,HK-CND-VAN,1,$9.99,,$0.00,$4.99,$14.98,Normal,Credit Card,Online Store,fulfilled,United States,Florida,Valid,Joshuamouth
#2040,04-Aug-2026,Sean Frank,Email Available,sean.frank587@icloud.com,Stainless Steel Water Bottle,Home & Kitchen,HK-BTL-750,1,$12.99,VIP15,$1.95,$7.99,$19.03,Normal,PayPal,Facebook,fulfilled,Australia,,Not Required,Thompsonburgh
#2041,04-Aug-2026,Paul Pratt,Email Available,paul.pratt856@outlook.com,Ceramic Coffee Mug Set (4pc),Home & Kitchen,HK-MUG-4PK,1,$18.99,VIP15,$2.85,$7.99,$24.13,Normal,Shopify Payments,Online Store,cancelled,United States,Georgia,Valid,Port Alexishaven
#2042,04-Aug-2026,Brian Ruiz,Email Available,brian.ruiz246@gmail.com,Ceramic Coffee Mug Set (4pc),Home & Kitchen,HK-MUG-4PK,1,$18.99,,$0.00,$7.99,$26.98,Normal,Apple Pay,Instagram,fulfilled,Germany,,Not Required,North Jasmin
#2043,04-Aug-2026,Charles Franco,Email Available,charles.franco761@outlook.com,Phone Case - Clear,Electronics,ELC-CSE-CLR,2,$8.99,,$0.00,$5.99,$23.97,Normal,PayPal,Instagram,fulfilled,United States,Ohio,Valid,Charlesburgh
#2044,04-Aug-2026,Amanda Rodriguez,Email Available,amanda.rodriguez770@yahoo.com,Ceramic Coffee Mug Set (4pc),Home & Kitchen,HK-MUG-4PK,1,$18.99,,$0.00,$5.99,$24.98,Normal,Google Pay,Online Store,fulfilled,United States,Florida,Valid,Juliemouth
#2045,04-Aug-2026,Dustin Mccoy,Email Available,dustin.mccoy570@gmail.com,Yoga Mat - Extra Thick,Sports & Outdoors,SP-YGM-EX,1,$22.99,,$0.00,$7.99,$30.98,Normal,Apple Pay,Instagram,fulfilled,Canada,,Not Required,Tinahaven
#2046,04-Aug-2026,Sandra Wilson,Email Available,sandra.wilson554@outlook.com,Scented Soy Candle - Vanilla,Home & Kitchen,HK-CND-VAN,2,$9.99,FREESHIP,$0.00,$0.00,$19.98,Normal,Credit Card,Online Store,pending,Canada,,Not Required,Brockville
#2047,04-Aug-2026,Samuel Padilla,Email Available,samuel.padilla79@gmail.com,Resistance Bands Set,Sports & Outdoors,SP-RBS-SET,2,$13.99,VIP15,$4.20,$7.99,$31.77,Normal,Apple Pay,Online Store,cancelled,United States,Arizona,Valid,Meganville
#2048,04-Aug-2026,Amanda Robinson,Email Available,amanda.robinson263@icloud.com,Throw Blanket - Fleece,Home & Kitchen,HK-BLK-FLC,1,$17.99,,$0.00,$5.99,$23.98,Normal,Google Pay,Online Store,fulfilled,United States,Florida,Valid,North Amanda
#2049,04-Aug-2026,Megan Herman,Email Available,megan.herman268@yahoo.com,Scented Soy Candle - Vanilla,Home & Kitchen,HK-CND-VAN,1,$9.99,VIP15,$1.50,$5.99,$14.48,Normal,Shopify Payments,Online Store,fulfilled,United States,New York,Valid,Grayville
#2050,04-Aug-2026,Tina Singh,Email Available,tina.singh98@icloud.com,Wireless Bluetooth Earbuds,Electronics,ELC-WBE-01,1,$29.99,,$0.00,$5.99,$35.98,Normal,Apple Pay,Instagram,refunded,United States,Texas,Valid,Kylieport
#2051,04-Aug-2026,Michelle Owens,Email Available,michelle.owens269@yahoo.com,Wireless Mouse,Electronics,ELC-MSE-WL,1,$11.99,,$0.00,$5.99,$17.98,Normal,Google Pay,Facebook,fulfilled,United States,California,Valid,West Melissachester
#2052,04-Aug-2026,Nicholas Jarvis,Email Available,nicholas.jarvis112@icloud.com,Throw Blanket - Fleece,Home & Kitchen,HK-BLK-FLC,1,$17.99,,$0.00,$5.99,$23.98,Normal,Google Pay,Facebook,fulfilled,Canada,,Not Required,Toddville
#2053,04-Aug-2026,Vincent Rosales,Email Available,vincent.rosales30@icloud.com,Portable Power Bank 10000mAh,Electronics,ELC-PWB-10K,1,$21.99,,$0.00,$7.99,$29.98,Normal,Shopify Payments,Online Store,fulfilled,United States,Georgia,Valid,North Anthonyville
#2054,04-Aug-2026,Monica Hodge,Email Available,monica.hodge369@icloud.com,USB-C Fast Charger 20W,Electronics,ELC-CHG-20,2,$15.49,SAVE20,$6.20,$7.99,$32.77,Normal,Shopify Payments,Facebook,fulfilled,United States,Washington,Valid,Lauraberg
#2055,04-Aug-2026,katelyn johnson,Email Available,katelyn.johnson502@outlook.com,Running Shoes - Men's,Footwear,FTW-RUN-M,1,$54.99,SAVE20,$11.00,$7.99,$51.98,Normal,Google Pay,Instagram,fulfilled,United States,New York,Valid,West Michelletown
#2056,04-Aug-2026,,Email Available,sarah.mendoza691@outlook.com,Running Shoes - Men's,Footwear,FTW-RUN-M,1,$54.99,,$0.00,$4.99,$59.98,Normal,Apple Pay,POS,pending,United States,Arizona,Valid,Jenniferberg
#2057,04-Aug-2026,Monica Hicks,Email Available,monica.hicks473@yahoo.com,Stainless Steel Water Bottle,Home & Kitchen,HK-BTL-750,4,$12.99,,$0.00,$5.99,$57.95,Normal,Apple Pay,Online Store,fulfilled,United States,California,Valid,North Jamiefort
#2058,04-Aug-2026,James Andrade,Email Available,james.andrade258@icloud.com,Slim Fit Denim Jeans,Apparel,JNS-BLU-32,1,$39.99,,$0.00,$7.99,$47.98,Normal,Shopify Payments,Online Store,fulfilled,Germany,,Not Required,South Dwayne
#2059,04-Aug-2026,Gerald Li,Email Available,gerald.li856@icloud.com,USB-C Fast Charger 20W,Electronics,ELC-CHG-20,2,$15.49,FREESHIP,$0.00,$0.00,$30.98,Normal,PayPal,Instagram,cancelled,United States,Texas,Valid,Maryburgh
#2060,04-Aug-2026,Megan Herman,Email Available,megan.herman268@yahoo.com,Throw Blanket - Fleece,Home & Kitchen,HK-BLK-FLC,1,$17.99,,$0.00,$5.99,$23.98,Normal,Credit Card,Instagram,pending,United States,Illinois,Valid,Spearsmouth
#2061,04-Aug-2026,Frank Diaz,Email Available,frank.diaz795@gmail.com,Vitamin C Serum 30ml,Beauty,BTY-SRM-30,2,$24.99,SAVE20,$10.00,$4.99,$44.97,Normal,PayPal,Instagram,fulfilled,United States,Georgia,Valid,Quinnfurt
#2062,04-Aug-2026,Julia Atkinson,Email Available,julia.atkinson939@gmail.com,Hooded Sweatshirt,Apparel,APR-HOD-GRY,1,$34.99,WELCOME10,$3.50,$5.99,$37.48,Normal,Apple Pay,Instagram,fulfilled,Canada,,Not Required,South Laura
#2063,04-Aug-2026,Kenneth Davis,Email Available,kenneth.davis106@yahoo.com,Running Shoes - Women's,Footwear,FTW-RUN-W,1,$54.99,,$0.00,$4.99,$59.98,Normal,Apple Pay,Facebook,pending,United States,Arizona,Valid,West Scott
#2064,04-Aug-2026,Darin Alvarez,Email Available,darin.alvarez843@gmail.com,Hooded Sweatshirt,Apparel,APR-HOD-GRY,1,$34.99,,$0.00,$5.99,$40.98,Normal,PayPal,Instagram,fulfilled,Canada,,Not Required,Ericaport
#2065,04-Aug-2026,Sarah Mendoza,Email Available,sarah.mendoza691@outlook.com,Classic Cotton T-Shirt,Apparel,TSH-BLK-L,1,$14.99,FREESHIP,$0.00,$0.00,$14.99,Normal,Apple Pay,Online Store,fulfilled,United States,Illinois,Valid,North Maria
#2066,04-Aug-2026,Laura Pruitt,Email Available,laura.pruitt212@yahoo.com,USB-C Fast Charger 20W,Electronics,ELC-CHG-20,2,$15.49,SAVE20,$6.20,$4.99,$29.77,Normal,PayPal,Facebook,cancelled,United States,Georgia,Valid,Washingtonland
#2067,04-Aug-2026,Jeremy Tucker,Email Available,jeremy.tucker26@yahoo.com,Backpack - 25L,Accessories,ACC-BPK-25L,1,$32.99,SAVE20,$6.60,$5.99,$32.38,Normal,Shopify Payments,Facebook,fulfilled,United States,Ohio,Valid,East Douglas
#2068,04-Aug-2026,Sharon Brown,Email Available,sharon.brown14@gmail.com,USB-C Fast Charger 20W,Electronics,ELC-CHG-20,1,$15.49,,$0.00,$7.99,$23.48,Normal,Apple Pay,Online Store,refunded,United States,Florida,Valid,Wilsonshire
#2069,04-Aug-2026,  Jeffrey Myers,Email Available,jeffrey.myers692@icloud.com,Portable Power Bank 10000mAh,Electronics,ELC-PWB-10K,1,$21.99,VIP15,$3.30,$4.99,$23.68,Normal,Google Pay,Instagram,fulfilled,Pakistan,,Not Required,Freemanborough
#2070,04-Aug-2026,Megan Herman,Email Available,megan.herman268@yahoo.com,Kids Building Blocks Set,Toys,TOY-BLK-SET,1,$27.99,,$0.00,$7.99,$35.98,Normal,Apple Pay,Online Store,pending,United States,New York,Valid,Lake Michael
#2071,04-Aug-2026,George Green,Email Available,george.green694@icloud.com,Vitamin C Serum 30ml,Beauty,BTY-SRM-30,1,$24.99,BFCM25,$6.25,$5.99,$24.73,Normal,Google Pay,Online Store,cancelled,United States,Texas,Valid,Harrisonbury
#2072,04-Aug-2026,Jose Ingram,Email Available,jose.ingram37@gmail.com,Adjustable Dumbbell Set,Sports & Outdoors,SP-DMB-ADJ,2,$89.99,VIP15,$27.00,$0.00,$152.98,Outlier,Shopify Payments,Instagram,cancelled,United States,Arizona,Valid,Lauraport
#2073,04-Aug-2026,Sara Hernandez,Email Available,sara.hernandez651@icloud.com,Portable Power Bank 10000mAh,Electronics,ELC-PWB-10K,2,$21.99,,$0.00,$7.99,$51.97,Normal,Shopify Payments,Instagram,cancelled,United States,Texas,Valid,North Dustinborough
#2074,04-Aug-2026,Carrie Boyd,Email Available,carrie.boyd968@gmail.com,Leather Wallet - Brown,Accessories,ACC-WLT-BRN,1,$19.99,,$0.00,$5.99,$25.98,Normal,Google Pay,Online Store,fulfilled,United States,Illinois,Valid,Allenport
#2075,04-Aug-2026,Tracy Adams,Email Available,tracy.adams712@icloud.com,Wireless Mouse,Electronics,ELC-MSE-WL,1,$11.99,,$0.00,$5.99,$17.98,Normal,Shopify Payments,Online Store,fulfilled,United States,Arizona,Valid,North Theresaport
#2076,04-Aug-2026,"Herman, Megan",Missing Email,,Ceramic Coffee Mug Set (4pc),Home & Kitchen,HK-MUG-4PK,1,$18.99,WELCOME10,$1.90,$4.99,$22.08,Normal,Apple Pay,Online Store,fulfilled,United States,Florida,Valid,Angelaville
#2077,04-Aug-2026,Gerald Li,Email Available,gerald.li856@icloud.com,Yoga Mat - Extra Thick,Sports & Outdoors,SP-YGM-EX,1,$22.99,SAVE20,$4.60,$5.99,$24.38,Normal,Credit Card,POS,pending,United States,Florida,Valid,Mcguireburgh
#2078,04-Aug-2026,Daniel Hill,Email Available,daniel.hill472@outlook.com,Classic Cotton T-Shirt,Apparel,TSH-BLK-M,2,$14.99,BFCM25,$7.50,$4.99,$27.47,Normal,Google Pay,Online Store,refunded,Australia,,Not Required,East Cheryl
#2079,04-Aug-2026,Dustin Mccoy,Email Available,dustin.mccoy570@gmail.com,Ceramic Coffee Mug Set (4pc),Home & Kitchen,HK-MUG-4PK,1,$18.99,BFCM25,$4.75,$7.99,$22.23,Normal,Credit Card,Online Store,fulfilled,Canada,,Not Required,Joneshaven
#2080,04-Aug-2026,Tracy Adams,Email Available,tracy.adams712@icloud.com,Adjustable Dumbbell Set,Sports & Outdoors,SP-DMB-ADJ,1,$89.99,VIP15,$13.50,$0.00,$76.49,Normal,Apple Pay,Online Store,cancelled,United States,Illinois,Valid,New Kimberly
#2081,04-Aug-2026,Samuel Smith,Email Available,samuel.smith76@outlook.com,Throw Blanket - Fleece,Home & Kitchen,HK-BLK-FLC,1,$17.99,,$0.00,$5.99,$23.98,Normal,Credit Card,Facebook,fulfilled,United Kingdom,,Not Required,East Dominicbury
#2082,04-Aug-2026,Ronald Davis,Email Available,ronald.davis995@yahoo.com,Phone Case - Clear,Electronics,ELC-CSE-CLR,1,$8.99,,$0.00,$5.99,$14.98,Normal,Google Pay,Online Store,fulfilled,Pakistan,,Not Required,Lake Karen
#2083,04-Aug-2026,Thomas Smith,Email Available,thomas.smith633@gmail.com,Vitamin C Serum 30ml,Beauty,BTY-SRM-30,1,$24.99,,$0.00,$4.99,$29.98,Normal,Credit Card,Online Store,fulfilled,Germany,,Not Required,Montgomeryberg
#2084,04-Aug-2026,John Dunlap,Email Available,john.dunlap479@outlook.com,Resistance Bands Set,Sports & Outdoors,SP-RBS-SET,3,$13.99,SAVE20,$8.39,$7.99,$41.57,Normal,Credit Card,Instagram,fulfilled,Australia,,Not Required,Luisstad
#2085,04-Aug-2026,Julia Atkinson,Email Available,julia.atkinson939@gmail.com,Backpack - 25L,Accessories,ACC-BPK-25L,1,$32.99,,$0.00,$7.99,$40.98,Normal,Credit Card,Facebook,fulfilled,Canada,,Not Required,Nixonmouth
#2086,04-Aug-2026,Richard Zavala,Email Available,richard.zavala602@gmail.com,Ceramic Coffee Mug Set (4pc),Home & Kitchen,HK-MUG-4PK,1,$18.99,BFCM25,$4.75,$4.99,$19.23,Normal,Credit Card,Online Store,cancelled,Canada,,Not Required,Port Angela
#2087,04-Aug-2026,Amanda Robinson,Email Available,amanda.robinson263@icloud.com,USB-C Fast Charger 20W,Electronics,ELC-CHG-20,2,$15.49,FREESHIP,$0.00,$0.00,$30.98,Normal,Apple Pay,Facebook,refunded,United States,Canada,Valid,East Brittany
#2088,04-Aug-2026,Matthew Perez,Email Available,matthew.perez875@gmail.com,Adjustable Dumbbell Set,Sports & Outdoors,SP-DMB-ADJ,1,$89.99,WELCOME10,$9.00,$0.00,$80.99,Normal,PayPal,Instagram,cancelled,Pakistan,,Not Required,Taylorborough
#2089,04-Aug-2026,Mary Garcia,Email Available,mary.garcia899@icloud.com,Backpack - 25L,Accessories,ACC-BPK-25L,2,$32.99,FREESHIP,$0.00,$0.00,$65.98,Normal,PayPal,Online Store,refunded,Canada,,Not Required,North Justinberg
#2090,04-Aug-2026,Jeffrey Myers,Email Available,jeffrey.myers692@icloud.com,Stainless Steel Water Bottle,Home & Kitchen,HK-BTL-750,1,$12.99,,$0.00,$5.99,$18.98,Normal,PayPal,POS,refunded,Pakistan,,Not Required,Ericksonshire
#2091,04-Aug-2026,Peter Alvarez,Email Available,peter.alvarez465@yahoo.com,Scented Soy Candle - Vanilla,Home & Kitchen,HK-CND-VAN,1,$9.99,,$0.00,$4.99,$14.98,Normal,PayPal,Online Store,fulfilled,United States,Texas,Valid,East Matthew
#2092,04-Aug-2026,Philip Stevens,Missing Email,,Kids Building Blocks Set,Toys,TOY-BLK-SET,1,$27.99,SAVE20,$5.60,$4.99,$27.38,Normal,Credit Card,Instagram,pending,United States,Georgia,Valid,East Cynthiaville
#2093,04-Aug-2026,Katelyn Johnson,Email Available,katelyn.johnson502@outlook.com,Kids Building Blocks Set,Toys,TOY-BLK-SET,2,$27.99,,$0.00,$4.99,$60.97,Normal,Apple Pay,POS,refunded,United States,California,Valid,Shannonhaven
#2094,04-Aug-2026,Brian Ruiz,Email Available,brian.ruiz246@gmail.com,Kids Building Blocks Set,Toys,TOY-BLK-SET,1,$27.99,FREESHIP,$0.00,$0.00,$27.99,Normal,PayPal,Online Store,pending,Germany,,Not Required,Rebeccastad
#2095,04-Aug-2026,Stacey Johnson,Email Available,stacey.johnson95@gmail.com,Kids Building Blocks Set,Toys,TOY-BLK-SET,1,$27.99,WELCOME10,$2.80,$5.99,$31.18,Normal,Shopify Payments,Facebook,refunded,Germany,,Not Required,Douglasberg
#2096,04-Aug-2026,"Bryan, Cynthia",Email Available,cynthia.bryan502@icloud.com,Leather Wallet - Brown,Accessories,ACC-WLT-BRN,2,$19.99,,$0.00,$7.99,$47.97,Normal,Credit Card,Online Store,fulfilled,United States,Illinois,Valid,Hendersonville
#2097,04-Aug-2026,Glenn Smith,Email Available,glenn.smith305@gmail.com,Throw Blanket - Fleece,Home & Kitchen,HK-BLK-FLC,1,$17.99,,$0.00,$5.99,$23.98,Normal,Credit Card,POS,refunded,Canada,,Not Required,North Tommy
#2098,04-Aug-2026,Frank Diaz,Email Available,frank.diaz795@gmail.com,Running Shoes - Women's,Footwear,FTW-RUN-W,1,$54.99,,$0.00,$7.99,$62.98,Normal,Apple Pay,Facebook,pending,United States,California,Valid,Port Amberberg
#2099,04-Aug-2026,Julie Terrell,Email Available,julie.terrell409@icloud.com,Facial Cleanser 200ml,Beauty,BTY-CLN-200,1,$13.49,,$0.00,$5.99,$19.48,Normal,Apple Pay,POS,fulfilled,Australia,,Not Required,North Janice
#2100,04-Aug-2026,Leon Oliver,Email Available,leon.oliver578@gmail.com,Adjustable Dumbbell Set,Sports & Outdoors,SP-DMB-ADJ,1,$89.99,FREESHIP,$0.00,$0.00,$89.99,Outlier,Shopify Payments,Online Store,refunded,Canada,,Not Required,Benjaminstad
#2101,04-Aug-2026,Catherine Mcgee,Email Available,catherine.mcgee63@icloud.com,Wireless Mouse,Electronics,ELC-MSE-WL,1,$11.99,FREESHIP,$0.00,$0.00,$11.99,Normal,Google Pay,Facebook,refunded,Australia,,Not Required,Port Jeremyland
#2102,04-Aug-2026,Diana Romero,Email Available,diana.romero386@outlook.com,Slim Fit Denim Jeans,Apparel,JNS-BLU-32,2,$39.99,,$0.00,$0.00,$79.98,Normal,Google Pay,Facebook,pending,United States,Texas,Valid,Coleburgh
#2103,04-Aug-2026,Vincent Rosales,Missing Email,,Ceramic Coffee Mug Set (4pc),Home & Kitchen,HK-MUG-4PK,2,$18.99,VIP15,$5.70,$5.99,$38.27,Normal,Google Pay,Online Store,fulfilled,United States,Washington,Valid,Jonestown
#2104,04-Aug-2026,Sandra Potter,Email Available,sandra.potter166@yahoo.com,Ceramic Coffee Mug Set (4pc),Home & Kitchen,HK-MUG-4PK,1,$18.99,,$0.00,$5.99,$24.98,Normal,Google Pay,Instagram,fulfilled,United States,Washington,Valid,East Jamesside
#2105,04-Aug-2026,Philip Stevens,Email Available,philip.stevens908@outlook.com,Slim Fit Denim Jeans,Apparel,JNS-BLU-32,2,$39.99,,$0.00,$0.00,$79.98,Normal,PayPal,Facebook,fulfilled,United States,California,Valid,Sandersport
#2106,04-Aug-2026,Stacey Gonzales,Email Available,stacey.gonzales655@icloud.com,Running Shoes - Women's,Footwear,FTW-RUN-W,1,$54.99,VIP15,$8.25,$5.99,$52.73,Normal,Google Pay,Online Store,fulfilled,United States,Florida,Valid,Port Danielland
#2107,04-Aug-2026,Peter Alvarez,Email Available,peter.alvarez465@yahoo.com,Wireless Bluetooth Earbuds,Electronics,ELC-WBE-01,1,$29.99,FREESHIP,$0.00,$0.00,$29.99,Normal,Shopify Payments,Facebook,fulfilled,United States,Florida,Valid,West Lauren
#2108,04-Aug-2026,Johnathan Everett,Email Available,johnathan.everett6@outlook.com,Classic Cotton T-Shirt,Apparel,TSH-BLK-M,1,$14.99,,$0.00,$4.99,$19.98,Normal,Google Pay,Online Store,fulfilled,United States,California,Valid,Mooreshire
#2109,04-Aug-2026,Jennifer Burke,Email Available,jennifer.burke472@icloud.com,Scented Soy Candle - Vanilla,Home & Kitchen,HK-CND-VAN,1,$9.99,,$0.00,$4.99,$14.98,Normal,Google Pay,Facebook,fulfilled,Pakistan,,Not Required,Stephenview
#2110,04-Aug-2026,Zachary Hanson,Email Available,zachary.hanson261@outlook.com,Non-Stick Frying Pan 10in,Home & Kitchen,HK-PAN-10,1,$24.99,BFCM25,$6.25,$4.99,$23.73,Normal,Apple Pay,Facebook,pending,United States,Washington,Valid,West Lesliefurt
#2111,04-Aug-2026,Kelly Wyatt,Email Available,kelly.wyatt277@yahoo.com,Throw Blanket - Fleece,Home & Kitchen,HK-BLK-FLC,2,$17.99,,$0.00,$5.99,$41.97,Normal,PayPal,Online Store,fulfilled,Germany,,Not Required,Johnsonfurt
#2112,04-Aug-2026,Michael Hays,Email Available,michael.hays590@gmail.com,Slim Fit Denim Jeans,Apparel,JNS-BLU-32,1,$39.99,SAVE20,$8.00,$7.99,$39.98,Normal,Google Pay,Online Store,fulfilled,United States,California,Valid,East Brandon
#2113,04-Aug-2026,Daniel Contreras,Email Available,daniel.contreras749@yahoo.com,Ceramic Coffee Mug Set (4pc),Home & Kitchen,HK-MUG-4PK,1,$18.99,FREESHIP,$0.00,$0.00,$18.99,Normal,Google Pay,POS,fulfilled,Australia,,Not Required,Lisachester
#2114,04-Aug-2026,Erika Maxwell,Email Available,erika.maxwell281@gmail.com,USB-C Fast Charger 20W,Electronics,ELC-CHG-20,2,$15.49,BFCM25,$7.75,$5.99,$29.22,Normal,Shopify Payments,Online Store,fulfilled,United States,California,Valid,Pittshaven
#2115,04-Aug-2026,Paul Pratt,Email Available,paul.pratt856@outlook.com,Throw Blanket - Fleece,Home & Kitchen,HK-BLK-FLC,1,$17.99,,$0.00,$4.99,$22.98,Normal,Google Pay,Online Store,refunded,United States,Illinois,Valid,Huffmanhaven
#2116,04-Aug-2026,Kenneth Davis,Email Available,kenneth.davis106@yahoo.com,Wireless Bluetooth Earbuds,Electronics,ELC-WBE-01,1,$29.99,BFCM25,$7.50,$7.99,$30.48,Normal,Shopify Payments,Online Store,fulfilled,United States,Georgia,Valid,South Megantown
#2117,04-Aug-2026,"Murray, Cody",Email Available,cody.murray456@gmail.com,Polarized Sunglasses,Accessories,ACC-SUN-01,3,$16.99,,$0.00,$4.99,$55.96,Normal,Apple Pay,Online Store,fulfilled,United Kingdom,,Not Required,East Nicholasshire
#2118,04-Aug-2026,Mary Garcia,Email Available,mary.garcia899@icloud.com,Resistance Bands Set,Sports & Outdoors,SP-RBS-SET,1,$13.99,VIP15,$2.10,$5.99,$17.88,Normal,Shopify Payments,Facebook,fulfilled,Canada,,Not Required,East Robertmouth
#2119,04-Aug-2026,Timothy Hodges,Email Available,timothy.hodges687@icloud.com,Vitamin C Serum 30ml,Beauty,BTY-SRM-30,1,$24.99,SAVE20,$5.00,$7.99,$27.98,Normal,Shopify Payments,Online Store,cancelled,Australia,,Not Required,Savagefurt
#2120,04-Aug-2026,Christopher Martin,Email Available,christopher.martin10@gmail.com,Wireless Mouse,Electronics,ELC-MSE-WL,1,$11.99,FREESHIP,$0.00,$0.00,$11.99,Normal,Apple Pay,Online Store,refunded,United States,Florida,Valid,Mitchellshire
#2121,04-Aug-2026,Jasmine Parker,Email Available,jasmine.parker47@icloud.com,Wireless Mouse,Electronics,ELC-MSE-WL,1,$11.99,VIP15,$1.80,$7.99,$18.18,Normal,Shopify Payments,Online Store,cancelled,Pakistan,,Not Required,Mcculloughfurt
#2122,04-Aug-2026,Kayla Cruz,Email Available,kayla.cruz151@outlook.com,Stainless Steel Water Bottle,Home & Kitchen,HK-BTL-750,1,$12.99,,$0.00,$4.99,$17.98,Normal,Apple Pay,POS,cancelled,Pakistan,,Not Required,Courtneystad
#2123,04-Aug-2026,Amanda Robinson,Email Available,amanda.robinson263@icloud.com,Ceramic Coffee Mug Set (4pc),Home & Kitchen,HK-MUG-4PK,1,$18.99,BFCM25,$4.75,$4.99,$19.23,Normal,PayPal,POS,cancelled,United States,North Carolina,Valid,Santanaport
#2124,04-Aug-2026,Thomas Vazquez,Email Available,thomas.vazquez673@icloud.com,Adjustable Dumbbell Set,Sports & Outdoors,SP-DMB-ADJ,3,$89.99,,$0.00,$0.00,$269.97,Outlier,Google Pay,Online Store,fulfilled,Germany,,Not Required,Andreahaven
#2125,04-Aug-2026,Rebecca Watts,Email Available,rebecca.watts779@gmail.com,Wireless Bluetooth Earbuds,Electronics,ELC-WBE-01,2,$29.99,,$0.00,$4.99,$64.97,Normal,Credit Card,Facebook,refunded,United States,Ohio,Valid,Cummingsburgh
#2126,04-Aug-2026,Jacqueline Miller,Email Available,jacqueline.miller687@yahoo.com,Facial Cleanser 200ml,Beauty,BTY-CLN-200,1,$13.49,,$0.00,$4.99,$18.48,Normal,Credit Card,Online Store,fulfilled,Canada,,Not Required,Kelseyland
#2127,04-Aug-2026,Brittney Thomas,Email Available,brittney.thomas484@gmail.com,Yoga Mat - Extra Thick,Sports & Outdoors,SP-YGM-EX,1,$22.99,,$0.00,$4.99,$27.98,Normal,Shopify Payments,Online Store,fulfilled,United States,Ohio,Valid,West Stephanieberg
#2128,04-Aug-2026,David Duke,Email Available,david.duke814@icloud.com,Yoga Mat - Extra Thick,Sports & Outdoors,SP-YGM-EX,1,$22.99,,$0.00,$7.99,$30.98,Normal,Shopify Payments,Instagram,cancelled,United States,Georgia,Valid,Adamsshire
#2129,04-Aug-2026,Sarah Williams,Email Available,sarah.williams329@icloud.com,Wireless Mouse,Electronics,ELC-MSE-WL,1,$11.99,SAVE20,$2.40,$5.99,$15.58,Normal,Google Pay,Online Store,fulfilled,Canada,,Not Required,East Regina
#2130,04-Aug-2026,Jacqueline Graham,Email Available,jacqueline.graham958@gmail.com,Phone Case - Clear,Electronics,ELC-CSE-CLR,1,$8.99,,$0.00,$5.99,$14.98,Normal,Shopify Payments,POS,refunded,Australia,,Not Required,West Jeffreystad
#2131,04-Aug-2026,Amanda Rodriguez,Email Available,amanda.rodriguez770@yahoo.com,Leather Wallet - Brown,Accessories,ACC-WLT-BRN,1,$19.99,SAVE20,$4.00,$5.99,$21.98,Normal,Apple Pay,Online Store,refunded,United States,Washington,Valid,New Cynthia
#2132,04-Aug-2026,Albert Salazar,Email Available,albert.salazar398@outlook.com,Stainless Steel Water Bottle,Home & Kitchen,HK-BTL-750,1,$12.99,WELCOME10,$1.30,$7.99,$19.68,Normal,Shopify Payments,POS,fulfilled,United States,New York,Valid,New Troy
#2133,04-Aug-2026,David Pierce,Email Available,david.pierce107@outlook.com,Classic Cotton T-Shirt,Apparel,TSH-BLK-L,1,$14.99,,$0.00,$5.99,$20.98,Normal,PayPal,Online Store,fulfilled,Germany,,Not Required,West Randy
#2134,04-Aug-2026,Chad Smith,Email Available,chad.smith773@icloud.com,Throw Blanket - Fleece,Home & Kitchen,HK-BLK-FLC,3,$17.99,,$0.00,$7.99,$61.96,Normal,Shopify Payments,Online Store,refunded,Pakistan,,Not Required,North Samantha
#2135,04-Aug-2026,Sandra Potter,Email Available,sandra.potter166@yahoo.com,Classic Cotton T-Shirt,Apparel,TSH-BLK-M,1,$14.99,WELCOME10,$1.50,$7.99,$21.48,Normal,Shopify Payments,Online Store,pending,United States,Illinois,Valid,East Julian
#2136,04-Aug-2026,Tina Crane,Email Available,tina.crane554@gmail.com,Slim Fit Denim Jeans,Apparel,JNS-BLU-32,2,$39.99,WELCOME10,$8.00,$0.00,$71.98,Normal,Google Pay,POS,pending,United Kingdom,,Not Required,Campbellport
#2137,04-Aug-2026,Nicole Taylor,Email Available,nicole.taylor607@icloud.com,Stainless Steel Water Bottle,Home & Kitchen,HK-BTL-750,1,$12.99,BFCM25,$3.25,$7.99,$17.73,Normal,PayPal,Facebook,fulfilled,United States,California,Valid,Hornstad
#2138,04-Aug-2026,Tina Singh,Email Available,tina.singh98@icloud.com,Stainless Steel Water Bottle,Home & Kitchen,HK-BTL-750,1,$12.99,,$0.00,$5.99,$18.98,Normal,Credit Card,Online Store,pending,United States,Georgia,Valid,West Lucastown
#2139,04-Aug-2026,Jaime Vargas,Email Available,jaime.vargas795@outlook.com,Throw Blanket - Fleece,Home & Kitchen,HK-BLK-FLC,1,$17.99,BFCM25,$4.50,$4.99,$18.48,Normal,Google Pay,Facebook,fulfilled,United Kingdom,,Not Required,North Anneton
#2140,04-Aug-2026,Brittney Conway,Email Available,brittney.conway383@outlook.com,Ceramic Coffee Mug Set (4pc),Home & Kitchen,HK-MUG-4PK,1,$18.99,,$0.00,$7.99,$26.98,Normal,PayPal,POS,cancelled,United States,Washington,Valid,Petersberg
#2141,04-Aug-2026,Kenneth Davis,Email Available,kenneth.davis106@yahoo.com,Classic Cotton T-Shirt,Apparel,TSH-BLK-L,2,$14.99,WELCOME10,$3.00,$7.99,$34.97,Normal,Apple Pay,Online Store,pending,United States,Ohio,Valid,West Laurahaven
#2142,04-Aug-2026,Megan Herman,Email Available,megan.herman268@yahoo.com,Throw Blanket - Fleece,Home & Kitchen,HK-BLK-FLC,1,$17.99,,$0.00,$7.99,$25.98,Normal,PayPal,Instagram,fulfilled,United States,Ohio,Valid,Heatherbury
#2143,04-Aug-2026,Daniel Parsons,Email Available,daniel.parsons636@gmail.com,Running Shoes - Men's,Footwear,FTW-RUN-M,2,$54.99,FREESHIP,$0.00,$0.00,$109.98,Outlier,Apple Pay,POS,fulfilled,United States,New York,Valid,Sanchezmouth
#2144,04-Aug-2026,Alan Davis,Email Available,alan.davis483@icloud.com,Non-Stick Frying Pan 10in,Home & Kitchen,HK-PAN-10,1,$24.99,,$0.00,$4.99,$29.98,Normal,Credit Card,Facebook,cancelled,Canada,,Not Required,East Margaret
#2145,04-Aug-2026,Joshua Miller,Email Available,joshua.miller362@gmail.com,Classic Cotton T-Shirt,Apparel,TSH-BLK-L,1,$14.99,SAVE20,$3.00,$4.99,$16.98,Normal,Shopify Payments,Online Store,cancelled,Canada,,Not Required,Freemanville
#2146,04-Aug-2026,Nancy Nichols,Email Available,nancy.nichols189@yahoo.com,Stainless Steel Water Bottle,Home & Kitchen,HK-BTL-750,2,$12.99,,$0.00,$5.99,$31.97,Normal,PayPal,Facebook,pending,United States,Illinois,Valid,Port Sarah
#2147,04-Aug-2026,Seth Price,Email Available,seth.price179@gmail.com,Slim Fit Denim Jeans,Apparel,JNS-BLU-32,1,$39.99,FREESHIP,$0.00,$0.00,$39.99,Normal,Shopify Payments,Online Store,fulfilled,United States,California,Valid,East Reneeborough
#2148,04-Aug-2026,  Jane Gregory,Email Available,jane.gregory935@icloud.com,Classic Cotton T-Shirt,Apparel,TSH-BLK-M,1,$14.99,FREESHIP,$0.00,$0.00,$14.99,Normal,PayPal,Online Store,refunded,Germany,,Not Required,Lake Cynthia
#2149,04-Aug-2026,Andrea Martinez,Email Available,andrea.martinez756@yahoo.com,Hooded Sweatshirt,Apparel,APR-HOD-GRY,1,$34.99,FREESHIP,$0.00,$0.00,$34.99,Normal,Shopify Payments,POS,fulfilled,Australia,,Not Required,Hillmouth
#2150,04-Aug-2026,Timothy Hodges,Email Available,timothy.hodges687@icloud.com,USB-C Fast Charger 20W,Electronics,ELC-CHG-20,2,$15.49,,$0.00,$7.99,$38.97,Normal,Apple Pay,POS,cancelled,Australia,,Not Required,East Kimberlyborough
#2151,04-Aug-2026,Marcus Sloan,Email Available,marcus.sloan49@icloud.com,Phone Case - Clear,Electronics,ELC-CSE-CLR,1,$8.99,WELCOME10,$0.90,$4.99,$13.08,Normal,Google Pay,POS,fulfilled,United States,North Carolina,Valid,Woodardton
#2152,04-Aug-2026,Sara Hernandez,Missing Email,,Kids Building Blocks Set,Toys,TOY-BLK-SET,1,$27.99,,$0.00,$5.99,$33.98,Normal,Credit Card,POS,fulfilled,United States,Florida,Valid,Jasonchester
#2153,04-Aug-2026,Gerald Li,Missing Email,,Phone Case - Clear,Electronics,ELC-CSE-CLR,1,$8.99,FREESHIP,$0.00,$0.00,$8.99,Normal,Shopify Payments,Online Store,fulfilled,United States,Ohio,Valid,Lewisland
#2154,04-Aug-2026,Elizabeth Johnston,Email Available,elizabeth.johnston946@gmail.com,Facial Cleanser 200ml,Beauty,BTY-CLN-200,2,$13.49,,$0.00,$4.99,$31.97,Normal,PayPal,Online Store,fulfilled,United Kingdom,,Not Required,Christymouth
#2155,04-Aug-2026,Christopher Lopez,Missing Email,,Leather Wallet - Brown,Accessories,ACC-WLT-BRN,2,$19.99,BFCM25,$9.99,$7.99,$37.98,Normal,Shopify Payments,POS,cancelled,Pakistan,,Not Required,New Annamouth
#2156,04-Aug-2026,Alan Davis,Email Available,alan.davis483@icloud.com,Throw Blanket - Fleece,Home & Kitchen,HK-BLK-FLC,1,$17.99,FREESHIP,$0.00,$0.00,$17.99,Normal,Credit Card,Facebook,pending,Canada,,Not Required,East Melissastad
#2157,04-Aug-2026,Tasha Morales,Missing Email,,Scented Soy Candle - Vanilla,Home & Kitchen,HK-CND-VAN,2,$9.99,FREESHIP,$0.00,$0.00,$19.98,Normal,Shopify Payments,Online Store,fulfilled,United States,North Carolina,Valid,East James
#2158,04-Aug-2026,Eric Bailey,Email Available,eric.bailey970@yahoo.com,Ceramic Coffee Mug Set (4pc),Home & Kitchen,HK-MUG-4PK,2,$18.99,,$0.00,$7.99,$45.97,Normal,Shopify Payments,POS,refunded,United Kingdom,,Not Required,Lake Charles
#2159,04-Aug-2026,Angela Rose,Email Available,angela.rose740@outlook.com,Non-Stick Frying Pan 10in,Home & Kitchen,HK-PAN-10,1,$24.99,,$0.00,$4.99,$29.98,Normal,Shopify Payments,POS,fulfilled,United States,Georgia,Valid,Lake Jameston
#2160,04-Aug-2026,Andrew Jones,Email Available,andrew.jones338@icloud.com,Kids Building Blocks Set,Toys,TOY-BLK-SET,1,$27.99,FREESHIP,$0.00,$0.00,$27.99,Normal,Apple Pay,POS,fulfilled,United Kingdom,,Not Required,West Angelafurt
#2161,04-Aug-2026,Victoria Wilson,Email Available,victoria.wilson114@gmail.com,Non-Stick Frying Pan 10in,Home & Kitchen,HK-PAN-10,1,$24.99,,$0.00,$5.99,$30.98,Normal,Google Pay,Facebook,fulfilled,Canada,,Not Required,West Austin
#2162,04-Aug-2026,Anthony Krueger,Email Available,anthony.krueger812@yahoo.com,Non-Stick Frying Pan 10in,Home & Kitchen,HK-PAN-10,2,$24.99,SAVE20,$10.00,$5.99,$45.97,Normal,Shopify Payments,Instagram,fulfilled,Pakistan,,Not Required,Joditon
#2163,04-Aug-2026,Jaime Vargas,Email Available,jaime.vargas795@outlook.com,Wireless Bluetooth Earbuds,Electronics,ELC-WBE-01,2,$29.99,,$0.00,$5.99,$65.97,Normal,Apple Pay,Online Store,fulfilled,United Kingdom,,Not Required,Kimhaven
#2164,04-Aug-2026,Philip Stevens,Email Available,philip.stevens908@outlook.com,USB-C Fast Charger 20W,Electronics,ELC-CHG-20,2,$15.49,SAVE20,$6.20,$4.99,$29.77,Normal,Credit Card,POS,fulfilled,United States,North Carolina,Valid,Smithmouth
#2165,04-Aug-2026,Debbie Joseph,Email Available,debbie.joseph531@outlook.com,Adjustable Dumbbell Set,Sports & Outdoors,SP-DMB-ADJ,1,$89.99,,$0.00,$0.00,$89.99,Outlier,Google Pay,POS,fulfilled,United States,California,Valid,Johnsonborough
#2166,04-Aug-2026,George Green,Email Available,george.green694@icloud.com,Kids Building Blocks Set,Toys,TOY-BLK-SET,3,$27.99,,$0.00,$0.00,$83.97,Outlier,Google Pay,Facebook,fulfilled,United States,Florida,Valid,South Christy
#2167,04-Aug-2026,Donald Davis,Email Available,donald.davis404@icloud.com,Wireless Mouse,Electronics,ELC-MSE-WL,1,$11.99,,$0.00,$5.99,$17.98,Normal,PayPal,Online Store,cancelled,Canada,,Not Required,Salasfurt
#2168,04-Aug-2026,Anthony Patterson,Missing Email,,Classic Cotton T-Shirt,Apparel,TSH-BLK-L,1,$14.99,VIP15,$2.25,$7.99,$20.73,Normal,Google Pay,Online Store,fulfilled,Pakistan,,Not Required,Gailmouth
#2169,04-Aug-2026,William Houston,Email Available,william.houston340@outlook.com,Slim Fit Denim Jeans,Apparel,JNS-BLU-32,1,$39.99,,$0.00,$5.99,$45.98,Normal,PayPal,Facebook,pending,United States,Arizona,Valid,West Emilyview
#2170,04-Aug-2026,Jaime Vargas,Missing Email,,Ceramic Coffee Mug Set (4pc),Home & Kitchen,HK-MUG-4PK,1,$18.99,WELCOME10,$1.90,$7.99,$25.08,Normal,Apple Pay,Online Store,cancelled,United Kingdom,,Not Required,Thompsonbury
#2171,04-Aug-2026,Maria Patterson,Email Available,maria.patterson62@icloud.com,Facial Cleanser 200ml,Beauty,BTY-CLN-200,1,$13.49,WELCOME10,$1.35,$4.99,$17.13,Normal,PayPal,Online Store,cancelled,United States,Arizona,Valid,West Steven
#2172,04-Aug-2026,Natalie Dixon,Email Available,natalie.dixon388@outlook.com,Phone Case - Clear,Electronics,ELC-CSE-CLR,1,$8.99,FREESHIP,$0.00,$0.00,$8.99,Normal,Google Pay,Online Store,fulfilled,United States,North Carolina,Valid,Bushberg
#2173,04-Aug-2026,Courtney Bullock,Email Available,courtney.bullock860@outlook.com,Throw Blanket - Fleece,Home & Kitchen,HK-BLK-FLC,1,$17.99,VIP15,$2.70,$4.99,$20.28,Normal,Google Pay,Instagram,fulfilled,United Kingdom,,Not Required,Tracyshire
#2174,04-Aug-2026,Ronald Johnson,Email Available,ronald.johnson972@icloud.com,Hooded Sweatshirt,Apparel,APR-HOD-GRY,1,$34.99,,$0.00,$4.99,$39.98,Normal,Credit Card,POS,pending,Germany,,Not Required,Port Devinstad
#2175,04-Aug-2026,Samuel Lee,Missing Email,,USB-C Fast Charger 20W,Electronics,ELC-CHG-20,2,$15.49,FREESHIP,$0.00,$0.00,$30.98,Normal,Shopify Payments,POS,cancelled,Australia,,Not Required,Welchberg
#2176,04-Aug-2026,joseph martin,Email Available,joseph.martin348@icloud.com,Facial Cleanser 200ml,Beauty,BTY-CLN-200,1,$13.49,VIP15,$2.02,$4.99,$16.46,Normal,Credit Card,POS,fulfilled,United States,Ohio,Valid,North Patrickbury
#2177,04-Aug-2026,James Miller,Email Available,james.miller866@yahoo.com,Wireless Bluetooth Earbuds,Electronics,ELC-WBE-01,1,$29.99,,$0.00,$4.99,$34.98,Normal,Apple Pay,Online Store,fulfilled,Pakistan,,Not Required,Clarkeland
#2178,04-Aug-2026,Rebecca Watts,Email Available,rebecca.watts779@gmail.com,Backpack - 25L,Accessories,ACC-BPK-25L,1,$32.99,WELCOME10,$3.30,$5.99,$35.68,Normal,Apple Pay,Online Store,fulfilled,United States,Washington,Valid,Jasmineland
#2179,04-Aug-2026,Andrea Martinez,Email Available,andrea.martinez756@yahoo.com,Adjustable Dumbbell Set,Sports & Outdoors,SP-DMB-ADJ,1,$89.99,SAVE20,$18.00,$0.00,$71.99,Normal,PayPal,POS,fulfilled,Australia,,Not Required,Danielsview
#2180,04-Aug-2026,Autumn Stewart,Email Available,autumn.stewart565@outlook.com,Classic Cotton T-Shirt,Apparel,TSH-BLK-L,3,$14.99,,$0.00,$4.99,$49.96,Normal,Shopify Payments,Online Store,refunded,United Kingdom,,Not Required,Taylorshire
#2181,04-Aug-2026,VICKI JOHNSON,Missing Email,,Backpack - 25L,Accessories,ACC-BPK-25L,2,$32.99,VIP15,$9.90,$7.99,$64.07,Normal,Google Pay,Online Store,cancelled,Canada,,Not Required,Calvinfurt
#2182,04-Aug-2026,Robert Boyd,Email Available,robert.boyd184@yahoo.com,Running Shoes - Women's,Footwear,FTW-RUN-W,1,$54.99,SAVE20,$11.00,$5.99,$49.98,Normal,Apple Pay,POS,cancelled,Canada,,Not Required,Joshuachester
#2183,04-Aug-2026,Melinda Williams,Email Available,melinda.williams310@icloud.com,Classic Cotton T-Shirt,Apparel,TSH-BLK-M,1,$14.99,VIP15,$2.25,$7.99,$20.73,Normal,Apple Pay,Facebook,fulfilled,United States,Georgia,Valid,East Lesliefort
#2184,04-Aug-2026,AMANDA ROBINSON,Email Available,amanda.robinson263@icloud.com,Non-Stick Frying Pan 10in,Home & Kitchen,HK-PAN-10,2,$24.99,FREESHIP,$0.00,$0.00,$49.98,Normal,Shopify Payments,Instagram,fulfilled,United States,Ohio,Valid,New Jameschester
#2185,04-Aug-2026,David Hernandez,Email Available,david.hernandez260@yahoo.com,Vitamin C Serum 30ml,Beauty,BTY-SRM-30,1,$24.99,,$0.00,$7.99,$32.98,Normal,Apple Pay,POS,cancelled,Australia,,Not Required,Johnmouth
#2186,04-Aug-2026,Christopher Harrington,Email Available,christopher.harrington960@gmail.com,Kids Building Blocks Set,Toys,TOY-BLK-SET,1,$27.99,,$0.00,$7.99,$35.98,Normal,Google Pay,Online Store,pending,Australia,,Not Required,Sullivanmouth
#2187,04-Aug-2026,Tiffany Jones,Email Available,tiffany.jones564@outlook.com,USB-C Fast Charger 20W,Electronics,ELC-CHG-20,1,$15.49,,$0.00,$4.99,$20.48,Normal,Credit Card,Facebook,refunded,Germany,,Not Required,Oliviatown
#2188,04-Aug-2026,Thomas Rojas,Email Available,thomas.rojas667@icloud.com,Leather Wallet - Brown,Accessories,ACC-WLT-BRN,2,$19.99,,$0.00,$7.99,$47.97,Normal,Credit Card,Facebook,fulfilled,United States,Georgia,Valid,Rodriguezbury
#2189,04-Aug-2026,Adam Johnson,Email Available,adam.johnson932@outlook.com,ADJUSTABLE DUMBBELL SET,Sports & Outdoors,SP-DMB-ADJ,1,$89.99,,$0.00,$0.00,$89.99,Outlier,Apple Pay,Online Store,fulfilled,Australia,,Not Required,East Justinstad
#2190,04-Aug-2026,marie rose,Email Available,marie.rose93@gmail.com,Non-Stick Frying Pan 10in,Home & Kitchen,HK-PAN-10,1,$24.99,BFCM25,$6.25,$5.99,$24.73,Normal,Apple Pay,Instagram,fulfilled,United States,Georgia,Valid,Shannonfort
#2191,04-Aug-2026,Amanda Robinson,Email Available,amanda.robinson263@icloud.com,Portable Power Bank 10000mAh,Electronics,ELC-PWB-10K,4,$21.99,VIP15,$13.19,$0.00,$74.77,Normal,Shopify Payments,Instagram,fulfilled,United States,Illinois,Valid,Lake Mariaberg
#2192,04-Aug-2026,Megan Dickson,Email Available,megan.dickson508@gmail.com,Phone Case - Clear,Electronics,ELC-CSE-CLR,1,$8.99,,$0.00,$4.99,$13.98,Normal,Apple Pay,POS,refunded,United Kingdom,,Not Required,New Franciscoberg
#2193,04-Aug-2026,Christopher Osborne,Email Available,christopher.osborne481@yahoo.com,Kids Building Blocks Set,Toys,TOY-BLK-SET,1,$27.99,VIP15,$4.20,$7.99,$31.78,Normal,Apple Pay,Instagram,fulfilled,United States,Illinois,Valid,Christinastad
#2194,04-Aug-2026,Tracy Kennedy,Email Available,tracy.kennedy796@outlook.com,Slim Fit Denim Jeans,Apparel,JNS-BLU-32,1,$39.99,,$0.00,$5.99,$45.98,Normal,Credit Card,Online Store,cancelled,Pakistan,,Not Required,Caseyfurt
#2195,04-Aug-2026,Randall Rhodes,Email Available,randall.rhodes730@outlook.com,Stainless Steel Water Bottle,Home & Kitchen,HK-BTL-750,1,$12.99,,$0.00,$5.99,$18.98,Normal,Apple Pay,Online Store,fulfilled,United Kingdom,,Not Required,Port Emilyfort
#2196,04-Aug-2026,Anthony Vaughn,Email Available,anthony.vaughn72@gmail.com,Slim Fit Denim Jeans,Apparel,JNS-BLU-32,2,$39.99,,$0.00,$0.00,$79.98,Normal,Google Pay,Online Store,fulfilled,Germany,,Not Required,Lake Karenchester
#2197,04-Aug-2026,Barbara Brown,Email Available,barbara.brown26@gmail.com,Stainless Steel Water Bottle,Home & Kitchen,HK-BTL-750,1,$12.99,,$0.00,$4.99,$17.98,Normal,Credit Card,Instagram,pending,United States,California,Valid,East Patrick
#2198,04-Aug-2026,Autumn Stewart,Email Available,autumn.stewart565@outlook.com,Classic Cotton T-Shirt,Apparel,TSH-BLK-L,1,$14.99,BFCM25,$3.75,$7.99,$19.23,Normal,Google Pay,Online Store,fulfilled,United Kingdom,,Not Required,Gloriafurt
#2199,04-Aug-2026,Christopher Osborne,Email Available,christopher.osborne481@yahoo.com,Portable Power Bank 10000mAh,Electronics,ELC-PWB-10K,1,$21.99,VIP15,$3.30,$5.99,$24.68,Normal,Google Pay,Online Store,fulfilled,United States,Florida,Valid,Davidshire
#2200,04-Aug-2026,Donald Davis,Missing Email,,Polarized Sunglasses,Accessories,ACC-SUN-01,1,$16.99,,$0.00,$7.99,$24.98,Normal,Shopify Payments,Facebook,cancelled,Canada,,Not Required,West David
#2201,04-Aug-2026,Rachel Colon,Missing Email,,Backpack - 25L,Accessories,ACC-BPK-25L,1,$32.99,WELCOME10,$3.30,$4.99,$34.68,Normal,Google Pay,Online Store,pending,Australia,,Not Required,Port Lisa
#2202,04-Aug-2026,Rebecca Watts,Email Available,rebecca.watts779@gmail.com,Running Shoes - Men's,Footwear,FTW-RUN-M,1,$54.99,,$0.00,$7.99,$62.98,Normal,Credit Card,Online Store,refunded,United States,Arizona,Valid,New Jerry
#2203,04-Aug-2026,Jessica Garcia,Email Available,jessica.garcia931@gmail.com,Stainless Steel Water Bottle,Home & Kitchen,HK-BTL-750,2,$12.99,,$0.00,$7.99,$33.97,Normal,PayPal,Online Store,cancelled,United States,California,Valid,Lake Jillianfurt
#2204,04-Aug-2026,Maria Patterson,Email Available,maria.patterson62@icloud.com,Yoga Mat - Extra Thick,Sports & Outdoors,SP-YGM-EX,1,$22.99,VIP15,$3.45,$5.99,$25.53,Normal,Credit Card,Instagram,cancelled,United States,Texas,Valid,West Ericport
#2205,04-Aug-2026,Rebecca Watts,Email Available,rebecca.watts779@gmail.com,Leather Wallet - Brown,Accessories,ACC-WLT-BRN,1,$19.99,SAVE20,$4.00,$5.99,$21.98,Normal,PayPal,Facebook,fulfilled,United States,Arizona,Valid,New Thomaston
#2206,04-Aug-2026,Patrick Richardson,Email Available,patrick.richardson270@icloud.com,Stainless Steel Water Bottle,Home & Kitchen,HK-BTL-750,2,$12.99,,$0.00,$7.99,$33.97,Normal,Credit Card,Online Store,fulfilled,United States,Georgia,Valid,Fernandezbury
#2207,04-Aug-2026,Sergio Turner,Email Available,sergio.turner744@outlook.com,Vitamin C Serum 30ml,Beauty,BTY-SRM-30,1,$24.99,VIP15,$3.75,$4.99,$26.23,Normal,Shopify Payments,Facebook,fulfilled,Germany,,Not Required,Jefferyberg
#2208,04-Aug-2026,Autumn Stewart,Email Available,autumn.stewart565@outlook.com,Running Shoes - Women's,Footwear,FTW-RUN-W,2,$54.99,,$0.00,$0.00,$109.98,Outlier,Shopify Payments,Online Store,cancelled,United Kingdom,,Not Required,Lake Gina
#2209,04-Aug-2026,Tiffany Jones,Email Available,tiffany.jones564@outlook.com,Running Shoes - Women's,Footwear,FTW-RUN-W,1,$54.99,,$0.00,$5.99,$60.98,Normal,Google Pay,Facebook,fulfilled,Germany,,Not Required,Markfort
#2210,04-Aug-2026,Bryan Smith,Email Available,bryan.smith876@yahoo.com,Wireless Mouse,Electronics,ELC-MSE-WL,2,$11.99,,$0.00,$5.99,$29.97,Normal,Shopify Payments,Online Store,fulfilled,United States,Texas,Valid,Port Thomasville
#2211,04-Aug-2026,Rebecca Watts,Email Available,rebecca.watts779@gmail.com,Hooded Sweatshirt,Apparel,APR-HOD-GRY,1,$34.99,,$0.00,$4.99,$39.98,Normal,Google Pay,Facebook,fulfilled,United States,New York,Valid,West Gregoryborough
#2212,04-Aug-2026,Anthony Patterson,Email Available,anthony.patterson944@gmail.com,Scented Soy Candle - Vanilla,Home & Kitchen,HK-CND-VAN,1,$9.99,BFCM25,$2.50,$4.99,$12.48,Normal,Shopify Payments,Instagram,refunded,Pakistan,,Not Required,Josephbury
#2213,04-Aug-2026,Victor Herrera,Email Available,victor.herrera394@outlook.com,Phone Case - Clear,Electronics,ELC-CSE-CLR,1,$8.99,FREESHIP,$0.00,$0.00,$8.99,Normal,Shopify Payments,Online Store,fulfilled,Pakistan,,Not Required,Bradshawshire
#2214,04-Aug-2026,Kimberly Williams,Email Available,kimberly.williams555@outlook.com,Wireless Mouse,Electronics,ELC-MSE-WL,2,$11.99,,$0.00,$7.99,$31.97,Normal,PayPal,Online Store,fulfilled,United Kingdom,,Not Required,New Erin
#2215,04-Aug-2026,Margaret Conley,Email Available,margaret.conley327@icloud.com,Backpack - 25L,Accessories,ACC-BPK-25L,1,$32.99,SAVE20,$6.60,$4.99,$31.38,Normal,Apple Pay,Facebook,cancelled,Australia,,Not Required,Lake Andrewstad
#2216,04-Aug-2026,Kenneth Coleman,Email Available,kenneth.coleman447@icloud.com,Wireless Mouse,Electronics,ELC-MSE-WL,2,$11.99,,$0.00,$7.99,$31.97,Normal,Shopify Payments,Facebook,cancelled,United States,North Carolina,Valid,Laurenchester
#2217,04-Aug-2026,Kelly Wyatt,Email Available,kelly.wyatt277@yahoo.com,Adjustable Dumbbell Set,Sports & Outdoors,SP-DMB-ADJ,1,$89.99,WELCOME10,$9.00,$0.00,$80.99,Normal,Google Pay,Facebook,fulfilled,Germany,,Not Required,Lake Tiffany
#2218,04-Aug-2026,Melissa Jones,Email Available,melissa.jones297@yahoo.com,Yoga Mat - Extra Thick,Sports & Outdoors,SP-YGM-EX,1,$22.99,,$0.00,$7.99,$30.98,Normal,Google Pay,Online Store,fulfilled,United States,Texas,Valid,Haydenton
#2219,04-Aug-2026,Alexandria Miller,Email Available,alexandria.miller414@outlook.com,Ceramic Coffee Mug Set (4pc),Home & Kitchen,HK-MUG-4PK,2,$18.99,SAVE20,$7.60,$5.99,$36.37,Normal,Credit Card,Online Store,cancelled,Australia,,Not Required,North Nicholas
#2220,04-Aug-2026,Brian Shaffer,Email Available,brian.shaffer90@yahoo.com,Leather Wallet - Brown,Accessories,ACC-WLT-BRN,1,$19.99,,$0.00,$5.99,$25.98,Normal,Credit Card,Online Store,fulfilled,United States,California,Valid,East Williamport
#2221,04-Aug-2026,Tammy Hawkins,Email Available,tammy.hawkins461@outlook.com,Running Shoes - Men's,Footwear,FTW-RUN-M,1,$54.99,BFCM25,$13.75,$7.99,$49.23,Normal,Credit Card,Instagram,fulfilled,United States,California,Valid,East Karen
#2222,04-Aug-2026,Christopher Martin,Email Available,christopher.martin10@gmail.com,Adjustable Dumbbell Set,Sports & Outdoors,SP-DMB-ADJ,1,$89.99,FREESHIP,$0.00,$0.00,$89.99,Outlier,Google Pay,Online Store,fulfilled,United States,New York,Valid,Tiffanyborough
#2223,04-Aug-2026,Jesus Mason,Email Available,jesus.mason798@icloud.com,Phone Case - Clear,Electronics,ELC-CSE-CLR,1,$8.99,BFCM25,$2.25,$5.99,$12.73,Normal,Apple Pay,POS,pending,United States,Illinois,Valid,West Angela
#2224,04-Aug-2026,Jasmine Parker,Email Available,jasmine.parker47@icloud.com,Leather Wallet - Brown,Accessories,ACC-WLT-BRN,2,$19.99,BFCM25,$9.99,$7.99,$37.98,Normal,PayPal,Facebook,fulfilled,Pakistan,,Not Required,East Jennifer
#2225,04-Aug-2026,Richard Ward,Email Available,richard.ward894@icloud.com,Yoga Mat - Extra Thick,Sports & Outdoors,SP-YGM-EX,1,$22.99,BFCM25,$5.75,$5.99,$23.23,Normal,Shopify Payments,POS,fulfilled,Pakistan,,Not Required,Jessicaberg
#2226,04-Aug-2026,Jon Lambert,Email Available,jon.lambert231@icloud.com,Polarized Sunglasses,Accessories,ACC-SUN-01,1,$16.99,,$0.00,$4.99,$21.98,Normal,Apple Pay,Instagram,fulfilled,United States,California,Valid,Elizabethside
#2227,04-Aug-2026,Miranda Gray,Email Available,miranda.gray649@yahoo.com,Phone Case - Clear,Electronics,ELC-CSE-CLR,1,$8.99,,$0.00,$7.99,$16.98,Normal,Shopify Payments,Facebook,refunded,Pakistan,,Not Required,Lake Wendyshire
#2228,04-Aug-2026,Timothy Weaver,Email Available,timothy.weaver591@gmail.com,Classic Cotton T-Shirt,Apparel,TSH-BLK-L,1,$14.99,SAVE20,$3.00,$4.99,$16.98,Normal,Shopify Payments,Online Store,cancelled,Australia,,Not Required,Williamschester
#2229,04-Aug-2026,Diane Harper,Email Available,diane.harper925@gmail.com,Non-Stick Frying Pan 10in,Home & Kitchen,HK-PAN-10,2,$24.99,VIP15,$7.50,$5.99,$48.47,Normal,PayPal,Instagram,cancelled,United States,Washington,Valid,North Jennifer
#2230,04-Aug-2026,Christopher Osborne,Email Available,christopher.osborne481@yahoo.com,Polarized Sunglasses,Accessories,ACC-SUN-01,1,$16.99,,$0.00,$7.99,$24.98,Normal,PayPal,Online Store,cancelled,United States,California,Valid,South Chadside
#2231,04-Aug-2026,"Ingram, Jose",Email Available,jose.ingram37@gmail.com,Adjustable Dumbbell Set,Sports & Outdoors,SP-DMB-ADJ,2,$89.99,SAVE20,$36.00,$0.00,$143.98,Outlier,Shopify Payments,Online Store,fulfilled,United States,Georgia,Valid,Daniellefort
#2232,04-Aug-2026,Joel Williams,Email Available,joel.williams850@gmail.com,Vitamin C Serum 30ml,Beauty,BTY-SRM-30,2,$24.99,BFCM25,$12.49,$7.99,$45.48,Normal,Apple Pay,Facebook,pending,United States,New York,Valid,Port Michele
#2233,04-Aug-2026,Matthew Riley,Email Available,matthew.riley309@yahoo.com,Polarized Sunglasses,Accessories,ACC-SUN-01,1,$16.99,WELCOME10,$1.70,$7.99,$23.28,Normal,Google Pay,Online Store,fulfilled,Canada,,Not Required,Port Scottfurt
#2234,04-Aug-2026,Stacey Morales,Email Available,stacey.morales538@yahoo.com,Polarized Sunglasses,Accessories,ACC-SUN-01,1,$16.99,,$0.00,$7.99,$24.98,Normal,Google Pay,Instagram,pending,Australia,,Not Required,Pettytown
#2235,04-Aug-2026,Heather Rivers,Email Available,heather.rivers451@icloud.com,Scented Soy Candle - Vanilla,Home & Kitchen,HK-CND-VAN,1,$9.99,,$0.00,$5.99,$15.98,Normal,Google Pay,Online Store,fulfilled,United States,Georgia,Valid,Lindastad
#2236,04-Aug-2026,Gregory Vega,Email Available,gregory.vega882@outlook.com,USB-C Fast Charger 20W,Electronics,ELC-CHG-20,1,$15.49,,$0.00,$7.99,$23.48,Normal,Shopify Payments,Online Store,pending,Pakistan,,Not Required,Katrinastad
#2237,04-Aug-2026,Barbara Brown,Email Available,barbara.brown26@gmail.com,Running Shoes - Men's,Footwear,FTW-RUN-M,1,$54.99,,$0.00,$7.99,$62.98,Normal,Credit Card,POS,pending,United States,New York,Valid,Port Stephanieview
#2238,04-Aug-2026,Frank Diaz,Email Available,frank.diaz795@gmail.com,Kids Building Blocks Set,Toys,TOY-BLK-SET,2,$27.99,,$0.00,$7.99,$63.97,Normal,PayPal,Online Store,fulfilled,United States,Georgia,Valid,Rossmouth
#2239,04-Aug-2026,Sandra Wilson,Email Available,sandra.wilson554@outlook.com,Classic Cotton T-Shirt,Apparel,TSH-BLK-L,1,$14.99,,$0.00,$4.99,$19.98,Normal,Apple Pay,Online Store,fulfilled,Canada,,Not Required,Popeberg
#2240,04-Aug-2026,Rose English,Email Available,rose.english118@icloud.com,Non-Stick Frying Pan 10in,Home & Kitchen,HK-PAN-10,1,$24.99,WELCOME10,$2.50,$5.99,$28.48,Normal,Credit Card,POS,fulfilled,Germany,,Not Required,North Lisa
#2241,04-Aug-2026,Kayla Morris,Email Available,kayla.morris339@outlook.com,Leather Wallet - Brown,Accessories,ACC-WLT-BRN,1,$19.99,,$0.00,$4.99,$24.98,Normal,Credit Card,POS,pending,Canada,,Not Required,South Thomas
#2242,04-Aug-2026,James Castro,Email Available,james.castro923@icloud.com,Leather Wallet - Brown,Accessories,ACC-WLT-BRN,1,$19.99,VIP15,$3.00,$7.99,$24.98,Normal,Credit Card,POS,cancelled,Pakistan,,Not Required,Bishopland
#2243,04-Aug-2026,Samuel Lee,Email Available,samuel.lee63@icloud.com,Running Shoes - Men's,Footwear,FTW-RUN-M,1,$54.99,SAVE20,$11.00,$5.99,$49.98,Normal,Google Pay,Facebook,fulfilled,Australia,,Not Required,New Williamhaven
#2244,04-Aug-2026,Carrie White,Email Available,carrie.white846@gmail.com,USB-C Fast Charger 20W,Electronics,ELC-CHG-20,1,$15.49,BFCM25,$3.87,$5.99,$17.61,Normal,Google Pay,Instagram,fulfilled,United Kingdom,,Not Required,Nicholsberg
#2245,04-Aug-2026,Erika Maxwell,Email Available,erika.maxwell281@gmail.com,Stainless Steel Water Bottle,Home & Kitchen,HK-BTL-750,1,$12.99,,$0.00,$7.99,$20.98,Normal,Credit Card,Instagram,fulfilled,United States,Ohio,Valid,North Pamela
#2246,04-Aug-2026,Brady Garcia,Email Available,brady.garcia57@yahoo.com,Polarized Sunglasses,Accessories,ACC-SUN-01,1,$16.99,,$0.00,$4.99,$21.98,Normal,PayPal,Online Store,cancelled,Australia,,Not Required,Hernandezhaven
#2247,04-Aug-2026,Timothy Sanchez,Missing Email,,Leather Wallet - Brown,Accessories,ACC-WLT-BRN,1,$19.99,,$0.00,$5.99,$25.98,Normal,Credit Card,Online Store,cancelled,United States,Arizona,Valid,Walkershire
#2248,04-Aug-2026,Jacqueline Miller,Email Available,jacqueline.miller687@yahoo.com,Ceramic Coffee Mug Set (4pc),Home & Kitchen,HK-MUG-4PK,2,$18.99,WELCOME10,$3.80,$4.99,$39.17,Normal,Google Pay,Facebook,refunded,Canada,,Not Required,Abbottchester
#2249,04-Aug-2026,Karen Bautista,Email Available,karen.bautista779@icloud.com,Vitamin C Serum 30ml,Beauty,BTY-SRM-30,1,$24.99,VIP15,$3.75,$4.99,$26.23,Normal,Shopify Payments,Online Store,fulfilled,United States,Washington,Valid,Port Alexander
#2250,04-Aug-2026,Mary Garcia,Email Available,mary.garcia899@icloud.com,Slim Fit Denim Jeans,Apparel,JNS-BLU-32,4,$39.99,WELCOME10,$16.00,$0.00,$143.96,Outlier,Credit Card,Instagram,refunded,Canada,,Not Required,East Michelle
#2251,04-Aug-2026,Ian Morris,Email Available,ian.morris90@outlook.com,Non-Stick Frying Pan 10in,Home & Kitchen,HK-PAN-10,1,$24.99,,$0.00,$7.99,$32.98,Normal,Shopify Payments,Online Store,refunded,Pakistan,,Not Required,East Patriciaborough
#2252,04-Aug-2026,Tina Crane,Email Available,tina.crane554@gmail.com,Hooded Sweatshirt,Apparel,APR-HOD-GRY,2,$34.99,,$0.00,$4.99,$74.97,Normal,Google Pay,Facebook,fulfilled,United Kingdom,,Not Required,Matthewstad
#2253,04-Aug-2026,Sara Sims,Email Available,sara.sims992@icloud.com,Scented Soy Candle - Vanilla,Home & Kitchen,HK-CND-VAN,1,$9.99,,$0.00,$5.99,$15.98,Normal,Shopify Payments,Online Store,fulfilled,Germany,,Not Required,Amychester
#2254,04-Aug-2026,Misty Martin,Email Available,misty.martin667@gmail.com,Polarized Sunglasses,Accessories,ACC-SUN-01,1,$16.99,SAVE20,$3.40,$4.99,$18.58,Normal,Google Pay,POS,fulfilled,United States,Texas,Valid,Jimeneztown
#2255,04-Aug-2026,Angela Carr,Email Available,angela.carr488@yahoo.com,Non-Stick Frying Pan 10in,Home & Kitchen,HK-PAN-10,1,$24.99,,$0.00,$5.99,$30.98,Normal,PayPal,Online Store,fulfilled,United States,California,Valid,East Tammybury
#2256,04-Aug-2026,Jaime Vargas,Email Available,jaime.vargas795@outlook.com,Classic Cotton T-Shirt,Apparel,TSH-BLK-M,1,$14.99,BFCM25,$3.75,$7.99,$19.23,Normal,Google Pay,POS,refunded,United Kingdom,,Not Required,Port Rodney
#2257,04-Aug-2026,Daniel Parsons,Email Available,daniel.parsons636@gmail.com,Ceramic Coffee Mug Set (4pc),Home & Kitchen,HK-MUG-4PK,1,$18.99,,$0.00,$4.99,$23.98,Normal,PayPal,Online Store,fulfilled,United States,Florida,Valid,Romeroview
#2258,04-Aug-2026,Sarah Hart,Email Available,sarah.hart267@yahoo.com,USB-C Fast Charger 20W,Electronics,ELC-CHG-20,1,$15.49,VIP15,$2.32,$4.99,$18.16,Normal,PayPal,Online Store,fulfilled,United Kingdom,,Not Required,West Shawna
#2259,04-Aug-2026,Karen Lewis,Email Available,karen.lewis137@icloud.com,Resistance Bands Set,Sports & Outdoors,SP-RBS-SET,1,$13.99,,$0.00,$5.99,$19.98,Normal,Google Pay,POS,fulfilled,Australia,,Not Required,Port Tylerstad
#2260,04-Aug-2026,  Stacey Johnson,Email Available,stacey.johnson95@gmail.com,Leather Wallet - Brown,Accessories,ACC-WLT-BRN,1,$19.99,BFCM25,$5.00,$5.99,$20.98,Normal,Credit Card,Instagram,refunded,Germany,,Not Required,Simonchester
#2261,04-Aug-2026,Kristopher Barnett,Email Available,kristopher.barnett178@outlook.com,Facial Cleanser 200ml,Beauty,BTY-CLN-200,2,$13.49,,$0.00,$4.99,$31.97,Normal,Shopify Payments,Instagram,cancelled,Australia,,Not Required,East Lisaland
#2262,04-Aug-2026,David Duke,Email Available,david.duke814@icloud.com,Polarized Sunglasses,Accessories,ACC-SUN-01,1,$16.99,BFCM25,$4.25,$4.99,$17.73,Normal,Google Pay,Instagram,refunded,United States,Illinois,Valid,West Laura
#2263,04-Aug-2026,Vincent Rosales,Missing Email,,Running Shoes - Men's,Footwear,FTW-RUN-M,1,$54.99,,$0.00,$7.99,$62.98,Normal,Apple Pay,Instagram,pending,United States,Georgia,Valid,Joeview
#2264,04-Aug-2026,Chad Smith,Email Available,chad.smith773@icloud.com,Scented Soy Candle - Vanilla,Home & Kitchen,HK-CND-VAN,1,$9.99,SAVE20,$2.00,$5.99,$13.98,Normal,PayPal,POS,pending,Pakistan,,Not Required,Richardsonview
#2265,04-Aug-2026,Heather Rivers,Email Available,heather.rivers451@icloud.com,Vitamin C Serum 30ml,Beauty,BTY-SRM-30,1,$24.99,WELCOME10,$2.50,$4.99,$27.48,Normal,Shopify Payments,Facebook,fulfilled,United States,Arizona,Valid,North Allisonville
#2266,04-Aug-2026,Tracy Kennedy,Missing Email,,Stainless Steel Water Bottle,Home & Kitchen,HK-BTL-750,1,$12.99,SAVE20,$2.60,$7.99,$18.38,Normal,Credit Card,Online Store,cancelled,Pakistan,,Not Required,New Richardhaven
#2267,04-Aug-2026,Natalie Dixon,Email Available,natalie.dixon388@outlook.com,Running Shoes - Men's,Footwear,FTW-RUN-M,1,$54.99,,$0.00,$5.99,$60.98,Normal,PayPal,Online Store,fulfilled,United States,Ohio,Valid,Port Megan
#2268,04-Aug-2026,Jeremy Hicks,Email Available,jeremy.hicks984@yahoo.com,Scented Soy Candle - Vanilla,Home & Kitchen,HK-CND-VAN,1,$9.99,BFCM25,$2.50,$7.99,$15.48,Normal,PayPal,Facebook,refunded,United Kingdom,,Not Required,Port Patrickton
#2269,04-Aug-2026,Kathleen Mayer,Email Available,kathleen.mayer237@outlook.com,Running Shoes - Women's,Footwear,FTW-RUN-W,3,$54.99,VIP15,$24.75,$0.00,$140.22,Outlier,Credit Card,Instagram,fulfilled,United States,Illinois,Valid,Lake Elizabethside
#2270,04-Aug-2026,Lauren Howard,Email Available,lauren.howard163@icloud.com,Adjustable Dumbbell Set,Sports & Outdoors,SP-DMB-ADJ,3,$89.99,,$0.00,$0.00,$269.97,Outlier,PayPal,Facebook,pending,United States,Washington,Valid,Mcdonaldfurt
#2271,04-Aug-2026,Brian Ruiz,Email Available,brian.ruiz246@gmail.com,Portable Power Bank 10000mAh,Electronics,ELC-PWB-10K,1,$21.99,,$0.00,$7.99,$29.98,Normal,Credit Card,Facebook,fulfilled,Germany,,Not Required,Chelseatown
#2272,04-Aug-2026,Marcus Sloan,Missing Email,,Classic Cotton T-Shirt,Apparel,TSH-BLK-L,2,$14.99,WELCOME10,$3.00,$4.99,$31.97,Normal,Shopify Payments,Online Store,refunded,United States,Florida,Valid,North Kevinville
#2273,04-Aug-2026,Christopher Harrington,Email Available,christopher.harrington960@gmail.com,Resistance Bands Set,Sports & Outdoors,SP-RBS-SET,2,$13.99,,$0.00,$7.99,$35.97,Normal,PayPal,POS,fulfilled,Australia,,Not Required,Wrighttown
#2274,04-Aug-2026,Mark Mata,Email Available,mark.mata757@outlook.com,Stainless Steel Water Bottle,Home & Kitchen,HK-BTL-750,1,$12.99,,$0.00,$4.99,$17.98,Normal,Google Pay,Online Store,refunded,United States,Florida,Valid,Taylortown
#2275,04-Aug-2026,Tiffany Jones,Email Available,tiffany.jones564@outlook.com,Non-Stick Frying Pan 10in,Home & Kitchen,HK-PAN-10,2,$24.99,FREESHIP,$0.00,$0.00,$49.98,Normal,Apple Pay,Instagram,refunded,Germany,,Not Required,East Patriciahaven
#2276,04-Aug-2026,Tracy Adams,Email Available,tracy.adams712@icloud.com,Portable Power Bank 10000mAh,Electronics,ELC-PWB-10K,1,$21.99,BFCM25,$5.50,$5.99,$22.48,Normal,Apple Pay,Online Store,refunded,United States,California,Valid,North Katherine
#2277,04-Aug-2026,Arthur Kelley,Email Available,arthur.kelley558@gmail.com,Classic Cotton T-Shirt,Apparel,TSH-BLK-L,1,$14.99,VIP15,$2.25,$4.99,$17.73,Normal,Google Pay,Online Store,fulfilled,Australia,,Not Required,Alextown
#2278,04-Aug-2026,Darin Alvarez,Email Available,darin.alvarez843@gmail.com,Adjustable Dumbbell Set,Sports & Outdoors,SP-DMB-ADJ,1,$89.99,,$0.00,$0.00,$89.99,Outlier,Google Pay,POS,fulfilled,Canada,,Not Required,Howardmouth
#2279,04-Aug-2026,Christopher Martin,Email Available,christopher.martin10@gmail.com,Classic Cotton T-Shirt,Apparel,TSH-BLK-L,1,$14.99,,$0.00,$7.99,$22.98,Normal,PayPal,Facebook,fulfilled,United States,North Carolina,Valid,New Angela
#2280,04-Aug-2026,Allen Diaz,Email Available,allen.diaz546@gmail.com,Classic Cotton T-Shirt,Apparel,TSH-BLK-M,1,$14.99,BFCM25,$3.75,$5.99,$17.23,Normal,Apple Pay,Online Store,fulfilled,United States,Georgia,Valid,East Peggyport
#2281,04-Aug-2026,Joshua Owens,Email Available,joshua.owens56@icloud.com,USB-C Fast Charger 20W,Electronics,ELC-CHG-20,1,$15.49,,$0.00,$5.99,$21.48,Normal,Apple Pay,Online Store,fulfilled,United States,Canada,Valid,New Charlesport
#2282,04-Aug-2026,Amanda Rodriguez,Email Available,amanda.rodriguez770@yahoo.com,Throw Blanket - Fleece,Home & Kitchen,HK-BLK-FLC,1,$17.99,WELCOME10,$1.80,$4.99,$21.18,Normal,Credit Card,POS,refunded,United States,Ohio,Valid,East Wesleyberg
#2283,04-Aug-2026,Tracy Adams,Email Available,tracy.adams712@icloud.com,Stainless Steel Water Bottle,Home & Kitchen,HK-BTL-750,4,$12.99,,$0.00,$7.99,$59.95,Normal,PayPal,Online Store,fulfilled,United States,California,Valid,New Ann
#2284,04-Aug-2026,,Email Available,timothy.hodges687@icloud.com,Running Shoes - Women's,Footwear,FTW-RUN-W,1,$54.99,BFCM25,$13.75,$5.99,$47.23,Normal,PayPal,Online Store,refunded,Australia,,Not Required,Simonton
#2285,04-Aug-2026,Amanda Robinson,Email Available,amanda.robinson263@icloud.com,Wireless Mouse,Electronics,ELC-MSE-WL,1,$11.99,SAVE20,$2.40,$7.99,$17.58,Normal,Apple Pay,Online Store,fulfilled,United States,New York,Valid,Hodgechester
#2286,04-Aug-2026,Joshua Chavez,Missing Email,,Running Shoes - Men's,Footwear,FTW-RUN-M,1,$54.99,SAVE20,$11.00,$4.99,$48.98,Normal,Credit Card,POS,fulfilled,United States,Texas,Valid,Kathrynshire
#2287,04-Aug-2026,David Hernandez,Email Available,david.hernandez260@yahoo.com,Portable Power Bank 10000mAh,Electronics,ELC-PWB-10K,1,$21.99,,$0.00,$5.99,$27.98,Normal,Apple Pay,Online Store,refunded,Australia,,Not Required,Barbaraland
#2288,04-Aug-2026,Timothy Becker,Email Available,timothy.becker88@yahoo.com,Backpack - 25L,Accessories,ACC-BPK-25L,2,$32.99,VIP15,$9.90,$7.99,$64.07,Normal,Apple Pay,Online Store,cancelled,United States,Ohio,Valid,Stevensberg
#2289,04-Aug-2026,Alan Davis,Email Available,alan.davis483@icloud.com,Phone Case - Clear,Electronics,ELC-CSE-CLR,1,$8.99,,$0.00,$7.99,$16.98,Normal,Google Pay,Instagram,cancelled,Canada,,Not Required,West Donald
#2290,04-Aug-2026,Kayla Cruz,Email Available,kayla.cruz151@outlook.com,Adjustable Dumbbell Set,Sports & Outdoors,SP-DMB-ADJ,2,$89.99,,$0.00,$0.00,$179.98,Outlier,Credit Card,Online Store,fulfilled,Pakistan,,Not Required,Mariatown
#2291,04-Aug-2026,Andrea Martinez,Email Available,andrea.martinez756@yahoo.com,Polarized Sunglasses,Accessories,ACC-SUN-01,1,$16.99,BFCM25,$4.25,$5.99,$18.73,Normal,Shopify Payments,POS,pending,Australia,,Not Required,Christopherland
#2292,04-Aug-2026,DANIELLE THORNTON,Email Available,danielle.thornton674@icloud.com,Wireless Bluetooth Earbuds,Electronics,ELC-WBE-01,2,$29.99,,$0.00,$5.99,$65.97,Normal,Apple Pay,Online Store,cancelled,United States,New York,Valid,Christophershire
#2293,04-Aug-2026,Paul Dillon,Email Available,paul.dillon750@icloud.com,Ceramic Coffee Mug Set (4pc),Home & Kitchen,HK-MUG-4PK,3,$18.99,BFCM25,$14.24,$4.99,$47.72,Normal,PayPal,Online Store,fulfilled,Australia,,Not Required,New Danielle
#2294,04-Aug-2026,John Jacobs,Email Available,john.jacobs137@yahoo.com,Ceramic Coffee Mug Set (4pc),Home & Kitchen,HK-MUG-4PK,2,$18.99,,$0.00,$5.99,$43.97,Normal,Google Pay,Online Store,fulfilled,Australia,,Not Required,Port Brentton
#2295,04-Aug-2026,MICHELE DAVIS,Email Available,michele.davis844@gmail.com,Classic Cotton T-Shirt,Apparel,TSH-BLK-L,2,$14.99,,$0.00,$7.99,$37.97,Normal,Google Pay,Online Store,fulfilled,Australia,,Not Required,North April
#2296,04-Aug-2026,Taylor Lee,Email Available,taylor.lee613@gmail.com,Vitamin C Serum 30ml,Beauty,BTY-SRM-30,1,$24.99,VIP15,$3.75,$4.99,$26.23,Normal,Shopify Payments,Online Store,cancelled,United Kingdom,,Not Required,Ashleyborough
#2297,04-Aug-2026,Debbie Joseph,Email Available,debbie.joseph531@outlook.com,USB-C Fast Charger 20W,Electronics,ELC-CHG-20,1,$15.49,,$0.00,$7.99,$23.48,Normal,Google Pay,Online Store,fulfilled,United States,Canada,Valid,East Sandra
#2298,04-Aug-2026,Kayla Lee,Email Available,kayla.lee278@yahoo.com,Backpack - 25L,Accessories,ACC-BPK-25L,1,$32.99,VIP15,$4.95,$5.99,$34.03,Normal,PayPal,Online Store,refunded,United Kingdom,,Not Required,New Bradley
#2299,04-Aug-2026,Tina Singh,Email Available,tina.singh98@icloud.com,Non-Stick Frying Pan 10in,Home & Kitchen,HK-PAN-10,1,$24.99,,$0.00,$7.99,$32.98,Normal,PayPal,Online Store,fulfilled,United States,Georgia,Valid,Port Alejandrohaven
#2300,04-Aug-2026,Christopher Martin,Email Available,christopher.martin10@gmail.com,Throw Blanket - Fleece,Home & Kitchen,HK-BLK-FLC,2,$17.99,,$0.00,$5.99,$41.97,Normal,PayPal,Online Store,refunded,United States,Ohio,Valid,Bestview
#2301,04-Aug-2026,Megan Dickson,Email Available,megan.dickson508@gmail.com,Running Shoes - Women's,Footwear,FTW-RUN-W,2,$54.99,,$0.00,$0.00,$109.98,Outlier,Credit Card,Online Store,refunded,United Kingdom,,Not Required,Stanleyside
#2302,04-Aug-2026,Peter Alvarez,Email Available,peter.alvarez465@yahoo.com,Ceramic Coffee Mug Set (4pc),Home & Kitchen,HK-MUG-4PK,1,$18.99,BFCM25,$4.75,$5.99,$20.23,Normal,PayPal,Online Store,refunded,United States,North Carolina,Valid,North Angela
#2303,04-Aug-2026,Sharon Brown,Email Available,sharon.brown14@gmail.com,Portable Power Bank 10000mAh,Electronics,ELC-PWB-10K,1,$21.99,,$0.00,$7.99,$29.98,Normal,Shopify Payments,POS,refunded,United States,Texas,Valid,Port Traceyton
#2304,04-Aug-2026,Victoria Wilson,Email Available,victoria.wilson114@gmail.com,Vitamin C Serum 30ml,Beauty,BTY-SRM-30,1,$24.99,FREESHIP,$0.00,$0.00,$24.99,Normal,Shopify Payments,POS,fulfilled,Canada,,Not Required,Michealtown
#2305,04-Aug-2026,James Miller,Email Available,james.miller866@yahoo.com,USB-C Fast Charger 20W,Electronics,ELC-CHG-20,1,$15.49,,$0.00,$7.99,$23.48,Normal,Google Pay,Online Store,fulfilled,Pakistan,,Not Required,Johnsonmouth
#2306,04-Aug-2026,Kimberly Estrada,Email Available,kimberly.estrada858@gmail.com,Non-Stick Frying Pan 10in,Home & Kitchen,HK-PAN-10,2,$24.99,VIP15,$7.50,$4.99,$47.47,Normal,Google Pay,POS,pending,Canada,,Not Required,Grimesport
#2307,04-Aug-2026,Natalie Dixon,Email Available,natalie.dixon388@outlook.com,Resistance Bands Set,Sports & Outdoors,SP-RBS-SET,1,$13.99,,$0.00,$5.99,$19.98,Normal,Google Pay,Online Store,fulfilled,United States,Washington,Valid,Jennifershire
#2308,04-Aug-2026,Michael Hays,Email Available,michael.hays590@gmail.com,Classic Cotton T-Shirt,Apparel,TSH-BLK-M,1,$14.99,VIP15,$2.25,$7.99,$20.73,Normal,PayPal,Online Store,fulfilled,United States,Georgia,Valid,Joseborough
#2309,04-Aug-2026,Mary Garcia,Email Available,mary.garcia899@icloud.com,Hooded Sweatshirt,Apparel,APR-HOD-GRY,2,$34.99,,$0.00,$4.99,$74.97,Normal,PayPal,Instagram,refunded,Canada,,Not Required,Andresmouth
#2310,04-Aug-2026,Thomas Rojas,Email Available,thomas.rojas667@icloud.com,Wireless Bluetooth Earbuds,Electronics,ELC-WBE-01,1,$29.99,SAVE20,$6.00,$5.99,$29.98,Normal,Credit Card,Instagram,cancelled,United States,Arizona,Valid,Harrischester
#2311,04-Aug-2026,Amanda Robinson,Email Available,amanda.robinson263@icloud.com,Running Shoes - Women's,Footwear,FTW-RUN-W,1,$54.99,FREESHIP,$0.00,$0.00,$54.99,Normal,Apple Pay,Instagram,fulfilled,United States,Arizona,Valid,Jenniferfurt
#2312,04-Aug-2026,Matthew Riley,Email Available,matthew.riley309@yahoo.com,Resistance Bands Set,Sports & Outdoors,SP-RBS-SET,1,$13.99,FREESHIP,$0.00,$0.00,$13.99,Normal,Google Pay,POS,fulfilled,Canada,,Not Required,Velezshire
#2313,04-Aug-2026,Christopher Osborne,Email Available,christopher.osborne481@yahoo.com,Adjustable Dumbbell Set,Sports & Outdoors,SP-DMB-ADJ,2,$89.99,SAVE20,$36.00,$0.00,$143.98,Outlier,Shopify Payments,Online Store,fulfilled,United States,California,Valid,South Anthony
#2314,04-Aug-2026,darin alvarez,Email Available,darin.alvarez843@gmail.com,Polarized Sunglasses,Accessories,ACC-SUN-01,1,$16.99,VIP15,$2.55,$5.99,$20.43,Normal,Apple Pay,Instagram,fulfilled,Canada,,Not Required,Port Russellstad
#2315,04-Aug-2026,Anthony Patterson,Email Available,anthony.patterson944@gmail.com,Facial Cleanser 200ml,Beauty,BTY-CLN-200,3,$13.49,,$0.00,$4.99,$45.46,Normal,Apple Pay,Online Store,cancelled,Pakistan,,Not Required,West Debra
#2316,04-Aug-2026,Paul Dillon,Email Available,paul.dillon750@icloud.com,Kids Building Blocks Set,Toys,TOY-BLK-SET,1,$27.99,,$0.00,$4.99,$32.98,Normal,Google Pay,Instagram,pending,Australia,,Not Required,West Jesseside
#2317,04-Aug-2026,Anthony Vaughn,Email Available,anthony.vaughn72@gmail.com,Adjustable Dumbbell Set,Sports & Outdoors,SP-DMB-ADJ,1,$89.99,,$0.00,$0.00,$89.99,Outlier,Google Pay,Facebook,fulfilled,Germany,,Not Required,Katherineborough
#2318,04-Aug-2026,Stephanie Miller,Email Available,stephanie.miller962@yahoo.com,Polarized Sunglasses,Accessories,ACC-SUN-01,2,$16.99,SAVE20,$6.80,$5.99,$33.17,Normal,Google Pay,POS,fulfilled,United Kingdom,,Not Required,South Michealfort
#2319,04-Aug-2026,Andrea Martinez,Email Available,andrea.martinez756@yahoo.com,Yoga Mat - Extra Thick,Sports & Outdoors,SP-YGM-EX,1,$22.99,,$0.00,$4.99,$27.98,Normal,PayPal,POS,pending,Australia,,Not Required,Andreastad
#2320,04-Aug-2026,Brittney Conway,Email Available,brittney.conway383@outlook.com,Backpack - 25L,Accessories,ACC-BPK-25L,1,$32.99,,$0.00,$4.99,$37.98,Normal,Credit Card,Instagram,fulfilled,United States,Arizona,Valid,Yangburgh
#2321,04-Aug-2026,William Houston,Email Available,william.houston340@outlook.com,Throw Blanket - Fleece,Home & Kitchen,HK-BLK-FLC,2,$17.99,BFCM25,$8.99,$7.99,$34.98,Normal,Shopify Payments,Online Store,fulfilled,United States,Ohio,Valid,New Keith
#2322,04-Aug-2026,Jamie Brown,Email Available,jamie.brown582@icloud.com,Portable Power Bank 10000mAh,Electronics,ELC-PWB-10K,1,$21.99,VIP15,$3.30,$7.99,$26.68,Normal,Apple Pay,POS,pending,United States,California,Valid,Scottfort
#2323,04-Aug-2026,Devin Jones,Email Available,devin.jones807@yahoo.com,Classic Cotton T-Shirt,Apparel,TSH-BLK-L,2,$14.99,BFCM25,$7.50,$5.99,$28.47,Normal,Shopify Payments,Online Store,pending,Pakistan,,Not Required,Edwardside
#2324,04-Aug-2026,David Duke,Email Available,david.duke814@icloud.com,Classic Cotton T-Shirt,Apparel,TSH-BLK-L,1,$14.99,,$0.00,$5.99,$20.98,Normal,Apple Pay,Online Store,fulfilled,United States,Canada,Valid,Lake Steven
#2325,04-Aug-2026,Anthony Mullen,Email Available,anthony.mullen523@yahoo.com,Throw Blanket - Fleece,Home & Kitchen,HK-BLK-FLC,1,$17.99,,$0.00,$5.99,$23.98,Normal,PayPal,Online Store,fulfilled,United States,Georgia,Valid,West Cole
#2326,04-Aug-2026,Kevin Williams,Email Available,kevin.williams971@yahoo.com,Polarized Sunglasses,Accessories,ACC-SUN-01,4,$16.99,,$0.00,$7.99,$75.95,Normal,Apple Pay,Online Store,fulfilled,Pakistan,,Not Required,New Darius
#2327,04-Aug-2026,Stacey Johnson,Email Available,stacey.johnson95@gmail.com,Slim Fit Denim Jeans,Apparel,JNS-BLU-32,1,$39.99,,$0.00,$5.99,$45.98,Normal,Credit Card,Online Store,pending,Germany,,Not Required,Lake Yolandatown
#2328,04-Aug-2026,Mary Meza,Email Available,mary.meza759@gmail.com,Polarized Sunglasses,Accessories,ACC-SUN-01,2,$16.99,BFCM25,$8.49,$4.99,$30.48,Normal,Credit Card,Online Store,fulfilled,Canada,,Not Required,South Holly
#2329,04-Aug-2026,Amanda Rodriguez,Email Available,amanda.rodriguez770@yahoo.com,Classic Cotton T-Shirt,Apparel,TSH-BLK-L,1,$14.99,,$0.00,$7.99,$22.98,Normal,Apple Pay,Online Store,refunded,United States,California,Valid,North Cynthia
#2330,04-Aug-2026,Mary Garcia,Email Available,mary.garcia899@icloud.com,Non-Stick Frying Pan 10in,Home & Kitchen,HK-PAN-10,1,$24.99,,$0.00,$5.99,$30.98,Normal,Apple Pay,Facebook,fulfilled,Canada,,Not Required,Rossland
#2331,04-Aug-2026,Taylor Davis,Email Available,taylor.davis403@outlook.com,Scented Soy Candle - Vanilla,Home & Kitchen,HK-CND-VAN,2,$9.99,FREESHIP,$0.00,$0.00,$19.98,Normal,PayPal,Online Store,fulfilled,United States,Florida,Valid,East Rhonda
#2332,04-Aug-2026,Robert Clark,Email Available,robert.clark185@icloud.com,Vitamin C Serum 30ml,Beauty,BTY-SRM-30,1,$24.99,WELCOME10,$2.50,$5.99,$28.48,Normal,Credit Card,Online Store,pending,Pakistan,,Not Required,Garciaborough
#2333,04-Aug-2026,Joshua Anderson,Email Available,joshua.anderson662@gmail.com,Hooded Sweatshirt,Apparel,APR-HOD-GRY,1,$34.99,FREESHIP,$0.00,$0.00,$34.99,Normal,Google Pay,Online Store,refunded,Canada,,Not Required,Lake Jasmine
#2334,04-Aug-2026,Melissa James,Email Available,melissa.james674@outlook.com,Throw Blanket - Fleece,Home & Kitchen,HK-BLK-FLC,1,$17.99,,$0.00,$5.99,$23.98,Normal,Shopify Payments,Online Store,cancelled,United States,Illinois,Valid,Lake Claudiastad
#2335,04-Aug-2026,Barbara Brown,Email Available,barbara.brown26@gmail.com,Running Shoes - Women's,Footwear,FTW-RUN-W,1,$54.99,,$0.00,$7.99,$62.98,Normal,PayPal,POS,refunded,United States,California,Valid,Rileyborough
#2336,04-Aug-2026,Morgan Brown,Email Available,morgan.brown933@gmail.com,Yoga Mat - Extra Thick,Sports & Outdoors,SP-YGM-EX,1,$22.99,,$0.00,$4.99,$27.98,Normal,Credit Card,POS,fulfilled,United States,California,Valid,Lake Josephborough
#2337,04-Aug-2026,Jennifer Willis,Email Available,jennifer.willis714@gmail.com,Wireless Bluetooth Earbuds,Electronics,ELC-WBE-01,1,$29.99,,$0.00,$5.99,$35.98,Normal,PayPal,Online Store,fulfilled,United States,Illinois,Valid,North Nicolefurt
#2338,04-Aug-2026,Anthony Patterson,Email Available,anthony.patterson944@gmail.com,Phone Case - Clear,Electronics,ELC-CSE-CLR,1,$8.99,FREESHIP,$0.00,$0.00,$8.99,Normal,Apple Pay,Instagram,fulfilled,Pakistan,,Not Required,East Donaldfort
#2339,04-Aug-2026,Alan Davis,Email Available,alan.davis483@icloud.com,Yoga Mat - Extra Thick,Sports & Outdoors,SP-YGM-EX,2,$22.99,VIP15,$6.90,$4.99,$44.07,Normal,Google Pay,Online Store,fulfilled,Canada,,Not Required,Elizabethville
#2340,04-Aug-2026,Joshua Ayers,Email Available,joshua.ayers935@yahoo.com,Portable Power Bank 10000mAh,Electronics,ELC-PWB-10K,1,$21.99,VIP15,$3.30,$7.99,$26.68,Normal,PayPal,Online Store,refunded,Germany,,Not Required,South Loganbury
#2341,04-Aug-2026,Kayla Cruz,Email Available,kayla.cruz151@outlook.com,Throw Blanket - Fleece,Home & Kitchen,HK-BLK-FLC,1,$17.99,BFCM25,$4.50,$5.99,$19.48,Normal,Apple Pay,Instagram,fulfilled,Pakistan,,Not Required,North Kimberly
#2342,04-Aug-2026,Gregory Vega,Email Available,gregory.vega882@outlook.com,Scented Soy Candle - Vanilla,Home & Kitchen,HK-CND-VAN,4,$9.99,,$0.00,$7.99,$47.95,Normal,Shopify Payments,Instagram,fulfilled,Pakistan,,Not Required,West Paulamouth
#2343,04-Aug-2026,Benjamin Collins,Email Available,benjamin.collins953@icloud.com,Backpack - 25L,Accessories,ACC-BPK-25L,1,$32.99,,$0.00,$4.99,$37.98,Normal,PayPal,Instagram,fulfilled,Pakistan,,Not Required,Rasmussenbury
#2344,04-Aug-2026,Gloria Ballard,Email Available,gloria.ballard194@outlook.com,Vitamin C Serum 30ml,Beauty,BTY-SRM-30,1,$24.99,,$0.00,$5.99,$30.98,Normal,Google Pay,Online Store,fulfilled,Germany,,Not Required,Lake John
#2345,04-Aug-2026,David Duke,Email Available,david.duke814@icloud.com,Resistance Bands Set,Sports & Outdoors,SP-RBS-SET,1,$13.99,WELCOME10,$1.40,$7.99,$20.58,Normal,Credit Card,Online Store,fulfilled,United States,Florida,Valid,South Erik
#2346,04-Aug-2026,"Maldonado, Timothy",Email Available,timothy.maldonado551@gmail.com,Classic Cotton T-Shirt,Apparel,TSH-BLK-M,1,$14.99,WELCOME10,$1.50,$5.99,$19.48,Normal,PayPal,Instagram,fulfilled,United States,Arizona,Valid,West Jamie
#2347,04-Aug-2026,Brian Gardner,Email Available,brian.gardner260@outlook.com,Facial Cleanser 200ml,Beauty,BTY-CLN-200,1,$13.49,,$0.00,$7.99,$21.48,Normal,PayPal,Online Store,fulfilled,United States,North Carolina,Valid,Andersonstad
#2348,04-Aug-2026,Rebecca Watts,Email Available,rebecca.watts779@gmail.com,Adjustable Dumbbell Set,Sports & Outdoors,SP-DMB-ADJ,2,$89.99,,$0.00,$0.00,$179.98,Outlier,Google Pay,Online Store,fulfilled,United States,California,Valid,Susanbury
#2349,04-Aug-2026,Eric Bailey,Email Available,eric.bailey970@yahoo.com,Classic Cotton T-Shirt,Apparel,TSH-BLK-M,1,$14.99,BFCM25,$3.75,$7.99,$19.23,Normal,Shopify Payments,Online Store,fulfilled,United Kingdom,,Not Required,Nealtown
#2350,04-Aug-2026,David Duke,Email Available,david.duke814@icloud.com,Adjustable Dumbbell Set,Sports & Outdoors,SP-DMB-ADJ,1,$89.99,,$0.00,$0.00,$89.99,Outlier,Shopify Payments,Online Store,fulfilled,United States,Florida,Valid,Silvaside
#2351,04-Aug-2026,Anthony Mullen,Email Available,anthony.mullen523@yahoo.com,Scented Soy Candle - Vanilla,Home & Kitchen,HK-CND-VAN,1,$9.99,WELCOME10,$1.00,$5.99,$14.98,Normal,Google Pay,Facebook,pending,United States,Ohio,Valid,Lisaton
#2352,04-Aug-2026,Rebecca Watts,Email Available,rebecca.watts779@gmail.com,Ceramic Coffee Mug Set (4pc),Home & Kitchen,HK-MUG-4PK,1,$18.99,,$0.00,$7.99,$26.98,Normal,Apple Pay,Online Store,fulfilled,United States,North Carolina,Valid,Ianberg
#2353,04-Aug-2026,Jacqueline Wiley,Email Available,jacqueline.wiley718@icloud.com,Running Shoes - Women's,Footwear,FTW-RUN-W,2,$54.99,BFCM25,$27.50,$0.00,$82.48,Outlier,Apple Pay,Online Store,fulfilled,United States,Washington,Valid,East Desiree
#2354,04-Aug-2026,Laura Pruitt,Email Available,laura.pruitt212@yahoo.com,Running Shoes - Women's,Footwear,FTW-RUN-W,1,$54.99,SAVE20,$11.00,$7.99,$51.98,Normal,Apple Pay,Instagram,refunded,United States,Texas,Valid,Racheltown
#2355,04-Aug-2026,Thomas Hall,Email Available,thomas.hall134@gmail.com,Throw Blanket - Fleece,Home & Kitchen,HK-BLK-FLC,1,$17.99,VIP15,$2.70,$4.99,$20.28,Normal,Google Pay,Online Store,cancelled,Canada,,Not Required,Wilsonborough
#2356,04-Aug-2026,Joanne Perez,Email Available,joanne.perez120@gmail.com,Kids Building Blocks Set,Toys,TOY-BLK-SET,1,$27.99,,$0.00,$5.99,$33.98,Normal,Credit Card,Online Store,fulfilled,United States,Ohio,Valid,South Tammieborough
#2357,04-Aug-2026,William Houston,Email Available,william.houston340@outlook.com,Stainless Steel Water Bottle,Home & Kitchen,HK-BTL-750,1,$12.99,FREESHIP,$0.00,$0.00,$12.99,Normal,PayPal,Instagram,fulfilled,United States,Arizona,Valid,Frederickbury
#2358,04-Aug-2026,Robert Ramsey,Email Available,robert.ramsey440@outlook.com,Backpack - 25L,Accessories,ACC-BPK-25L,1,$32.99,SAVE20,$6.60,$5.99,$32.38,Normal,Google Pay,Instagram,fulfilled,Canada,,Not Required,Robinsonton
#2359,04-Aug-2026,Paul Hopkins,Email Available,paul.hopkins457@yahoo.com,Vitamin C Serum 30ml,Beauty,BTY-SRM-30,2,$24.99,SAVE20,$10.00,$4.99,$44.97,Normal,Apple Pay,POS,fulfilled,United States,Washington,Valid,Michaelborough
#2360,04-Aug-2026,Sarah Williams,Email Available,sarah.williams329@icloud.com,Slim Fit Denim Jeans,Apparel,JNS-BLU-32,2,$39.99,,$0.00,$0.00,$79.98,Normal,Shopify Payments,Online Store,fulfilled,Canada,,Not Required,Wesleymouth
#2361,04-Aug-2026,Heather Rivers,Email Available,heather.rivers451@icloud.com,Phone Case - Clear,Electronics,ELC-CSE-CLR,1,$8.99,,$0.00,$4.99,$13.98,Normal,PayPal,Facebook,cancelled,United States,Texas,Valid,New Steven
#2362,04-Aug-2026,Kayla Cruz,Email Available,kayla.cruz151@outlook.com,Portable Power Bank 10000mAh,Electronics,ELC-PWB-10K,1,$21.99,SAVE20,$4.40,$5.99,$23.58,Normal,Credit Card,Online Store,fulfilled,Pakistan,,Not Required,West Beth
#2363,04-Aug-2026,Tyler Williams,Email Available,tyler.williams938@outlook.com,Resistance Bands Set,Sports & Outdoors,SP-RBS-SET,1,$13.99,BFCM25,$3.50,$7.99,$18.48,Normal,PayPal,Online Store,fulfilled,Australia,,Not Required,Rebeccaton
#2364,04-Aug-2026,Lauren Nguyen,Email Available,lauren.nguyen819@outlook.com,Non-Stick Frying Pan 10in,Home & Kitchen,HK-PAN-10,1,$24.99,WELCOME10,$2.50,$4.99,$27.48,Normal,PayPal,Instagram,fulfilled,United Kingdom,,Not Required,New Alyssa
#2365,04-Aug-2026,Darin Alvarez,Email Available,darin.alvarez843@gmail.com,Portable Power Bank 10000mAh,Electronics,ELC-PWB-10K,1,$21.99,FREESHIP,$0.00,$0.00,$21.99,Normal,Apple Pay,POS,cancelled,Canada,,Not Required,Lake Charlesview
#2366,04-Aug-2026,Gerald Li,Email Available,gerald.li856@icloud.com,Backpack - 25L,Accessories,ACC-BPK-25L,1,$32.99,FREESHIP,$0.00,$0.00,$32.99,Normal,Credit Card,Instagram,refunded,United States,Florida,Valid,Lake Amanda
#2367,04-Aug-2026,CATHERINE VANG,Email Available,catherine.vang600@yahoo.com,Stainless Steel Water Bottle,Home & Kitchen,HK-BTL-750,1,$12.99,,$0.00,$4.99,$17.98,Normal,PayPal,Instagram,pending,Australia,,Not Required,Brittneychester
#2368,04-Aug-2026,James Miller,Email Available,james.miller866@yahoo.com,Non-Stick Frying Pan 10in,Home & Kitchen,HK-PAN-10,1,$24.99,SAVE20,$5.00,$7.99,$27.98,Normal,Google Pay,Online Store,refunded,Pakistan,,Not Required,South Marciafurt
#2369,04-Aug-2026,David Duke,Email Available,david.duke814@icloud.com,Running Shoes - Women's,Footwear,FTW-RUN-W,2,$54.99,,$0.00,$0.00,$109.98,Outlier,Credit Card,Online Store,fulfilled,United States,Washington,Valid,Jacksonside
#2370,04-Aug-2026,David Mcknight,Email Available,david.mcknight827@gmail.com,Adjustable Dumbbell Set,Sports & Outdoors,SP-DMB-ADJ,2,$89.99,,$0.00,$0.00,$179.98,Outlier,Credit Card,Facebook,fulfilled,United States,North Carolina,Valid,East Jamesshire
#2371,04-Aug-2026,Lucas Lyons,Email Available,lucas.lyons594@icloud.com,Facial Cleanser 200ml,Beauty,BTY-CLN-200,3,$13.49,,$0.00,$7.99,$48.46,Normal,Google Pay,Online Store,refunded,Pakistan,,Not Required,North Nicholasport
#2372,04-Aug-2026,Lisa Cook,Email Available,lisa.cook622@gmail.com,Phone Case - Clear,Electronics,ELC-CSE-CLR,1,$8.99,VIP15,$1.35,$7.99,$15.63,Normal,Shopify Payments,POS,fulfilled,Germany,,Not Required,East Jennifer
#2373,04-Aug-2026,Jennifer Burke,Email Available,jennifer.burke472@icloud.com,Ceramic Coffee Mug Set (4pc),Home & Kitchen,HK-MUG-4PK,2,$18.99,,$0.00,$5.99,$43.97,Normal,PayPal,POS,fulfilled,Pakistan,,Not Required,Davidfurt
#2374,04-Aug-2026,Vincent Rosales,Email Available,vincent.rosales30@icloud.com,USB-C Fast Charger 20W,Electronics,ELC-CHG-20,2,$15.49,VIP15,$4.65,$7.99,$34.32,Normal,Shopify Payments,Online Store,fulfilled,United States,Illinois,Valid,New Jacqueline
#2375,04-Aug-2026,Julie Hoffman,Email Available,julie.hoffman913@gmail.com,Classic Cotton T-Shirt,Apparel,TSH-BLK-L,1,$14.99,,$0.00,$7.99,$22.98,Normal,PayPal,Online Store,cancelled,United States,California,Valid,Thomastown
#2376,04-Aug-2026,Teresa Campbell,Email Available,teresa.campbell610@icloud.com,Wireless Bluetooth Earbuds,Electronics,ELC-WBE-01,1,$29.99,,$0.00,$4.99,$34.98,Normal,Credit Card,Instagram,pending,United Kingdom,,Not Required,Burkemouth
#2377,04-Aug-2026,Brenda Perez,Email Available,brenda.perez884@outlook.com,Facial Cleanser 200ml,Beauty,BTY-CLN-200,1,$13.49,BFCM25,$3.37,$5.99,$16.11,Normal,Apple Pay,Online Store,cancelled,United States,New York,Valid,Singhtown
#2378,04-Aug-2026,Sheryl Nguyen,Email Available,sheryl.nguyen272@outlook.com,Resistance Bands Set,Sports & Outdoors,SP-RBS-SET,1,$13.99,BFCM25,$3.50,$4.99,$15.48,Normal,PayPal,POS,fulfilled,United States,California,Valid,Turnerchester
#2379,04-Aug-2026,Danielle Thornton,Email Available,danielle.thornton674@icloud.com,Scented Soy Candle - Vanilla,Home & Kitchen,HK-CND-VAN,1,$9.99,SAVE20,$2.00,$7.99,$15.98,Normal,Credit Card,Instagram,cancelled,United States,Ohio,Valid,West Tamara
#2380,04-Aug-2026,Dustin Mccoy,Missing Email,,Ceramic Coffee Mug Set (4pc),Home & Kitchen,HK-MUG-4PK,1,$18.99,,$0.00,$7.99,$26.98,Normal,Shopify Payments,Online Store,refunded,Canada,,Not Required,Tinachester
#2381,04-Aug-2026,Vincent Rosales,Email Available,vincent.rosales30@icloud.com,Classic Cotton T-Shirt,Apparel,TSH-BLK-M,1,$14.99,BFCM25,$3.75,$5.99,$17.23,Normal,Credit Card,POS,fulfilled,United States,Ohio,Valid,Kingmouth
#2382,04-Aug-2026,Patricia Thompson,Email Available,patricia.thompson164@icloud.com,Kids Building Blocks Set,Toys,TOY-BLK-SET,1,$27.99,,$0.00,$5.99,$33.98,Normal,PayPal,Online Store,pending,United States,Ohio,Valid,Port Bradhaven
#2383,04-Aug-2026,Elizabeth Carter,Email Available,elizabeth.carter304@icloud.com,Kids Building Blocks Set,Toys,TOY-BLK-SET,1,$27.99,WELCOME10,$2.80,$7.99,$33.18,Normal,Shopify Payments,Facebook,fulfilled,Canada,,Not Required,Johntown
#2384,04-Aug-2026,Devin Jones,Email Available,devin.jones807@yahoo.com,Scented Soy Candle - Vanilla,Home & Kitchen,HK-CND-VAN,1,$9.99,WELCOME10,$1.00,$4.99,$13.98,Normal,Apple Pay,Online Store,fulfilled,Pakistan,,Not Required,New Patrick
#2385,04-Aug-2026,Sandra Potter,Email Available,sandra.potter166@yahoo.com,Phone Case - Clear,Electronics,ELC-CSE-CLR,1,$8.99,,$0.00,$5.99,$14.98,Normal,Apple Pay,Online Store,fulfilled,United States,Illinois,Valid,Lake Nancyside
#2386,04-Aug-2026,Donald Davis,Email Available,donald.davis404@icloud.com,Leather Wallet - Brown,Accessories,ACC-WLT-BRN,1,$19.99,BFCM25,$5.00,$5.99,$20.98,Normal,Shopify Payments,POS,refunded,Canada,,Not Required,West Katherine
#2387,04-Aug-2026,Kimberly Williams,Missing Email,,Throw Blanket - Fleece,Home & Kitchen,HK-BLK-FLC,1,$17.99,VIP15,$2.70,$5.99,$21.28,Normal,Google Pay,Online Store,fulfilled,United Kingdom,,Not Required,Guzmanfort
#2388,04-Aug-2026,Sandra Potter,Email Available,sandra.potter166@yahoo.com,Portable Power Bank 10000mAh,Electronics,ELC-PWB-10K,1,$21.99,VIP15,$3.30,$7.99,$26.68,Normal,PayPal,Online Store,fulfilled,United States,Georgia,Valid,New Crystalside
#2389,04-Aug-2026,Darin Alvarez,Email Available,darin.alvarez843@gmail.com,Backpack - 25L,Accessories,ACC-BPK-25L,4,$32.99,WELCOME10,$13.20,$0.00,$118.76,Outlier,Shopify Payments,POS,cancelled,Canada,,Not Required,Danielborough
#2390,04-Aug-2026,Sharon Brown,Email Available,sharon.brown14@gmail.com,Classic Cotton T-Shirt,Apparel,TSH-BLK-M,1,$14.99,FREESHIP,$0.00,$0.00,$14.99,Normal,Google Pay,Facebook,fulfilled,United States,Florida,Valid,Richardton
#2391,04-Aug-2026,Anthony Krueger,Email Available,anthony.krueger812@yahoo.com,Facial Cleanser 200ml,Beauty,BTY-CLN-200,1,$13.49,,$0.00,$4.99,$18.48,Normal,Google Pay,Online Store,cancelled,Pakistan,,Not Required,West Shelbytown
#2392,04-Aug-2026,Frederick Bean,Email Available,frederick.bean141@outlook.com,Slim Fit Denim Jeans,Apparel,JNS-BLU-32,1,$39.99,BFCM25,$10.00,$5.99,$35.98,Normal,Shopify Payments,Facebook,refunded,United States,North Carolina,Valid,Gabrielbury
#2393,04-Aug-2026,BRYAN BARNES,Email Available,bryan.barnes666@yahoo.com,Leather Wallet - Brown,Accessories,ACC-WLT-BRN,1,$19.99,SAVE20,$4.00,$7.99,$23.98,Normal,Google Pay,Online Store,pending,United States,Illinois,Valid,South Angel
#2394,04-Aug-2026,James Castro,Email Available,james.castro923@icloud.com,Kids Building Blocks Set,Toys,TOY-BLK-SET,2,$27.99,VIP15,$8.40,$4.99,$52.57,Normal,Apple Pay,Instagram,fulfilled,Pakistan,,Not Required,North Isabellamouth
#2395,04-Aug-2026,Michael Jacobson,Email Available,michael.jacobson69@outlook.com,Phone Case - Clear,Electronics,ELC-CSE-CLR,1,$8.99,,$0.00,$7.99,$16.98,Normal,PayPal,Online Store,fulfilled,Germany,,Not Required,Christinachester
#2396,04-Aug-2026,Morgan Brown,Email Available,morgan.brown933@gmail.com,Stainless Steel Water Bottle,Home & Kitchen,HK-BTL-750,3,$12.99,,$0.00,$4.99,$43.96,Normal,PayPal,Online Store,fulfilled,United States,North Carolina,Valid,Lake Meganland
#2397,04-Aug-2026,Christopher Osborne,Email Available,christopher.osborne481@yahoo.com,USB-C Fast Charger 20W,Electronics,ELC-CHG-20,1,$15.49,,$0.00,$5.99,$21.48,Normal,PayPal,POS,pending,United States,Ohio,Valid,Alexandraport
#2398,04-Aug-2026,Eric Golden,Email Available,eric.golden379@outlook.com,Throw Blanket - Fleece,Home & Kitchen,HK-BLK-FLC,1,$17.99,FREESHIP,$0.00,$0.00,$17.99,Normal,Google Pay,POS,pending,United States,Ohio,Valid,Lake Devinstad
#2399,04-Aug-2026,Julie Terrell,Email Available,julie.terrell409@icloud.com,Polarized Sunglasses,Accessories,ACC-SUN-01,3,$16.99,VIP15,$7.65,$5.99,$49.31,Normal,Google Pay,Online Store,fulfilled,Australia,,Not Required,Port Marvinport
#2400,04-Aug-2026,Kiara Burke,Email Available,kiara.burke246@yahoo.com,Throw Blanket - Fleece,Home & Kitchen,HK-BLK-FLC,2,$17.99,,$0.00,$4.99,$40.97,Normal,Apple Pay,POS,cancelled,Germany,,Not Required,Port Amy
#2401,04-Aug-2026,Patrick Evans,Email Available,patrick.evans152@icloud.com,Classic Cotton T-Shirt,Apparel,TSH-BLK-M,1,$14.99,BFCM25,$3.75,$4.99,$16.23,Normal,Google Pay,Online Store,cancelled,United States,Ohio,Valid,Lake Pamelaport
#2402,04-Aug-2026,Dustin Mccoy,Email Available,dustin.mccoy570@gmail.com,Running Shoes - Men's,Footwear,FTW-RUN-M,1,$54.99,,$0.00,$5.99,$60.98,Normal,PayPal,Online Store,fulfilled,Canada,,Not Required,Lake Mariatown
#2403,04-Aug-2026,James Castro,Email Available,james.castro923@icloud.com,Portable Power Bank 10000mAh,Electronics,ELC-PWB-10K,1,$21.99,BFCM25,$5.50,$7.99,$24.48,Normal,Google Pay,Online Store,fulfilled,Pakistan,,Not Required,Hansenmouth
#2404,04-Aug-2026,Tracy Barr,Email Available,tracy.barr550@icloud.com,Hooded Sweatshirt,Apparel,APR-HOD-GRY,1,$34.99,SAVE20,$7.00,$4.99,$32.98,Normal,Shopify Payments,Online Store,pending,United States,North Carolina,Valid,Roberthaven
#2405,04-Aug-2026,Karen Bautista,Email Available,karen.bautista779@icloud.com,Classic Cotton T-Shirt,Apparel,TSH-BLK-L,1,$14.99,,$0.00,$7.99,$22.98,Normal,Credit Card,Online Store,cancelled,United States,Arizona,Valid,East Robert
#2406,04-Aug-2026,Kayla Cruz,Email Available,kayla.cruz151@outlook.com,Ceramic Coffee Mug Set (4pc),Home & Kitchen,HK-MUG-4PK,1,$18.99,WELCOME10,$1.90,$4.99,$22.08,Normal,Apple Pay,Online Store,fulfilled,Pakistan,,Not Required,Lake Alexanderfort
#2407,04-Aug-2026,Timothy Hodges,Email Available,timothy.hodges687@icloud.com,Vitamin C Serum 30ml,Beauty,BTY-SRM-30,1,$24.99,SAVE20,$5.00,$7.99,$27.98,Normal,Google Pay,Online Store,refunded,Australia,,Not Required,West Richardland
#2408,04-Aug-2026,Joshua Thompson,Email Available,joshua.thompson522@outlook.com,Vitamin C Serum 30ml,Beauty,BTY-SRM-30,2,$24.99,,$0.00,$7.99,$57.97,Normal,Credit Card,Online Store,fulfilled,Pakistan,,Not Required,Grantshire
#2409,04-Aug-2026,  Charles Franco,Email Available,charles.franco761@outlook.com,Wireless Mouse,Electronics,ELC-MSE-WL,1,$11.99,VIP15,$1.80,$5.99,$16.18,Normal,PayPal,Instagram,fulfilled,United States,New York,Valid,East James
#2410,04-Aug-2026,Christopher Martin,Email Available,christopher.martin10@gmail.com,Slim Fit Denim Jeans,Apparel,JNS-BLU-32,2,$39.99,,$0.00,$0.00,$79.98,Normal,Shopify Payments,Instagram,refunded,United States,North Carolina,Valid,Port Jose
#2411,04-Aug-2026,  Cheryl Coleman,Email Available,cheryl.coleman261@icloud.com,Non-Stick Frying Pan 10in,Home & Kitchen,HK-PAN-10,2,$24.99,WELCOME10,$5.00,$7.99,$52.97,Normal,Credit Card,POS,fulfilled,Pakistan,,Not Required,West Jasonborough
#2412,04-Aug-2026,Kristopher Barnett,Email Available,kristopher.barnett178@outlook.com,Ceramic Coffee Mug Set (4pc),Home & Kitchen,HK-MUG-4PK,1,$18.99,,$0.00,$4.99,$23.98,Normal,Shopify Payments,Facebook,fulfilled,Australia,,Not Required,Veronicashire
#2413,04-Aug-2026,Karen Lewis,Email Available,karen.lewis137@icloud.com,Portable Power Bank 10000mAh,Electronics,ELC-PWB-10K,1,$21.99,,$0.00,$4.99,$26.98,Normal,Shopify Payments,Online Store,cancelled,Australia,,Not Required,Greerhaven
#2414,04-Aug-2026,Richard Zavala,Email Available,richard.zavala602@gmail.com,Classic Cotton T-Shirt,Apparel,TSH-BLK-M,1,$14.99,VIP15,$2.25,$5.99,$18.73,Normal,Credit Card,Facebook,pending,Canada,,Not Required,Janetton
#2415,04-Aug-2026,Vincent Rosales,Email Available,vincent.rosales30@icloud.com,Scented Soy Candle - Vanilla,Home & Kitchen,HK-CND-VAN,2,$9.99,FREESHIP,$0.00,$0.00,$19.98,Normal,PayPal,Online Store,pending,United States,Texas,Valid,Stephaniebury
#2416,04-Aug-2026,Aimee Smith,Email Available,aimee.smith857@icloud.com,Leather Wallet - Brown,Accessories,ACC-WLT-BRN,2,$19.99,,$0.00,$7.99,$47.97,Normal,Credit Card,Online Store,refunded,United Kingdom,,Not Required,East Robertburgh
#2417,04-Aug-2026,Timothy Becker,Email Available,timothy.becker88@yahoo.com,Wireless Mouse,Electronics,ELC-MSE-WL,3,$11.99,,$0.00,$5.99,$41.96,Normal,Credit Card,Facebook,fulfilled,United States,Texas,Valid,Jeremyfort
#2418,04-Aug-2026,Tracy Adams,Email Available,tracy.adams712@icloud.com,Running Shoes - Women's,Footwear,FTW-RUN-W,1,$54.99,,$0.00,$7.99,$62.98,Normal,Apple Pay,Online Store,cancelled,United States,Washington,Valid,Jenningsborough
#2419,04-Aug-2026,Gregory Vega,Email Available,gregory.vega882@outlook.com,Hooded Sweatshirt,Apparel,APR-HOD-GRY,1,$34.99,,$0.00,$7.99,$42.98,Normal,Google Pay,Online Store,pending,Pakistan,,Not Required,Hardymouth
#2420,04-Aug-2026,Samuel Padilla,Email Available,samuel.padilla79@gmail.com,Portable Power Bank 10000mAh,Electronics,ELC-PWB-10K,2,$21.99,SAVE20,$8.80,$4.99,$40.17,Normal,Google Pay,Online Store,fulfilled,United States,Washington,Valid,Myerschester
#2421,04-Aug-2026,Anthony Mullen,Email Available,anthony.mullen523@yahoo.com,USB-C Fast Charger 20W,Electronics,ELC-CHG-20,2,$15.49,BFCM25,$7.75,$4.99,$28.22,Normal,Apple Pay,Online Store,cancelled,United States,Illinois,Valid,Bradleyview
#2422,04-Aug-2026,Jon Lambert,Email Available,jon.lambert231@icloud.com,Hooded Sweatshirt,Apparel,APR-HOD-GRY,1,$34.99,VIP15,$5.25,$5.99,$35.73,Normal,Credit Card,POS,refunded,United States,Illinois,Valid,Michaelberg
#2423,04-Aug-2026,Megan Dickson,Email Available,megan.dickson508@gmail.com,Running Shoes - Women's,Footwear,FTW-RUN-W,1,$54.99,,$0.00,$4.99,$59.98,Normal,Google Pay,Online Store,fulfilled,United Kingdom,,Not Required,Washingtonburgh
#2424,04-Aug-2026,Thomas Rojas,Email Available,thomas.rojas667@icloud.com,Phone Case - Clear,Electronics,ELC-CSE-CLR,3,$8.99,FREESHIP,$0.00,$0.00,$26.97,Normal,Apple Pay,Facebook,fulfilled,United States,North Carolina,Valid,Matthewland
#2425,04-Aug-2026,Joshua Miller,Email Available,joshua.miller362@gmail.com,Yoga Mat - Extra Thick,Sports & Outdoors,SP-YGM-EX,1,$22.99,,$0.00,$5.99,$28.98,Normal,PayPal,Online Store,pending,Canada,,Not Required,Floresfort
#2426,04-Aug-2026,Christopher Harrington,Email Available,christopher.harrington960@gmail.com,Resistance Bands Set,Sports & Outdoors,SP-RBS-SET,2,$13.99,BFCM25,$7.00,$7.99,$28.97,Normal,PayPal,Facebook,fulfilled,Australia,,Not Required,Brownmouth
#2427,04-Aug-2026,Mary Garcia,Email Available,mary.garcia899@icloud.com,Non-Stick Frying Pan 10in,Home & Kitchen,HK-PAN-10,1,$24.99,BFCM25,$6.25,$5.99,$24.73,Normal,Credit Card,Instagram,pending,Canada,,Not Required,South Garyside
#2428,04-Aug-2026,Megan Dickson,Email Available,megan.dickson508@gmail.com,Polarized Sunglasses,Accessories,ACC-SUN-01,1,$16.99,WELCOME10,$1.70,$4.99,$20.28,Normal,Apple Pay,Facebook,fulfilled,United Kingdom,,Not Required,Jessicafort
#2429,04-Aug-2026,Sandra Potter,Email Available,sandra.potter166@yahoo.com,Throw Blanket - Fleece,Home & Kitchen,HK-BLK-FLC,1,$17.99,VIP15,$2.70,$5.99,$21.28,Normal,Credit Card,POS,cancelled,United States,Georgia,Valid,Elizabethborough
#2430,04-Aug-2026,Sandra Potter,Email Available,sandra.potter166@yahoo.com,Slim Fit Denim Jeans,Apparel,JNS-BLU-32,2,$39.99,,$0.00,$0.00,$79.98,Normal,PayPal,Instagram,fulfilled,United States,Illinois,Valid,South Andreastad
#2431,04-Aug-2026,Brittney Thomas,Email Available,brittney.thomas484@gmail.com,Ceramic Coffee Mug Set (4pc),Home & Kitchen,HK-MUG-4PK,1,$18.99,BFCM25,$4.75,$5.99,$20.23,Normal,PayPal,Facebook,fulfilled,United States,Arizona,Valid,West Jennifer
#2432,04-Aug-2026,Robert Boyd,Missing Email,,Polarized Sunglasses,Accessories,ACC-SUN-01,1,$16.99,VIP15,$2.55,$7.99,$22.43,Normal,PayPal,Online Store,pending,Canada,,Not Required,Port Michaelton
#2433,04-Aug-2026,Amanda Robinson,Email Available,amanda.robinson263@icloud.com,Yoga Mat - Extra Thick,Sports & Outdoors,SP-YGM-EX,4,$22.99,,$0.00,$0.00,$91.96,Outlier,Google Pay,Instagram,fulfilled,United States,New York,Valid,Luisville
#2434,04-Aug-2026,Megan Dickson,Email Available,megan.dickson508@gmail.com,Adjustable Dumbbell Set,Sports & Outdoors,SP-DMB-ADJ,1,$89.99,BFCM25,$22.50,$0.00,$67.49,Normal,Apple Pay,Instagram,fulfilled,United Kingdom,,Not Required,New Rogerside
#2435,04-Aug-2026,Andrea Martinez,Email Available,andrea.martinez756@yahoo.com,Slim Fit Denim Jeans,Apparel,JNS-BLU-32,2,$39.99,,$0.00,$0.00,$79.98,Normal,PayPal,Facebook,pending,Australia,,Not Required,Shannonport
#2436,04-Aug-2026,David Fleming,Email Available,david.fleming778@gmail.com,USB-C Fast Charger 20W,Electronics,ELC-CHG-20,1,$15.49,,$0.00,$4.99,$20.48,Normal,PayPal,Instagram,fulfilled,Australia,,Not Required,Port Dustin
#2437,04-Aug-2026,Amanda Harris,Email Available,amanda.harris197@gmail.com,Slim Fit Denim Jeans,Apparel,JNS-BLU-32,4,$39.99,,$0.00,$0.00,$159.96,Outlier,Credit Card,Online Store,fulfilled,United States,California,Valid,Lake Ianmouth
#2438,04-Aug-2026,,Email Available,jesus.mason798@icloud.com,Wireless Mouse,Electronics,ELC-MSE-WL,1,$11.99,,$0.00,$7.99,$19.98,Normal,Shopify Payments,Instagram,pending,United States,Georgia,Valid,North Ashley
#2439,04-Aug-2026,Russell Walton,Missing Email,,Wireless Mouse,Electronics,ELC-MSE-WL,2,$11.99,,$0.00,$5.99,$29.97,Normal,Shopify Payments,Instagram,fulfilled,United States,North Carolina,Valid,Lake Lisa
#2440,04-Aug-2026,Randall Rhodes,Email Available,randall.rhodes730@outlook.com,Adjustable Dumbbell Set,Sports & Outdoors,SP-DMB-ADJ,1,$89.99,WELCOME10,$9.00,$0.00,$80.99,Normal,PayPal,POS,fulfilled,United Kingdom,,Not Required,Michaelhaven
#2441,04-Aug-2026,Michael Wilson,Email Available,michael.wilson464@icloud.com,Classic Cotton T-Shirt,Apparel,TSH-BLK-M,1,$14.99,,$0.00,$4.99,$19.98,Normal,Google Pay,Online Store,refunded,Australia,,Not Required,Delgadobury
#2442,04-Aug-2026,David Duke,Email Available,david.duke814@icloud.com,Non-Stick Frying Pan 10in,Home & Kitchen,HK-PAN-10,2,$24.99,FREESHIP,$0.00,$0.00,$49.98,Normal,Google Pay,Instagram,fulfilled,United States,Texas,Valid,Martinezshire
#2443,04-Aug-2026,Stacey Johnson,Email Available,stacey.johnson95@gmail.com,Hooded Sweatshirt,Apparel,APR-HOD-GRY,1,$34.99,,$0.00,$5.99,$40.98,Normal,Apple Pay,Online Store,fulfilled,Germany,,Not Required,South Patriciastad
#2444,04-Aug-2026,Mark Woods,Email Available,mark.woods108@yahoo.com,Throw Blanket - Fleece,Home & Kitchen,HK-BLK-FLC,1,$17.99,,$0.00,$5.99,$23.98,Normal,Shopify Payments,Online Store,fulfilled,United States,Illinois,Valid,South Justinland
#2445,04-Aug-2026,Heather Davis,Email Available,heather.davis117@icloud.com,Kids Building Blocks Set,Toys,TOY-BLK-SET,2,$27.99,,$0.00,$4.99,$60.97,Normal,Shopify Payments,Online Store,fulfilled,Germany,,Not Required,Thomasbury
#2446,04-Aug-2026,Michael Hays,Missing Email,,Adjustable Dumbbell Set,Sports & Outdoors,SP-DMB-ADJ,1,$89.99,VIP15,$13.50,$0.00,$76.49,Normal,Apple Pay,Instagram,pending,United States,Texas,Valid,East Edwardburgh
#2447,04-Aug-2026,Devin Jones,Email Available,devin.jones807@yahoo.com,Wireless Bluetooth Earbuds,Electronics,ELC-WBE-01,1,$29.99,SAVE20,$6.00,$5.99,$29.98,Normal,Apple Pay,Facebook,fulfilled,Pakistan,,Not Required,Lake Tamarahaven
#2448,04-Aug-2026,peter alvarez,Email Available,peter.alvarez465@yahoo.com,Kids Building Blocks Set,Toys,TOY-BLK-SET,1,$27.99,,$0.00,$7.99,$35.98,Normal,Shopify Payments,Instagram,refunded,United States,Arizona,Valid,South Kelly
#2449,04-Aug-2026,Jesse Hammond,Email Available,jesse.hammond987@gmail.com,Backpack - 25L,Accessories,ACC-BPK-25L,1,$32.99,BFCM25,$8.25,$7.99,$32.73,Normal,Credit Card,Online Store,fulfilled,United States,Washington,Valid,Jennyburgh
#2450,04-Aug-2026,Glenn Smith,Email Available,glenn.smith305@gmail.com,Non-Stick Frying Pan 10in,Home & Kitchen,HK-PAN-10,2,$24.99,FREESHIP,$0.00,$0.00,$49.98,Normal,PayPal,Online Store,fulfilled,Canada,,Not Required,Rebeccamouth
#2451,04-Aug-2026,Vincent Rosales,Email Available,vincent.rosales30@icloud.com,Throw Blanket - Fleece,Home & Kitchen,HK-BLK-FLC,2,$17.99,SAVE20,$7.20,$4.99,$33.77,Normal,PayPal,Online Store,fulfilled,United States,Washington,Valid,South Nathanville
#2452,04-Aug-2026,Andrea Gallegos,Email Available,andrea.gallegos495@gmail.com,Running Shoes - Men's,Footwear,FTW-RUN-M,1,$54.99,WELCOME10,$5.50,$4.99,$54.48,Normal,Shopify Payments,POS,pending,Germany,,Not Required,New Eric
#2453,04-Aug-2026,"Williams, Cynthia",Email Available,cynthia.williams720@yahoo.com,Vitamin C Serum 30ml,Beauty,BTY-SRM-30,2,$24.99,VIP15,$7.50,$7.99,$50.47,Normal,Apple Pay,Online Store,pending,Australia,,Not Required,Hectorville
#2454,04-Aug-2026,Eric Bailey,Email Available,eric.bailey970@yahoo.com,Classic Cotton T-Shirt,Apparel,TSH-BLK-M,3,$14.99,VIP15,$6.75,$5.99,$44.21,Normal,Apple Pay,POS,refunded,United Kingdom,,Not Required,North Evelyn
#2455,04-Aug-2026,Morgan Johnson,Missing Email,,Classic Cotton T-Shirt,Apparel,TSH-BLK-L,1,$14.99,FREESHIP,$0.00,$0.00,$14.99,Normal,Google Pay,Instagram,refunded,Canada,,Not Required,East Kenneth
#2456,04-Aug-2026,Alexandria Miller,Email Available,alexandria.miller414@outlook.com,Backpack - 25L,Accessories,ACC-BPK-25L,3,$32.99,FREESHIP,$0.00,$0.00,$98.97,Outlier,PayPal,Online Store,fulfilled,Australia,,Not Required,East Miranda
#2457,04-Aug-2026,Megan Holmes,Email Available,megan.holmes105@yahoo.com,Kids Building Blocks Set,Toys,TOY-BLK-SET,1,$27.99,WELCOME10,$2.80,$5.99,$31.18,Normal,Credit Card,POS,fulfilled,United States,Arizona,Valid,East Andrea
#2458,04-Aug-2026,Sandra Wilson,Email Available,sandra.wilson554@outlook.com,Ceramic Coffee Mug Set (4pc),Home & Kitchen,HK-MUG-4PK,1,$18.99,BFCM25,$4.75,$7.99,$22.23,Normal,Apple Pay,Instagram,fulfilled,Canada,,Not Required,New Kevinborough
#2459,04-Aug-2026,Jaime Vargas,Email Available,jaime.vargas795@outlook.com,Slim Fit Denim Jeans,Apparel,JNS-BLU-32,1,$39.99,,$0.00,$7.99,$47.98,Normal,Shopify Payments,Instagram,pending,United Kingdom,,Not Required,North Patriciaton
#2460,04-Aug-2026,Dawn Randolph,Email Available,dawn.randolph179@icloud.com,Throw Blanket - Fleece,Home & Kitchen,HK-BLK-FLC,2,$17.99,WELCOME10,$3.60,$5.99,$38.37,Normal,Apple Pay,Facebook,fulfilled,Pakistan,,Not Required,East Darryl
#2461,04-Aug-2026,Megan Dickson,Email Available,megan.dickson508@gmail.com,Non-Stick Frying Pan 10in,Home & Kitchen,HK-PAN-10,1,$24.99,,$0.00,$4.99,$29.98,Normal,Google Pay,Facebook,cancelled,United Kingdom,,Not Required,Pearsonchester
#2462,04-Aug-2026,Timothy Hodges,Email Available,timothy.hodges687@icloud.com,Ceramic Coffee Mug Set (4pc),Home & Kitchen,HK-MUG-4PK,1,$18.99,,$0.00,$7.99,$26.98,Normal,Apple Pay,Online Store,pending,Australia,,Not Required,Warrenfurt
#2463,04-Aug-2026,Joseph Martin,Email Available,joseph.martin348@icloud.com,Yoga Mat - Extra Thick,Sports & Outdoors,SP-YGM-EX,1,$22.99,,$0.00,$4.99,$27.98,Normal,Credit Card,POS,refunded,United States,Texas,Valid,New Anne
#2464,04-Aug-2026,  Sean Frank,Email Available,sean.frank587@icloud.com,Scented Soy Candle - Vanilla,Home & Kitchen,HK-CND-VAN,2,$9.99,FREESHIP,$0.00,$0.00,$19.98,Normal,Credit Card,Online Store,refunded,Australia,,Not Required,West Tiffanyfurt
#2465,04-Aug-2026,Monica Hodge,Email Available,monica.hodge369@icloud.com,Classic Cotton T-Shirt,Apparel,TSH-BLK-L,2,$14.99,WELCOME10,$3.00,$4.99,$31.97,Normal,Google Pay,Facebook,refunded,United States,Georgia,Valid,Wayneside
#2466,04-Aug-2026,Sandra Wilson,Missing Email,,Leather Wallet - Brown,Accessories,ACC-WLT-BRN,2,$19.99,BFCM25,$9.99,$5.99,$35.98,Normal,PayPal,Online Store,fulfilled,Canada,,Not Required,Port Haydentown
#2467,04-Aug-2026,Rose Campos,Email Available,rose.campos542@gmail.com,USB-C Fast Charger 20W,Electronics,ELC-CHG-20,1,$15.49,WELCOME10,$1.55,$7.99,$21.93,Normal,Apple Pay,Instagram,fulfilled,Canada,,Not Required,Port Peter
#2468,04-Aug-2026,Brooke Crawford,Email Available,brooke.crawford896@outlook.com,Throw Blanket - Fleece,Home & Kitchen,HK-BLK-FLC,4,$17.99,,$0.00,$5.99,$77.95,Normal,Credit Card,Facebook,fulfilled,Pakistan,,Not Required,East Anthony
#2469,04-Aug-2026,Peter Alvarez,Email Available,peter.alvarez465@yahoo.com,Slim Fit Denim Jeans,Apparel,JNS-BLU-32,1,$39.99,WELCOME10,$4.00,$4.99,$40.98,Normal,Apple Pay,POS,fulfilled,United States,New York,Valid,Davishaven
#2470,04-Aug-2026,Bryan Barnes,Email Available,bryan.barnes666@yahoo.com,Ceramic Coffee Mug Set (4pc),Home & Kitchen,HK-MUG-4PK,1,$18.99,,$0.00,$5.99,$24.98,Normal,Google Pay,Online Store,cancelled,United States,North Carolina,Valid,East Daniel
#2471,04-Aug-2026,John Hoffman,Missing Email,,Wireless Mouse,Electronics,ELC-MSE-WL,1,$11.99,,$0.00,$7.99,$19.98,Normal,Apple Pay,Online Store,fulfilled,United States,Arizona,Valid,Michelleborough
#2472,04-Aug-2026,Tracy Adams,Email Available,tracy.adams712@icloud.com,Facial Cleanser 200ml,Beauty,BTY-CLN-200,1,$13.49,,$0.00,$5.99,$19.48,Normal,Credit Card,POS,fulfilled,United States,Texas,Valid,East Jason
#2473,04-Aug-2026,Sharon Brown,Missing Email,,Running Shoes - Women's,Footwear,FTW-RUN-W,1,$54.99,WELCOME10,$5.50,$7.99,$57.48,Normal,Credit Card,Online Store,pending,United States,California,Valid,Lake Donna
#2474,04-Aug-2026,TEST TEST,Email Available,test@test.com,Facial Cleanser 200ml,Beauty,BTY-CLN-200,1,$13.49,BFCM25,$3.37,$7.99,$18.11,Normal,Apple Pay,Instagram,fulfilled,Pakistan,,Not Required,Angelamouth
#2475,04-Aug-2026,Anthony Krueger,Email Available,anthony.krueger812@yahoo.com,Hooded Sweatshirt,Apparel,APR-HOD-GRY,1,$34.99,,$0.00,$4.99,$39.98,Normal,Shopify Payments,Facebook,fulfilled,Pakistan,,Not Required,Robertton
#2476,04-Aug-2026,Karen Bautista,Email Available,karen.bautista779@icloud.com,Kids Building Blocks Set,Toys,TOY-BLK-SET,2,$27.99,VIP15,$8.40,$7.99,$55.57,Normal,Google Pay,POS,fulfilled,United States,North Carolina,Valid,Larryburgh
#2477,04-Aug-2026,tara jackson,Missing Email,,Kids Building Blocks Set,Toys,TOY-BLK-SET,2,$27.99,,$0.00,$5.99,$61.97,Normal,Shopify Payments,Online Store,fulfilled,Canada,,Not Required,Cunninghammouth
#2478,04-Aug-2026,Christopher Martin,Email Available,christopher.martin10@gmail.com,Classic Cotton T-Shirt,Apparel,TSH-BLK-M,1,$14.99,BFCM25,$3.75,$4.99,$16.23,Normal,Shopify Payments,Online Store,pending,United States,Florida,Valid,Longland
#2479,04-Aug-2026,Stacey Johnson,Email Available,stacey.johnson95@gmail.com,Facial Cleanser 200ml,Beauty,BTY-CLN-200,1,$13.49,,$0.00,$4.99,$18.48,Normal,Shopify Payments,POS,refunded,Germany,,Not Required,North Timothy
#2480,04-Aug-2026,Stacey Johnson,Email Available,stacey.johnson444@outlook.com,Running Shoes - Men's,Footwear,FTW-RUN-M,1,$54.99,BFCM25,$13.75,$4.99,$46.23,Normal,Shopify Payments,Online Store,fulfilled,United States,North Carolina,Valid,Kimberlyberg
#2481,04-Aug-2026,Veronica Price,Email Available,veronica.price991@outlook.com,Wireless Bluetooth Earbuds,Electronics,ELC-WBE-01,1,$29.99,WELCOME10,$3.00,$7.99,$34.98,Normal,Google Pay,Instagram,fulfilled,Canada,,Not Required,Armstrongborough
#2482,04-Aug-2026,Julia Atkinson,Email Available,julia.atkinson939@gmail.com,Vitamin C Serum 30ml,Beauty,BTY-SRM-30,1,$24.99,SAVE20,$5.00,$5.99,$25.98,Normal,Google Pay,Online Store,fulfilled,Canada,,Not Required,Mclaughlinmouth
#2483,04-Aug-2026,Hannah Lee,Email Available,hannah.lee589@icloud.com,Facial Cleanser 200ml,Beauty,BTY-CLN-200,1,$13.49,,$0.00,$4.99,$18.48,Normal,Shopify Payments,Online Store,fulfilled,United Kingdom,,Not Required,Hernandezberg
#2484,04-Aug-2026,CORY WALTON,Email Available,cory.walton975@outlook.com,Portable Power Bank 10000mAh,Electronics,ELC-PWB-10K,1,$21.99,BFCM25,$5.50,$7.99,$24.48,Normal,Apple Pay,Online Store,pending,Canada,,Not Required,Derekville
#2485,04-Aug-2026,George Gould,Email Available,george.gould10@yahoo.com,Running Shoes - Women's,Footwear,FTW-RUN-W,1,$54.99,,$0.00,$7.99,$62.98,Normal,Google Pay,Online Store,fulfilled,Canada,,Not Required,Port Jenniferburgh
#2486,04-Aug-2026,Carly Johnson,Email Available,carly.johnson664@gmail.com,Wireless Bluetooth Earbuds,Electronics,ELC-WBE-01,1,$29.99,VIP15,$4.50,$7.99,$33.48,Normal,Google Pay,POS,fulfilled,Germany,,Not Required,New Jessicachester
#2487,04-Aug-2026,Dustin Ward,Email Available,dustin.ward756@icloud.com,Phone Case - Clear,Electronics,ELC-CSE-CLR,1,$8.99,WELCOME10,$0.90,$5.99,$14.08,Normal,Shopify Payments,Online Store,fulfilled,United States,Canada,Valid,Lawrenceshire
#2488,04-Aug-2026,  James Miller,Email Available,james.miller866@yahoo.com,Ceramic Coffee Mug Set (4pc),Home & Kitchen,HK-MUG-4PK,1,$18.99,,$0.00,$4.99,$23.98,Normal,Apple Pay,Instagram,cancelled,Pakistan,,Not Required,New Michelleshire
#2489,04-Aug-2026,Christopher Osborne,Email Available,christopher.osborne481@yahoo.com,Polarized Sunglasses,Accessories,ACC-SUN-01,2,$16.99,,$0.00,$7.99,$41.97,Normal,Credit Card,Online Store,fulfilled,United States,Florida,Valid,North Carla
#2490,04-Aug-2026,Shawn Alexander,Email Available,shawn.alexander522@outlook.com,Ceramic Coffee Mug Set (4pc),Home & Kitchen,HK-MUG-4PK,1,$18.99,,$0.00,$4.99,$23.98,Normal,Shopify Payments,Online Store,cancelled,United States,New York,Valid,Luisfort
#2491,04-Aug-2026,Charles Franco,Email Available,charles.franco761@outlook.com,Yoga Mat - Extra Thick,Sports & Outdoors,SP-YGM-EX,1,$22.99,BFCM25,$5.75,$7.99,$25.23,Normal,PayPal,Facebook,fulfilled,United States,Arizona,Valid,Whitefort
#2492,04-Aug-2026,Lisa Mckinney,Email Available,lisa.mckinney195@gmail.com,Adjustable Dumbbell Set,Sports & Outdoors,SP-DMB-ADJ,1,$89.99,,$0.00,$0.00,$89.99,Outlier,Google Pay,Online Store,cancelled,United States,Georgia,Valid,West Williamstad
#2493,04-Aug-2026,Michele Davis,Email Available,michele.davis844@gmail.com,Portable Power Bank 10000mAh,Electronics,ELC-PWB-10K,1,$21.99,WELCOME10,$2.20,$4.99,$24.78,Normal,Credit Card,Instagram,fulfilled,Australia,,Not Required,South Jesse
#2494,04-Aug-2026,Mary Garcia,Email Available,mary.garcia899@icloud.com,Backpack - 25L,Accessories,ACC-BPK-25L,2,$32.99,VIP15,$9.90,$5.99,$62.07,Normal,PayPal,POS,fulfilled,Canada,,Not Required,Tateville
#2495,04-Aug-2026,Kelly Wyatt,Email Available,kelly.wyatt277@yahoo.com,Classic Cotton T-Shirt,Apparel,TSH-BLK-M,1,$14.99,,$0.00,$7.99,$22.98,Normal,Google Pay,Online Store,cancelled,Germany,,Not Required,Kinghaven
#2496,04-Aug-2026,Christopher Harris,Email Available,christopher.harris618@yahoo.com,Polarized Sunglasses,Accessories,ACC-SUN-01,1,$16.99,,$0.00,$4.99,$21.98,Normal,Apple Pay,Online Store,fulfilled,Australia,,Not Required,Port Kristina
#2497,04-Aug-2026,Thomas Hall,Email Available,thomas.hall134@gmail.com,Hooded Sweatshirt,Apparel,APR-HOD-GRY,1,$34.99,BFCM25,$8.75,$7.99,$34.23,Normal,Apple Pay,Online Store,pending,Canada,,Not Required,East Brian
#2498,04-Aug-2026,Linda Byrd,Email Available,linda.byrd87@outlook.com,Non-Stick Frying Pan 10in,Home & Kitchen,HK-PAN-10,1,$24.99,,$0.00,$7.99,$32.98,Normal,Shopify Payments,POS,fulfilled,United States,Illinois,Valid,Cooperchester
#2499,04-Aug-2026,Paul Dillon,Email Available,paul.dillon750@icloud.com,Wireless Bluetooth Earbuds,Electronics,ELC-WBE-01,2,$29.99,FREESHIP,$0.00,$0.00,$59.98,Normal,Apple Pay,Online Store,fulfilled,Australia,,Not Required,East Linda
#2500,04-Aug-2026,kayla lee,Email Available,kayla.lee278@yahoo.com,Portable Power Bank 10000mAh,Electronics,ELC-PWB-10K,1,$21.99,,$0.00,$4.99,$26.98,Normal,Google Pay,Facebook,refunded,United Kingdom,,Not Required,Duncanport
#2501,04-Aug-2026,Patrick Evans,Email Available,patrick.evans152@icloud.com,Classic Cotton T-Shirt,Apparel,TSH-BLK-L,2,$14.99,,$0.00,$4.99,$34.97,Normal,Google Pay,Online Store,refunded,United States,Florida,Valid,Wardstad
#2502,04-Aug-2026,Barbara Brown,Email Available,barbara.brown26@gmail.com,Slim Fit Denim Jeans,Apparel,JNS-BLU-32,1,$39.99,VIP15,$6.00,$7.99,$41.98,Normal,Google Pay,Instagram,refunded,United States,California,Valid,North Benjamintown
#2503,04-Aug-2026,Thomas Vazquez,Email Available,thomas.vazquez673@icloud.com,Scented Soy Candle - Vanilla,Home & Kitchen,HK-CND-VAN,1,$9.99,BFCM25,$2.50,$4.99,$12.48,Normal,PayPal,Instagram,fulfilled,Germany,,Not Required,North Michaelside
#2504,04-Aug-2026,Anthony Krueger,Email Available,anthony.krueger812@yahoo.com,Adjustable Dumbbell Set,Sports & Outdoors,SP-DMB-ADJ,1,$89.99,,$0.00,$0.00,$89.99,Outlier,PayPal,Online Store,refunded,Pakistan,,Not Required,South Melissa
#2505,04-Aug-2026,Tracy Kennedy,Email Available,tracy.kennedy796@outlook.com,Portable Power Bank 10000mAh,Electronics,ELC-PWB-10K,3,$21.99,,$0.00,$4.99,$70.96,Normal,Apple Pay,Online Store,fulfilled,Pakistan,,Not Required,Nelsontown
#2506,04-Aug-2026,Monica Becker,Email Available,monica.becker291@outlook.com,Non-Stick Frying Pan 10in,Home & Kitchen,HK-PAN-10,1,$24.99,,$0.00,$5.99,$30.98,Normal,PayPal,Online Store,fulfilled,Canada,,Not Required,Ryanshire
#2507,04-Aug-2026,Amanda Rodriguez,Email Available,amanda.rodriguez770@yahoo.com,Facial Cleanser 200ml,Beauty,BTY-CLN-200,1,$13.49,VIP15,$2.02,$5.99,$17.46,Normal,PayPal,Facebook,cancelled,United States,Arizona,Valid,South Jeremiah
#2508,04-Aug-2026,John Carson,Email Available,john.carson203@yahoo.com,Adjustable Dumbbell Set,Sports & Outdoors,SP-DMB-ADJ,2,$89.99,,$0.00,$0.00,$179.98,Outlier,Shopify Payments,Instagram,fulfilled,United States,New York,Valid,West Aaronside
#2509,04-Aug-2026,Nicholas Jarvis,Email Available,nicholas.jarvis112@icloud.com,Hooded Sweatshirt,Apparel,APR-HOD-GRY,1,$34.99,WELCOME10,$3.50,$4.99,$36.48,Normal,PayPal,Facebook,pending,Canada,,Not Required,North Robert
#2510,04-Aug-2026,Kylie Riddle,Email Available,kylie.riddle17@gmail.com,Ceramic Coffee Mug Set (4pc),Home & Kitchen,HK-MUG-4PK,1,$18.99,WELCOME10,$1.90,$7.99,$25.08,Normal,Apple Pay,Instagram,pending,United States,Texas,Valid,Johnsonburgh
#2511,04-Aug-2026,Paul Mills,Email Available,paul.mills467@gmail.com,Non-Stick Frying Pan 10in,Home & Kitchen,HK-PAN-10,1,$24.99,WELCOME10,$2.50,$4.99,$27.48,Normal,Credit Card,Online Store,fulfilled,United States,Ohio,Valid,West Tabithamouth
#2512,04-Aug-2026,Ryan Jones,Email Available,ryan.jones314@gmail.com,Slim Fit Denim Jeans,Apparel,JNS-BLU-32,1,$39.99,WELCOME10,$4.00,$4.99,$40.98,Normal,Shopify Payments,Online Store,fulfilled,Australia,,Not Required,Higginsborough
#2513,04-Aug-2026,Eric Santiago,Email Available,eric.santiago110@icloud.com,Stainless Steel Water Bottle,Home & Kitchen,HK-BTL-750,1,$12.99,,$0.00,$7.99,$20.98,Normal,Apple Pay,Online Store,fulfilled,United States,North Carolina,Valid,West Devon
#2514,04-Aug-2026,Russell Walton,Email Available,russell.walton605@icloud.com,Running Shoes - Men's,Footwear,FTW-RUN-M,1,$54.99,,$0.00,$5.99,$60.98,Normal,PayPal,Facebook,fulfilled,United States,Texas,Valid,New Kyle
#2515,04-Aug-2026,Katelyn Johnson,Email Available,katelyn.johnson502@outlook.com,Slim Fit Denim Jeans,Apparel,JNS-BLU-32,1,$39.99,,$0.00,$7.99,$47.98,Normal,Credit Card,Instagram,refunded,United States,Georgia,Valid,Wilsonburgh
#2516,04-Aug-2026,Kenneth Morgan,Email Available,kenneth.morgan181@outlook.com,USB-C Fast Charger 20W,Electronics,ELC-CHG-20,1,$15.49,SAVE20,$3.10,$5.99,$18.38,Normal,Credit Card,Facebook,cancelled,United States,Arizona,Valid,Lake Danielbury
#2517,04-Aug-2026,Darin Alvarez,Missing Email,,Backpack - 25L,Accessories,ACC-BPK-25L,2,$32.99,,$0.00,$4.99,$70.97,Normal,Apple Pay,Facebook,fulfilled,Canada,,Not Required,Andrewmouth
#2518,04-Aug-2026,  John Hoffman,Email Available,john.hoffman175@gmail.com,Running Shoes - Women's,Footwear,FTW-RUN-W,1,$54.99,SAVE20,$11.00,$7.99,$51.98,Normal,PayPal,Online Store,fulfilled,United States,Texas,Valid,West Peter
#2519,04-Aug-2026,NATALIE DIXON,Email Available,natalie.dixon388@outlook.com,Phone Case - Clear,Electronics,ELC-CSE-CLR,1,$8.99,SAVE20,$1.80,$4.99,$12.18,Normal,Shopify Payments,Facebook,fulfilled,United States,Arizona,Valid,Lake Veronica
#2520,04-Aug-2026,Sean Frank,Email Available,sean.frank587@icloud.com,Wireless Bluetooth Earbuds,Electronics,ELC-WBE-01,1,$29.99,BFCM25,$7.50,$5.99,$28.48,Normal,Credit Card,POS,fulfilled,Australia,,Not Required,South Johnhaven
#2521,04-Aug-2026,Aimee Smith,Email Available,aimee.smith857@icloud.com,Non-Stick Frying Pan 10in,Home & Kitchen,HK-PAN-10,1,$24.99,,$0.00,$4.99,$29.98,Normal,Credit Card,POS,pending,United Kingdom,,Not Required,Frenchbury
#2522,04-Aug-2026,Paul Dillon,Email Available,paul.dillon750@icloud.com,Vitamin C Serum 30ml,Beauty,BTY-SRM-30,2,$24.99,,$0.00,$5.99,$55.97,Normal,PayPal,Facebook,fulfilled,Australia,,Not Required,West Rebecca
#2523,04-Aug-2026,Kenneth Coleman,Email Available,kenneth.coleman447@icloud.com,Non-Stick Frying Pan 10in,Home & Kitchen,HK-PAN-10,1,$24.99,,$0.00,$7.99,$32.98,Normal,Shopify Payments,Facebook,fulfilled,United States,Ohio,Valid,New Carolyn
#2524,04-Aug-2026,Jacqueline Wiley,Email Available,jacqueline.wiley718@icloud.com,Ceramic Coffee Mug Set (4pc),Home & Kitchen,HK-MUG-4PK,2,$18.99,,$0.00,$7.99,$45.97,Normal,Apple Pay,Facebook,refunded,United States,North Carolina,Valid,Robertschester
#2525,04-Aug-2026,Tammy Hawkins,Email Available,tammy.hawkins461@outlook.com,Slim Fit Denim Jeans,Apparel,JNS-BLU-32,1,$39.99,SAVE20,$8.00,$4.99,$36.98,Normal,Google Pay,Online Store,fulfilled,United States,North Carolina,Valid,Danielsport
#2526,04-Aug-2026,Stacey Johnson,Email Available,stacey.johnson95@gmail.com,Throw Blanket - Fleece,Home & Kitchen,HK-BLK-FLC,1,$17.99,WELCOME10,$1.80,$4.99,$21.18,Normal,Google Pay,Online Store,fulfilled,Germany,,Not Required,West Shaunberg
#2527,04-Aug-2026,Samuel Snyder,Email Available,samuel.snyder328@icloud.com,Wireless Mouse,Electronics,ELC-MSE-WL,2,$11.99,FREESHIP,$0.00,$0.00,$23.98,Normal,Apple Pay,Instagram,fulfilled,United Kingdom,,Not Required,Myersburgh
#2528,04-Aug-2026,Megan Herman,Email Available,megan.herman268@yahoo.com,Slim Fit Denim Jeans,Apparel,JNS-BLU-32,1,$39.99,VIP15,$6.00,$5.99,$39.98,Normal,PayPal,Facebook,cancelled,United States,Illinois,Valid,East Bradleyfurt
#2529,04-Aug-2026,Barbara Brown,Email Available,barbara.brown26@gmail.com,Phone Case - Clear,Electronics,ELC-CSE-CLR,1,$8.99,,$0.00,$5.99,$14.98,Normal,Apple Pay,POS,fulfilled,United States,Georgia,Valid,South Troychester
#2530,04-Aug-2026,Barbara Case,Email Available,barbara.case365@yahoo.com,Ceramic Coffee Mug Set (4pc),Home & Kitchen,HK-MUG-4PK,1,$18.99,,$0.00,$7.99,$26.98,Normal,Google Pay,Online Store,pending,United States,New York,Valid,West Dennis
#2531,04-Aug-2026,Kiara Burke,Email Available,kiara.burke246@yahoo.com,Classic Cotton T-Shirt,Apparel,TSH-BLK-L,3,$14.99,SAVE20,$8.99,$4.99,$40.97,Normal,Shopify Payments,Instagram,fulfilled,Germany,,Not Required,West Leslieton
#2532,04-Aug-2026,Joseph Phillips,Email Available,joseph.phillips672@yahoo.com,Portable Power Bank 10000mAh,Electronics,ELC-PWB-10K,1,$21.99,BFCM25,$5.50,$5.99,$22.48,Normal,Credit Card,Facebook,refunded,Pakistan,,Not Required,West Ebony
#2533,04-Aug-2026,Luke Keller,Email Available,luke.keller471@icloud.com,Facial Cleanser 200ml,Beauty,BTY-CLN-200,1,$13.49,SAVE20,$2.70,$4.99,$15.78,Normal,Credit Card,Online Store,refunded,United States,Texas,Valid,South Janetport
#2534,04-Aug-2026,James Miller,Email Available,james.miller866@yahoo.com,Polarized Sunglasses,Accessories,ACC-SUN-01,3,$16.99,SAVE20,$10.19,$5.99,$46.77,Normal,Google Pay,POS,pending,Pakistan,,Not Required,South Hector
#2535,04-Aug-2026,Kenneth Davis,Email Available,kenneth.davis106@yahoo.com,Backpack - 25L,Accessories,ACC-BPK-25L,1,$32.99,,$0.00,$5.99,$38.98,Normal,Shopify Payments,Instagram,fulfilled,United States,California,Valid,Stephaniechester
#2536,04-Aug-2026,Nicholas Parker,Email Available,nicholas.parker656@yahoo.com,Stainless Steel Water Bottle,Home & Kitchen,HK-BTL-750,1,$12.99,,$0.00,$4.99,$17.98,Normal,PayPal,Online Store,refunded,United States,North Carolina,Valid,Lauraburgh
#2537,04-Aug-2026,Nancy Nichols,Missing Email,,Running Shoes - Men's,Footwear,FTW-RUN-M,1,$54.99,SAVE20,$11.00,$5.99,$49.98,Normal,Apple Pay,Instagram,fulfilled,United States,Florida,Valid,East Joseph
#2538,04-Aug-2026,Kenneth Davis,Email Available,kenneth.davis106@yahoo.com,Phone Case - Clear,Electronics,ELC-CSE-CLR,2,$8.99,BFCM25,$4.50,$5.99,$19.47,Normal,Google Pay,Online Store,fulfilled,United States,Ohio,Valid,New Brandi
#2539,04-Aug-2026,David Duke,Email Available,david.duke814@icloud.com,Resistance Bands Set,Sports & Outdoors,SP-RBS-SET,1,$13.99,,$0.00,$5.99,$19.98,Normal,Apple Pay,Instagram,fulfilled,United States,Georgia,Valid,Lake George
#2540,04-Aug-2026,Maria Patterson,Email Available,maria.patterson62@icloud.com,Kids Building Blocks Set,Toys,TOY-BLK-SET,1,$27.99,VIP15,$4.20,$4.99,$28.78,Normal,PayPal,Online Store,pending,United States,Illinois,Valid,Elizabethmouth
#2541,04-Aug-2026,Jacqueline Miller,Email Available,jacqueline.miller687@yahoo.com,Slim Fit Denim Jeans,Apparel,JNS-BLU-32,1,$39.99,,$0.00,$5.99,$45.98,Normal,PayPal,Facebook,fulfilled,Canada,,Not Required,West Erikabury
#2542,04-Aug-2026,Gloria Ballard,Email Available,gloria.ballard194@outlook.com,Slim Fit Denim Jeans,Apparel,JNS-BLU-32,1,$39.99,FREESHIP,$0.00,$0.00,$39.99,Normal,PayPal,POS,fulfilled,Germany,,Not Required,South Kathleenhaven
#2543,04-Aug-2026,Monica Hicks,Email Available,monica.hicks473@yahoo.com,Resistance Bands Set,Sports & Outdoors,SP-RBS-SET,1,$13.99,BFCM25,$3.50,$4.99,$15.48,Normal,PayPal,Online Store,pending,United States,Florida,Valid,Brownchester
#2544,04-Aug-2026,Erika Maxwell,Email Available,erika.maxwell281@gmail.com,Running Shoes - Women's,Footwear,FTW-RUN-W,1,$54.99,,$0.00,$5.99,$60.98,Normal,Apple Pay,Online Store,fulfilled,United States,Ohio,Valid,Lake Leah
#2545,04-Aug-2026,Courtney Bullock,Email Available,courtney.bullock860@outlook.com,Ceramic Coffee Mug Set (4pc),Home & Kitchen,HK-MUG-4PK,1,$18.99,FREESHIP,$0.00,$0.00,$18.99,Normal,Google Pay,Instagram,fulfilled,United Kingdom,,Not Required,South Savannahton
#2546,04-Aug-2026,Devin Jones,Email Available,devin.jones807@yahoo.com,Portable Power Bank 10000mAh,Electronics,ELC-PWB-10K,1,$21.99,VIP15,$3.30,$5.99,$24.68,Normal,Apple Pay,Online Store,refunded,Pakistan,,Not Required,East Karla
#2547,04-Aug-2026,Marie Rose,Email Available,marie.rose93@gmail.com,Kids Building Blocks Set,Toys,TOY-BLK-SET,2,$27.99,VIP15,$8.40,$4.99,$52.57,Normal,Credit Card,POS,fulfilled,United States,Illinois,Valid,North Susan
#2548,04-Aug-2026,Christopher Osborne,Email Available,christopher.osborne481@yahoo.com,Portable Power Bank 10000mAh,Electronics,ELC-PWB-10K,1,$21.99,WELCOME10,$2.20,$7.99,$27.78,Normal,Google Pay,Online Store,fulfilled,United States,North Carolina,Valid,New Melissaview
#2549,04-Aug-2026,Amanda Harris,Email Available,amanda.harris197@gmail.com,Leather Wallet - Brown,Accessories,ACC-WLT-BRN,1,$19.99,,$0.00,$4.99,$24.98,Normal,PayPal,POS,fulfilled,United States,North Carolina,Valid,Buchananchester
#2550,04-Aug-2026,Nancy Nichols,Email Available,nancy.nichols189@yahoo.com,Vitamin C Serum 30ml,Beauty,BTY-SRM-30,1,$24.99,BFCM25,$6.25,$5.99,$24.73,Normal,Google Pay,Online Store,fulfilled,United States,Texas,Valid,East Stephen
#2551,04-Aug-2026,Amanda Rodriguez,Email Available,amanda.rodriguez770@yahoo.com,Throw Blanket - Fleece,Home & Kitchen,HK-BLK-FLC,2,$17.99,BFCM25,$8.99,$5.99,$32.98,Normal,PayPal,Online Store,fulfilled,United States,Illinois,Valid,Karentown
#2552,04-Aug-2026,michael jacobson,Email Available,michael.jacobson69@outlook.com,Running Shoes - Men's,Footwear,FTW-RUN-M,1,$54.99,VIP15,$8.25,$4.99,$51.73,Normal,Apple Pay,Facebook,cancelled,Germany,,Not Required,Nathanport
#2553,04-Aug-2026,Lauren Nguyen,Missing Email,,Classic Cotton T-Shirt,Apparel,TSH-BLK-L,1,$14.99,BFCM25,$3.75,$5.99,$17.23,Normal,Google Pay,POS,fulfilled,United Kingdom,,Not Required,Lloydtown
#2554,04-Aug-2026,Rita Hall,Email Available,rita.hall18@outlook.com,Wireless Mouse,Electronics,ELC-MSE-WL,1,$11.99,WELCOME10,$1.20,$5.99,$16.78,Normal,Credit Card,POS,pending,United States,Florida,Valid,Port Davidmouth
#2555,04-Aug-2026,Robert Clark,Email Available,robert.clark185@icloud.com,Hooded Sweatshirt,Apparel,APR-HOD-GRY,1,$34.99,WELCOME10,$3.50,$7.99,$39.48,Normal,PayPal,POS,pending,Pakistan,,Not Required,South Melissamouth
#2556,04-Aug-2026,Richard Zavala,Email Available,richard.zavala602@gmail.com,Scented Soy Candle - Vanilla,Home & Kitchen,HK-CND-VAN,1,$9.99,FREESHIP,$0.00,$0.00,$9.99,Normal,PayPal,POS,fulfilled,Canada,,Not Required,Thomasside
#2557,04-Aug-2026,Jennifer Burke,Missing Email,,USB-C Fast Charger 20W,Electronics,ELC-CHG-20,1,$15.49,,$0.00,$4.99,$20.48,Normal,Credit Card,Online Store,fulfilled,Pakistan,,Not Required,Caldwellstad
#2558,04-Aug-2026,Lauren Nguyen,Missing Email,,Resistance Bands Set,Sports & Outdoors,SP-RBS-SET,2,$13.99,BFCM25,$7.00,$5.99,$26.97,Normal,Apple Pay,Online Store,fulfilled,United Kingdom,,Not Required,North Lauraburgh
#2559,04-Aug-2026,Brian Johnson,Email Available,brian.johnson756@yahoo.com,Adjustable Dumbbell Set,Sports & Outdoors,SP-DMB-ADJ,1,$89.99,,$0.00,$0.00,$89.99,Outlier,Google Pay,Online Store,fulfilled,Australia,,Not Required,East David
#2560,04-Aug-2026,Dana Davenport,Email Available,dana.davenport907@yahoo.com,Classic Cotton T-Shirt,Apparel,TSH-BLK-M,2,$14.99,BFCM25,$7.50,$4.99,$27.47,Normal,Shopify Payments,Instagram,fulfilled,United States,New York,Valid,New Dennis
#2561,04-Aug-2026,Brenda Perez,Email Available,brenda.perez884@outlook.com,Vitamin C Serum 30ml,Beauty,BTY-SRM-30,1,$24.99,,$0.00,$7.99,$32.98,Normal,Google Pay,POS,pending,United States,North Carolina,Valid,South David
#2562,04-Aug-2026,Tammy Hawkins,Email Available,tammy.hawkins461@outlook.com,Yoga Mat - Extra Thick,Sports & Outdoors,SP-YGM-EX,1,$22.99,SAVE20,$4.60,$7.99,$26.38,Normal,PayPal,Online Store,fulfilled,United States,Texas,Valid,Lake Angela
#2563,04-Aug-2026,Carrie Boyd,Email Available,carrie.boyd968@gmail.com,Adjustable Dumbbell Set,Sports & Outdoors,SP-DMB-ADJ,1,$89.99,SAVE20,$18.00,$0.00,$71.99,Normal,PayPal,Instagram,refunded,United States,Texas,Valid,East Robert
#2564,04-Aug-2026,Jessica Garcia,Email Available,jessica.garcia931@gmail.com,Portable Power Bank 10000mAh,Electronics,ELC-PWB-10K,2,$21.99,WELCOME10,$4.40,$5.99,$45.57,Normal,Google Pay,Instagram,fulfilled,United States,North Carolina,Valid,Jodyport
#2565,04-Aug-2026,Amanda Robinson,Email Available,amanda.robinson263@icloud.com,Throw Blanket - Fleece,Home & Kitchen,HK-BLK-FLC,1,$17.99,FREESHIP,$0.00,$0.00,$17.99,Normal,Google Pay,Online Store,refunded,United States,Illinois,Valid,Lukehaven
#2566,04-Aug-2026,Diane Nunez,Email Available,diane.nunez756@outlook.com,Vitamin C Serum 30ml,Beauty,BTY-SRM-30,1,$24.99,,$0.00,$4.99,$29.98,Normal,PayPal,Facebook,fulfilled,Canada,,Not Required,Lake Oscarmouth
#2567,04-Aug-2026,Test Order,Email Available,test@test.com,Backpack - 25L,Accessories,ACC-BPK-25L,1,$32.99,,$0.00,$4.99,$37.98,Normal,Shopify Payments,Instagram,cancelled,United Kingdom,,Not Required,Elizabethchester
#2568,04-Aug-2026,James Castro,Email Available,james.castro923@icloud.com,Stainless Steel Water Bottle,Home & Kitchen,HK-BTL-750,1,$12.99,,$0.00,$7.99,$20.98,Normal,Google Pay,Online Store,fulfilled,Pakistan,,Not Required,East Deborah
#2569,04-Aug-2026,Anthony Mullen,Email Available,anthony.mullen523@yahoo.com,Running Shoes - Women's,Footwear,FTW-RUN-W,1,$54.99,VIP15,$8.25,$4.99,$51.73,Normal,Apple Pay,POS,refunded,United States,Illinois,Valid,West Sarahmouth
#2570,04-Aug-2026,Michael Hays,Email Available,michael.hays590@gmail.com,Non-Stick Frying Pan 10in,Home & Kitchen,HK-PAN-10,1,$24.99,VIP15,$3.75,$5.99,$27.23,Normal,PayPal,POS,pending,United States,Arizona,Valid,South Andrew
#2571,04-Aug-2026,Cheryl Coleman,Email Available,cheryl.coleman261@icloud.com,Scented Soy Candle - Vanilla,Home & Kitchen,HK-CND-VAN,1,$9.99,SAVE20,$2.00,$4.99,$12.98,Normal,PayPal,Online Store,refunded,Pakistan,,Not Required,Camposville
#2572,04-Aug-2026,John Jacobs,Email Available,john.jacobs137@yahoo.com,Scented Soy Candle - Vanilla,Home & Kitchen,HK-CND-VAN,1,$9.99,BFCM25,$2.50,$4.99,$12.48,Normal,Google Pay,Facebook,fulfilled,Australia,,Not Required,South Daniel
#2573,04-Aug-2026,Andrea Martinez,Email Available,andrea.martinez756@yahoo.com,USB-C Fast Charger 20W,Electronics,ELC-CHG-20,1,$15.49,,$0.00,$4.99,$20.48,Normal,Apple Pay,Facebook,fulfilled,Australia,,Not Required,Lake Dillon
#2574,04-Aug-2026,Chad Smith,Email Available,chad.smith773@icloud.com,Stainless Steel Water Bottle,Home & Kitchen,HK-BTL-750,1,$12.99,BFCM25,$3.25,$5.99,$15.73,Normal,Shopify Payments,POS,refunded,Pakistan,,Not Required,Teresaberg
#2575,04-Aug-2026,Carrie Boyd,Email Available,carrie.boyd968@gmail.com,Leather Wallet - Brown,Accessories,ACC-WLT-BRN,1,$19.99,BFCM25,$5.00,$4.99,$19.98,Normal,Credit Card,Online Store,fulfilled,United States,Washington,Valid,Craigborough
#2576,04-Aug-2026,Test Order,Email Available,test@test.com,USB-C Fast Charger 20W,Electronics,ELC-CHG-20,1,$15.49,FREESHIP,$0.00,$0.00,$15.49,Normal,Shopify Payments,Facebook,refunded,United States,Illinois,Valid,New Courtney
#2577,04-Aug-2026,Christopher Harris,Email Available,christopher.harris618@yahoo.com,Facial Cleanser 200ml,Beauty,BTY-CLN-200,1,$13.49,,$0.00,$4.99,$18.48,Normal,PayPal,POS,cancelled,Australia,,Not Required,Sarahside
#2578,04-Aug-2026,TYLER WILLIAMS,Email Available,tyler.williams938@outlook.com,Portable Power Bank 10000mAh,Electronics,ELC-PWB-10K,1,$21.99,,$0.00,$5.99,$27.98,Normal,PayPal,Facebook,pending,Australia,,Not Required,Jackfurt
#2579,04-Aug-2026,Andrew Cross,Email Available,andrew.cross512@yahoo.com,Throw Blanket - Fleece,Home & Kitchen,HK-BLK-FLC,2,$17.99,VIP15,$5.40,$7.99,$38.57,Normal,Shopify Payments,Online Store,fulfilled,United States,Illinois,Valid,Lake Jason
#2580,04-Aug-2026,"Oliver, Shawn",Email Available,shawn.oliver540@icloud.com,Non-Stick Frying Pan 10in,Home & Kitchen,HK-PAN-10,1,$24.99,,$0.00,$5.99,$30.98,Normal,Credit Card,Online Store,pending,Canada,,Not Required,Rivasmouth
#2581,04-Aug-2026,Lindsay Shaw,Email Available,lindsay.shaw178@icloud.com,Leather Wallet - Brown,Accessories,ACC-WLT-BRN,1,$19.99,,$0.00,$4.99,$24.98,Normal,Google Pay,Online Store,refunded,United Kingdom,,Not Required,Campbellmouth
#2582,04-Aug-2026,Kayla Cruz,Email Available,kayla.cruz151@outlook.com,Polarized Sunglasses,Accessories,ACC-SUN-01,1,$16.99,BFCM25,$4.25,$7.99,$20.73,Normal,PayPal,Instagram,fulfilled,Pakistan,,Not Required,East Raymondview
#2583,04-Aug-2026,Nicole Taylor,Email Available,nicole.taylor607@icloud.com,Adjustable Dumbbell Set,Sports & Outdoors,SP-DMB-ADJ,1,$89.99,,$0.00,$0.00,$89.99,Outlier,PayPal,Online Store,cancelled,United States,Arizona,Valid,Leeview
#2584,04-Aug-2026,Robin Ruiz,Email Available,robin.ruiz407@yahoo.com,Ceramic Coffee Mug Set (4pc),Home & Kitchen,HK-MUG-4PK,1,$18.99,,$0.00,$5.99,$24.98,Normal,Google Pay,POS,fulfilled,United States,Texas,Valid,Hernandezchester
#2585,04-Aug-2026,Kristen Lewis,Email Available,kristen.lewis649@icloud.com,Scented Soy Candle - Vanilla,Home & Kitchen,HK-CND-VAN,1,$9.99,WELCOME10,$1.00,$7.99,$16.98,Normal,Shopify Payments,Online Store,fulfilled,United States,California,Valid,Rachelfort
#2586,04-Aug-2026,Rebecca Watts,Email Available,rebecca.watts779@gmail.com,Classic Cotton T-Shirt,Apparel,TSH-BLK-M,2,$14.99,FREESHIP,$0.00,$0.00,$29.98,Normal,PayPal,Online Store,fulfilled,United States,Ohio,Valid,West Dale
#2587,04-Aug-2026,RONNIE JOHNSON,Email Available,ronnie.johnson454@outlook.com,Scented Soy Candle - Vanilla,Home & Kitchen,HK-CND-VAN,1,$9.99,,$0.00,$5.99,$15.98,Normal,Shopify Payments,Instagram,fulfilled,United States,Arizona,Valid,Patrickshire
#2588,04-Aug-2026,Seth Price,Email Available,seth.price179@gmail.com,Portable Power Bank 10000mAh,Electronics,ELC-PWB-10K,1,$21.99,,$0.00,$7.99,$29.98,Normal,Shopify Payments,Online Store,fulfilled,United States,New York,Valid,Port Jackville
#2589,04-Aug-2026,Paul Dillon,Email Available,paul.dillon750@icloud.com,Hooded Sweatshirt,Apparel,APR-HOD-GRY,2,$34.99,FREESHIP,$0.00,$0.00,$69.98,Normal,Shopify Payments,Online Store,cancelled,Australia,,Not Required,Manntown
#2590,04-Aug-2026,Vincent Rosales,Email Available,vincent.rosales30@icloud.com,Throw Blanket - Fleece,Home & Kitchen,HK-BLK-FLC,1,$17.99,,$0.00,$4.99,$22.98,Normal,Google Pay,Facebook,fulfilled,United States,Texas,Valid,West Howardland
#2591,04-Aug-2026,Robert Clark,Email Available,robert.clark185@icloud.com,Slim Fit Denim Jeans,Apparel,JNS-BLU-32,1,$39.99,,$0.00,$7.99,$47.98,Normal,Apple Pay,Instagram,fulfilled,Pakistan,,Not Required,Gonzalezmouth
#2592,04-Aug-2026,Linda Byrd,Email Available,linda.byrd87@outlook.com,Portable Power Bank 10000mAh,Electronics,ELC-PWB-10K,1,$21.99,,$0.00,$5.99,$27.98,Normal,Shopify Payments,Online Store,fulfilled,United States,Washington,Valid,Riceborough
#2593,04-Aug-2026,Margaret Conley,Email Available,margaret.conley327@icloud.com,Classic Cotton T-Shirt,Apparel,TSH-BLK-L,4,$14.99,,$0.00,$4.99,$64.95,Normal,Shopify Payments,Online Store,fulfilled,Australia,,Not Required,Marystad
#2594,04-Aug-2026,Deborah Wilson,Email Available,deborah.wilson691@icloud.com,Yoga Mat - Extra Thick,Sports & Outdoors,SP-YGM-EX,1,$22.99,,$0.00,$5.99,$28.98,Normal,Shopify Payments,Online Store,pending,United Kingdom,,Not Required,Lake Daniellechester
#2595,04-Aug-2026,Dustin Mccoy,Email Available,dustin.mccoy570@gmail.com,Polarized Sunglasses,Accessories,ACC-SUN-01,1,$16.99,FREESHIP,$0.00,$0.00,$16.99,Normal,Shopify Payments,Online Store,fulfilled,Canada,,Not Required,New Malloryburgh
#2596,04-Aug-2026,Timothy Becker,Email Available,timothy.becker88@yahoo.com,Slim Fit Denim Jeans,Apparel,JNS-BLU-32,1,$39.99,WELCOME10,$4.00,$7.99,$43.98,Normal,Apple Pay,Instagram,refunded,United States,Washington,Valid,East Seth
#2597,04-Aug-2026,Joe Duran,Email Available,joe.duran923@icloud.com,Leather Wallet - Brown,Accessories,ACC-WLT-BRN,2,$19.99,WELCOME10,$4.00,$7.99,$43.97,Normal,PayPal,POS,fulfilled,United States,Florida,Valid,Mcclainfurt
#2598,04-Aug-2026,Cody Murray,Email Available,cody.murray456@gmail.com,Classic Cotton T-Shirt,Apparel,TSH-BLK-M,1,$14.99,,$0.00,$4.99,$19.98,Normal,Credit Card,Facebook,refunded,United Kingdom,,Not Required,Bergville
#2599,04-Aug-2026,Katie Coleman,Email Available,katie.coleman262@outlook.com,Wireless Bluetooth Earbuds,Electronics,ELC-WBE-01,1,$29.99,WELCOME10,$3.00,$4.99,$31.98,Normal,Google Pay,Facebook,refunded,Canada,,Not Required,Lake John
#2600,04-Aug-2026,Anthony Marshall,Email Available,anthony.marshall823@yahoo.com,Classic Cotton T-Shirt,Apparel,TSH-BLK-M,1,$14.99,WELCOME10,$1.50,$5.99,$19.48,Normal,Shopify Payments,Instagram,pending,United States,Texas,Valid,New Shawn
#2601,04-Aug-2026,Debra Thomas,Email Available,debra.thomas509@icloud.com,Backpack - 25L,Accessories,ACC-BPK-25L,1,$32.99,VIP15,$4.95,$4.99,$33.03,Normal,Apple Pay,Online Store,fulfilled,United States,New York,Valid,Austinborough
#2602,04-Aug-2026,Ian Morris,Email Available,ian.morris90@outlook.com,Phone Case - Clear,Electronics,ELC-CSE-CLR,1,$8.99,FREESHIP,$0.00,$0.00,$8.99,Normal,Shopify Payments,Online Store,pending,Pakistan,,Not Required,East Leah
#2603,04-Aug-2026,Amanda Harris,Email Available,amanda.harris197@gmail.com,Polarized Sunglasses,Accessories,ACC-SUN-01,1,$16.99,,$0.00,$7.99,$24.98,Normal,Apple Pay,POS,cancelled,United States,New York,Valid,Lake Steven
#2604,04-Aug-2026,Ryan Jones,Email Available,ryan.jones314@gmail.com,Wireless Bluetooth Earbuds,Electronics,ELC-WBE-01,1,$29.99,,$0.00,$5.99,$35.98,Normal,Credit Card,POS,fulfilled,Australia,,Not Required,Parkerstad
#2605,04-Aug-2026,brooke crawford,Email Available,brooke.crawford896@outlook.com,Classic Cotton T-Shirt,Apparel,TSH-BLK-M,1,$14.99,BFCM25,$3.75,$7.99,$19.23,Normal,Google Pay,Online Store,refunded,Pakistan,,Not Required,Samanthastad
#2606,04-Aug-2026,Tyler Williams,Email Available,tyler.williams938@outlook.com,Facial Cleanser 200ml,Beauty,BTY-CLN-200,2,$13.49,SAVE20,$5.40,$4.99,$26.57,Normal,PayPal,Instagram,cancelled,Australia,,Not Required,New Joyce
#2607,04-Aug-2026,Tanya Brown,Email Available,tanya.brown516@outlook.com,Hooded Sweatshirt,Apparel,APR-HOD-GRY,1,$34.99,VIP15,$5.25,$5.99,$35.73,Normal,PayPal,Online Store,fulfilled,United States,North Carolina,Valid,Chelseyhaven
#2608,04-Aug-2026,"Perez, Joanne",Email Available,joanne.perez120@gmail.com,Portable Power Bank 10000mAh,Electronics,ELC-PWB-10K,1,$21.99,VIP15,$3.30,$5.99,$24.68,Normal,Apple Pay,POS,fulfilled,United States,California,Valid,Rossville
#2609,04-Aug-2026,Robert Boyd,Email Available,robert.boyd184@yahoo.com,Vitamin C Serum 30ml,Beauty,BTY-SRM-30,2,$24.99,VIP15,$7.50,$7.99,$50.47,Normal,Credit Card,Facebook,fulfilled,Canada,,Not Required,West Carly
#2610,04-Aug-2026,Christy Long,Email Available,christy.long561@yahoo.com,Running Shoes - Men's,Footwear,FTW-RUN-M,1,$54.99,WELCOME10,$5.50,$5.99,$55.48,Normal,Apple Pay,Online Store,pending,United Kingdom,,Not Required,South Roy
#2611,04-Aug-2026,Dustin Griffin,Email Available,dustin.griffin434@gmail.com,Yoga Mat - Extra Thick,Sports & Outdoors,SP-YGM-EX,2,$22.99,,$0.00,$5.99,$51.97,Normal,Shopify Payments,Instagram,refunded,United States,Illinois,Valid,New Michaelmouth
#2612,04-Aug-2026,,Email Available,george.green694@icloud.com,Portable Power Bank 10000mAh,Electronics,ELC-PWB-10K,1,$21.99,SAVE20,$4.40,$4.99,$22.58,Normal,Apple Pay,Instagram,fulfilled,United States,Georgia,Valid,North Laurenville
#2613,04-Aug-2026,laura pruitt,Email Available,laura.pruitt212@yahoo.com,Adjustable Dumbbell Set,Sports & Outdoors,SP-DMB-ADJ,2,$89.99,WELCOME10,$18.00,$0.00,$161.98,Outlier,Google Pay,Online Store,pending,United States,Canada,Valid,Gutierrezstad
#2614,04-Aug-2026,Christopher Harrington,Email Available,christopher.harrington960@gmail.com,Non-Stick Frying Pan 10in,Home & Kitchen,HK-PAN-10,2,$24.99,,$0.00,$4.99,$54.97,Normal,Google Pay,Online Store,refunded,Australia,,Not Required,South Douglas
#2615,04-Aug-2026,Peter Alvarez,Email Available,peter.alvarez465@yahoo.com,Vitamin C Serum 30ml,Beauty,BTY-SRM-30,1,$24.99,,$0.00,$4.99,$29.98,Normal,Apple Pay,Instagram,fulfilled,United States,California,Valid,Lake Jeremiah
#2616,04-Aug-2026,Frank Diaz,Missing Email,,Backpack - 25L,Accessories,ACC-BPK-25L,2,$32.99,,$0.00,$5.99,$71.97,Normal,Shopify Payments,Online Store,refunded,United States,New York,Valid,North Andrewshire
#2617,04-Aug-2026,Jesus Mason,Email Available,jesus.mason798@icloud.com,USB-C Fast Charger 20W,Electronics,ELC-CHG-20,1,$15.49,,$0.00,$5.99,$21.48,Normal,PayPal,Online Store,cancelled,United States,North Carolina,Valid,Blevinsborough
#2618,04-Aug-2026,Thomas Rojas,Missing Email,,Scented Soy Candle - Vanilla,Home & Kitchen,HK-CND-VAN,2,$9.99,BFCM25,$5.00,$7.99,$22.97,Normal,PayPal,Facebook,cancelled,United States,Texas,Valid,Harrisfurt
#2619,04-Aug-2026,Carly Johnson,Email Available,carly.johnson664@gmail.com,Throw Blanket - Fleece,Home & Kitchen,HK-BLK-FLC,1,$17.99,,$0.00,$7.99,$25.98,Normal,Credit Card,Online Store,refunded,Germany,,Not Required,Reedtown
#2620,04-Aug-2026,Amanda Robinson,Email Available,amanda.robinson263@icloud.com,Throw Blanket - Fleece,Home & Kitchen,HK-BLK-FLC,1,$17.99,SAVE20,$3.60,$4.99,$19.38,Normal,PayPal,Online Store,fulfilled,United States,California,Valid,Lake Lori
#2621,04-Aug-2026,Kenneth Davis,Email Available,kenneth.davis106@yahoo.com,Kids Building Blocks Set,Toys,TOY-BLK-SET,1,$27.99,,$0.00,$7.99,$35.98,Normal,Apple Pay,POS,pending,United States,Texas,Valid,South Jamesview
#2622,04-Aug-2026,Anthony Mullen,Email Available,anthony.mullen523@yahoo.com,Wireless Mouse,Electronics,ELC-MSE-WL,2,$11.99,SAVE20,$4.80,$5.99,$25.17,Normal,Apple Pay,Online Store,fulfilled,United States,Florida,Valid,Lake Nancyberg
#2623,04-Aug-2026,Tyler Williams,Email Available,tyler.williams938@outlook.com,Kids Building Blocks Set,Toys,TOY-BLK-SET,1,$27.99,,$0.00,$4.99,$32.98,Normal,Apple Pay,Facebook,fulfilled,Australia,,Not Required,Snyderside
#2624,04-Aug-2026,Nicholas Jarvis,Email Available,nicholas.jarvis112@icloud.com,Slim Fit Denim Jeans,Apparel,JNS-BLU-32,1,$39.99,,$0.00,$7.99,$47.98,Normal,Shopify Payments,Online Store,pending,Canada,,Not Required,Sheltonfurt
#2625,04-Aug-2026,NICHOLAS PARKER,Email Available,nicholas.parker656@yahoo.com,Portable Power Bank 10000mAh,Electronics,ELC-PWB-10K,1,$21.99,FREESHIP,$0.00,$0.00,$21.99,Normal,Credit Card,Instagram,fulfilled,United States,Florida,Valid,East William
#2626,04-Aug-2026,Christy Phillips,Missing Email,,Phone Case - Clear,Electronics,ELC-CSE-CLR,1,$8.99,,$0.00,$5.99,$14.98,Normal,Shopify Payments,Online Store,pending,Pakistan,,Not Required,Port Ashleyview
#2627,04-Aug-2026,James Miller,Email Available,james.miller866@yahoo.com,Classic Cotton T-Shirt,Apparel,TSH-BLK-L,2,$14.99,BFCM25,$7.50,$4.99,$27.47,Normal,Credit Card,POS,fulfilled,Pakistan,,Not Required,Taylorton
#2628,04-Aug-2026,Rhonda Chapman,Email Available,rhonda.chapman481@yahoo.com,Phone Case - Clear,Electronics,ELC-CSE-CLR,2,$8.99,SAVE20,$3.60,$7.99,$22.37,Normal,Apple Pay,Instagram,fulfilled,United States,Florida,Valid,Jillmouth
#2629,04-Aug-2026,Anthony Parker,Email Available,anthony.parker256@icloud.com,Running Shoes - Women's,Footwear,FTW-RUN-W,1,$54.99,SAVE20,$11.00,$5.99,$49.98,Normal,Shopify Payments,POS,refunded,United Kingdom,,Not Required,North Kevinbury
#2630,04-Aug-2026,Jack Bryant,Email Available,jack.bryant173@gmail.com,Kids Building Blocks Set,Toys,TOY-BLK-SET,4,$27.99,,$0.00,$0.00,$111.96,Outlier,Shopify Payments,Facebook,fulfilled,Germany,,Not Required,New Andrea
#2631,04-Aug-2026,Jennifer Burke,Email Available,jennifer.burke472@icloud.com,Stainless Steel Water Bottle,Home & Kitchen,HK-BTL-750,1,$12.99,WELCOME10,$1.30,$5.99,$17.68,Normal,Google Pay,Online Store,cancelled,Pakistan,,Not Required,Heathtown
#2632,04-Aug-2026,Mary Phillips,Email Available,mary.phillips944@yahoo.com,Wireless Mouse,Electronics,ELC-MSE-WL,1,$11.99,SAVE20,$2.40,$4.99,$14.58,Normal,Apple Pay,Online Store,fulfilled,United States,Florida,Valid,New Melinda
#2633,04-Aug-2026,Brady Garcia,Email Available,brady.garcia57@yahoo.com,Wireless Bluetooth Earbuds,Electronics,ELC-WBE-01,2,$29.99,,$0.00,$5.99,$65.97,Normal,PayPal,Online Store,fulfilled,Australia,,Not Required,New Meghanhaven
#2634,04-Aug-2026,Heather Davis,Email Available,heather.davis117@icloud.com,Facial Cleanser 200ml,Beauty,BTY-CLN-200,1,$13.49,,$0.00,$5.99,$19.48,Normal,Apple Pay,Online Store,pending,Germany,,Not Required,East Gwendolynport
#2635,04-Aug-2026,Donald Davis,Email Available,donald.davis404@icloud.com,Hooded Sweatshirt,Apparel,APR-HOD-GRY,1,$34.99,,$0.00,$7.99,$42.98,Normal,Google Pay,Online Store,fulfilled,Canada,,Not Required,Port Ethan
#2636,04-Aug-2026,Michael Hays,Email Available,michael.hays590@gmail.com,Running Shoes - Men's,Footwear,FTW-RUN-M,1,$54.99,SAVE20,$11.00,$5.99,$49.98,Normal,Apple Pay,Instagram,fulfilled,United States,New York,Valid,Gutierrezville
#2637,04-Aug-2026,Lindsay Shaw,Email Available,lindsay.shaw178@icloud.com,Kids Building Blocks Set,Toys,TOY-BLK-SET,2,$27.99,FREESHIP,$0.00,$0.00,$55.98,Normal,Shopify Payments,Online Store,fulfilled,United Kingdom,,Not Required,North Brittanyville
#2638,04-Aug-2026,Daniel Parsons,Email Available,daniel.parsons636@gmail.com,Portable Power Bank 10000mAh,Electronics,ELC-PWB-10K,1,$21.99,,$0.00,$7.99,$29.98,Normal,Google Pay,Online Store,fulfilled,United States,California,Valid,South Bobberg
#2639,04-Aug-2026,Lauren Nguyen,Email Available,lauren.nguyen819@outlook.com,Throw Blanket - Fleece,Home & Kitchen,HK-BLK-FLC,2,$17.99,,$0.00,$4.99,$40.97,Normal,Credit Card,Online Store,cancelled,United Kingdom,,Not Required,Port Natalieport
#2640,04-Aug-2026,Lori Davis,Email Available,lori.davis757@yahoo.com,Backpack - 25L,Accessories,ACC-BPK-25L,1,$32.99,FREESHIP,$0.00,$0.00,$32.99,Normal,Google Pay,Online Store,fulfilled,Germany,,Not Required,East Faith
#2641,04-Aug-2026,John Carson,Email Available,john.carson203@yahoo.com,Polarized Sunglasses,Accessories,ACC-SUN-01,1,$16.99,FREESHIP,$0.00,$0.00,$16.99,Normal,PayPal,POS,cancelled,United States,New York,Valid,Port Heathertown
#2642,04-Aug-2026,Susan Stark,Email Available,susan.stark500@yahoo.com,Wireless Bluetooth Earbuds,Electronics,ELC-WBE-01,1,$29.99,,$0.00,$4.99,$34.98,Normal,Google Pay,Instagram,fulfilled,Australia,,Not Required,Marshberg
#2643,04-Aug-2026,Logan Fox,Email Available,logan.fox165@gmail.com,Scented Soy Candle - Vanilla,Home & Kitchen,HK-CND-VAN,2,$9.99,,$0.00,$5.99,$25.97,Normal,PayPal,Online Store,fulfilled,Australia,,Not Required,Smithmouth
#2644,04-Aug-2026,Tracy Dominguez,Email Available,tracy.dominguez23@gmail.com,Resistance Bands Set,Sports & Outdoors,SP-RBS-SET,3,$13.99,FREESHIP,$0.00,$0.00,$41.97,Normal,PayPal,Instagram,refunded,United States,Illinois,Valid,West Ashleyside
#2645,04-Aug-2026,David Knapp,Email Available,david.knapp687@yahoo.com,Classic Cotton T-Shirt,Apparel,TSH-BLK-L,1,$14.99,,$0.00,$4.99,$19.98,Normal,Shopify Payments,Instagram,pending,United States,Arizona,Valid,South Carlberg
#2646,04-Aug-2026,Sandra Potter,Email Available,sandra.potter166@yahoo.com,Slim Fit Denim Jeans,Apparel,JNS-BLU-32,1,$39.99,,$0.00,$7.99,$47.98,Normal,Shopify Payments,Facebook,fulfilled,United States,Illinois,Valid,South Juanview
#2647,04-Aug-2026,Jon Lambert,Email Available,jon.lambert231@icloud.com,Adjustable Dumbbell Set,Sports & Outdoors,SP-DMB-ADJ,1,$89.99,,$0.00,$0.00,$89.99,Outlier,Apple Pay,Online Store,cancelled,United States,Ohio,Valid,West Ianmouth
#2648,04-Aug-2026,Jesse Hammond,Email Available,jesse.hammond987@gmail.com,Wireless Mouse,Electronics,ELC-MSE-WL,1,$11.99,,$0.00,$4.99,$16.98,Normal,PayPal,Online Store,refunded,United States,Washington,Valid,Eugenefurt
#2649,04-Aug-2026,Kimberly Mitchell,Email Available,kimberly.mitchell299@gmail.com,Running Shoes - Men's,Footwear,FTW-RUN-M,1,$54.99,FREESHIP,$0.00,$0.00,$54.99,Normal,Apple Pay,Instagram,refunded,United States,New York,Valid,Garyton
#2650,04-Aug-2026,Lauren Howard,Email Available,lauren.howard163@icloud.com,Polarized Sunglasses,Accessories,ACC-SUN-01,2,$16.99,,$0.00,$7.99,$41.97,Normal,Apple Pay,Instagram,fulfilled,United States,California,Valid,Sullivanhaven
#2651,04-Aug-2026,Haley Glover,Email Available,haley.glover361@yahoo.com,Facial Cleanser 200ml,Beauty,BTY-CLN-200,2,$13.49,FREESHIP,$0.00,$0.00,$26.98,Normal,Shopify Payments,Online Store,fulfilled,Germany,,Not Required,Markside
#2652,04-Aug-2026,Tiffany Jones,Email Available,tiffany.jones564@outlook.com,Throw Blanket - Fleece,Home & Kitchen,HK-BLK-FLC,1,$17.99,,$0.00,$7.99,$25.98,Normal,PayPal,Online Store,refunded,Germany,,Not Required,South Juliafort
#2653,04-Aug-2026,Jacqueline Graham,Email Available,jacqueline.graham958@gmail.com,Wireless Bluetooth Earbuds,Electronics,ELC-WBE-01,1,$29.99,SAVE20,$6.00,$5.99,$29.98,Normal,PayPal,Facebook,refunded,Australia,,Not Required,Georgemouth
#2654,04-Aug-2026,Amy Thompson,Email Available,amy.thompson410@outlook.com,Non-Stick Frying Pan 10in,Home & Kitchen,HK-PAN-10,1,$24.99,BFCM25,$6.25,$5.99,$24.73,Normal,PayPal,POS,fulfilled,United States,Arizona,Valid,Aguilarmouth
#2655,04-Aug-2026,Seth Price,Email Available,seth.price179@gmail.com,Yoga Mat - Extra Thick,Sports & Outdoors,SP-YGM-EX,2,$22.99,VIP15,$6.90,$4.99,$44.07,Normal,PayPal,POS,fulfilled,United States,Canada,Valid,West Anthony
#2656,04-Aug-2026,Andrea Martinez,Email Available,andrea.martinez756@yahoo.com,Portable Power Bank 10000mAh,Electronics,ELC-PWB-10K,2,$21.99,BFCM25,$10.99,$7.99,$40.98,Normal,Apple Pay,Online Store,pending,Australia,,Not Required,Lake Brittneyton
#2657,04-Aug-2026,Erika Maxwell,Email Available,erika.maxwell281@gmail.com,Slim Fit Denim Jeans,Apparel,JNS-BLU-32,2,$39.99,FREESHIP,$0.00,$0.00,$79.98,Normal,Shopify Payments,Online Store,fulfilled,United States,Washington,Valid,Kristiberg
#2658,04-Aug-2026,Stacey Johnson,Missing Email,,Wireless Bluetooth Earbuds,Electronics,ELC-WBE-01,4,$29.99,,$0.00,$0.00,$119.96,Outlier,PayPal,Online Store,refunded,United States,Florida,Valid,North Daniel
#2659,04-Aug-2026,Nicole Taylor,Email Available,nicole.taylor607@icloud.com,Stainless Steel Water Bottle,Home & Kitchen,HK-BTL-750,1,$12.99,WELCOME10,$1.30,$5.99,$17.68,Normal,PayPal,Online Store,fulfilled,United States,Illinois,Valid,Matthewchester
#2660,04-Aug-2026,Autumn Stewart,Email Available,autumn.stewart565@outlook.com,Backpack - 25L,Accessories,ACC-BPK-25L,2,$32.99,,$0.00,$5.99,$71.97,Normal,Apple Pay,POS,pending,United Kingdom,,Not Required,Patriciaside
#2661,04-Aug-2026,Sarah Webb,Email Available,sarah.webb997@outlook.com,Scented Soy Candle - Vanilla,Home & Kitchen,HK-CND-VAN,1,$9.99,VIP15,$1.50,$4.99,$13.48,Normal,Apple Pay,POS,cancelled,Germany,,Not Required,Weaverborough
#2662,04-Aug-2026,Denise Phillips,Email Available,denise.phillips810@gmail.com,Resistance Bands Set,Sports & Outdoors,SP-RBS-SET,1,$13.99,SAVE20,$2.80,$4.99,$16.18,Normal,Shopify Payments,Facebook,refunded,United States,Florida,Valid,Perkinsville
#2663,04-Aug-2026,  Dustin Griffin,Email Available,dustin.griffin434@gmail.com,Non-Stick Frying Pan 10in,Home & Kitchen,HK-PAN-10,1,$24.99,BFCM25,$6.25,$7.99,$26.73,Normal,PayPal,Instagram,refunded,United States,North Carolina,Valid,Lauraburgh
#2664,04-Aug-2026,Tyler Williams,Missing Email,,Portable Power Bank 10000mAh,Electronics,ELC-PWB-10K,4,$21.99,,$0.00,$0.00,$87.96,Outlier,Shopify Payments,POS,fulfilled,Australia,,Not Required,Michelleland
#2665,04-Aug-2026,James Castro,Email Available,james.castro923@icloud.com,Adjustable Dumbbell Set,Sports & Outdoors,SP-DMB-ADJ,4,$89.99,,$0.00,$0.00,$359.96,Outlier,Apple Pay,Instagram,refunded,Pakistan,,Not Required,West Christopherberg
#2666,04-Aug-2026,Glenn Smith,Email Available,glenn.smith305@gmail.com,Resistance Bands Set,Sports & Outdoors,SP-RBS-SET,1,$13.99,,$0.00,$5.99,$19.98,Normal,Google Pay,Online Store,refunded,Canada,,Not Required,Port Jasminefort
#2667,04-Aug-2026,John Carson,Email Available,john.carson203@yahoo.com,Wireless Bluetooth Earbuds,Electronics,ELC-WBE-01,1,$29.99,BFCM25,$7.50,$7.99,$30.48,Normal,Shopify Payments,Online Store,fulfilled,United States,Texas,Valid,Gibbsbury
#2668,04-Aug-2026,Timothy Hodges,Email Available,timothy.hodges687@icloud.com,Kids Building Blocks Set,Toys,TOY-BLK-SET,2,$27.99,VIP15,$8.40,$5.99,$53.57,Normal,PayPal,POS,refunded,Australia,,Not Required,South Sabrinatown
#2669,04-Aug-2026,Peter Alvarez,Email Available,peter.alvarez465@yahoo.com,Scented Soy Candle - Vanilla,Home & Kitchen,HK-CND-VAN,1,$9.99,,$0.00,$5.99,$15.98,Normal,Credit Card,POS,fulfilled,United States,Washington,Valid,Lake Mark
#2670,04-Aug-2026,Donald Davis,Email Available,donald.davis404@icloud.com,Wireless Bluetooth Earbuds,Electronics,ELC-WBE-01,1,$29.99,FREESHIP,$0.00,$0.00,$29.99,Normal,PayPal,POS,fulfilled,Canada,,Not Required,New Franciscoshire
#2671,04-Aug-2026,Christy Phillips,Email Available,christy.phillips291@gmail.com,Hooded Sweatshirt,Apparel,APR-HOD-GRY,1,$34.99,,$0.00,$5.99,$40.98,Normal,Shopify Payments,POS,fulfilled,Pakistan,,Not Required,East David
#2672,04-Aug-2026,Tina Singh,Email Available,tina.singh98@icloud.com,Classic Cotton T-Shirt,Apparel,TSH-BLK-M,1,$14.99,FREESHIP,$0.00,$0.00,$14.99,Normal,Google Pay,Online Store,cancelled,United States,Florida,Valid,New Robertchester
#2673,04-Aug-2026,Catherine Vang,Email Available,catherine.vang600@yahoo.com,Scented Soy Candle - Vanilla,Home & Kitchen,HK-CND-VAN,1,$9.99,,$0.00,$4.99,$14.98,Normal,PayPal,POS,refunded,Australia,,Not Required,Port Eileen
#2674,04-Aug-2026,Kendra Price,Missing Email,,Running Shoes - Women's,Footwear,FTW-RUN-W,1,$54.99,,$0.00,$7.99,$62.98,Normal,Credit Card,Online Store,fulfilled,Germany,,Not Required,Jonathanville
#2675,04-Aug-2026,Russell Walton,Email Available,russell.walton605@icloud.com,Kids Building Blocks Set,Toys,TOY-BLK-SET,2,$27.99,FREESHIP,$0.00,$0.00,$55.98,Normal,Credit Card,Online Store,cancelled,United States,North Carolina,Valid,South Julie
#2676,04-Aug-2026,Samuel Padilla,Email Available,samuel.padilla79@gmail.com,Running Shoes - Men's,Footwear,FTW-RUN-M,2,$54.99,SAVE20,$22.00,$0.00,$87.98,Outlier,Credit Card,POS,fulfilled,United States,Washington,Valid,Luisbury
#2677,04-Aug-2026,DEREK RICHARDSON,Email Available,derek.richardson414@outlook.com,Portable Power Bank 10000mAh,Electronics,ELC-PWB-10K,1,$21.99,,$0.00,$4.99,$26.98,Normal,PayPal,Facebook,refunded,United Kingdom,,Not Required,South Raymond
#2678,04-Aug-2026,Christy Phillips,Email Available,christy.phillips291@gmail.com,Yoga Mat - Extra Thick,Sports & Outdoors,SP-YGM-EX,3,$22.99,FREESHIP,$0.00,$0.00,$68.97,Normal,Shopify Payments,Instagram,fulfilled,Pakistan,,Not Required,New Gordon
#2679,04-Aug-2026,Dustin Mccoy,Email Available,dustin.mccoy570@gmail.com,Phone Case - Clear,Electronics,ELC-CSE-CLR,2,$8.99,FREESHIP,$0.00,$0.00,$17.98,Normal,Credit Card,Instagram,fulfilled,Canada,,Not Required,West Ryanville
#2680,04-Aug-2026,james castro,Missing Email,,Classic Cotton T-Shirt,Apparel,TSH-BLK-L,2,$14.99,WELCOME10,$3.00,$7.99,$34.97,Normal,Apple Pay,Facebook,refunded,Pakistan,,Not Required,South Manuel
#2681,04-Aug-2026,Bradley Farmer,Email Available,bradley.farmer290@icloud.com,Running Shoes - Men's,Footwear,FTW-RUN-M,1,$54.99,,$0.00,$7.99,$62.98,Normal,PayPal,Instagram,fulfilled,United Kingdom,,Not Required,Kimberlyview
#2682,04-Aug-2026,Donald Davis,Email Available,donald.davis404@icloud.com,Wireless Bluetooth Earbuds,Electronics,ELC-WBE-01,1,$29.99,FREESHIP,$0.00,$0.00,$29.99,Normal,Credit Card,POS,fulfilled,Canada,,Not Required,Port Deborahchester
#2683,04-Aug-2026,Chad Smith,Email Available,chad.smith773@icloud.com,Running Shoes - Women's,Footwear,FTW-RUN-W,1,$54.99,,$0.00,$5.99,$60.98,Normal,Shopify Payments,Online Store,fulfilled,Pakistan,,Not Required,Michelleview
#2684,04-Aug-2026,  Linda Byrd,Email Available,linda.byrd87@outlook.com,Backpack - 25L,Accessories,ACC-BPK-25L,1,$32.99,WELCOME10,$3.30,$4.99,$34.68,Normal,Apple Pay,Facebook,fulfilled,United States,Illinois,Valid,Lake Christopherberg
#2685,04-Aug-2026,Kiara Burke,Email Available,kiara.burke246@yahoo.com,Throw Blanket - Fleece,Home & Kitchen,HK-BLK-FLC,1,$17.99,,$0.00,$5.99,$23.98,Normal,Apple Pay,POS,fulfilled,Germany,,Not Required,Lake Patriciaview
#2686,04-Aug-2026,erika maxwell,Email Available,erika.maxwell281@gmail.com,Running Shoes - Women's,Footwear,FTW-RUN-W,2,$54.99,FREESHIP,$0.00,$0.00,$109.98,Outlier,Google Pay,Facebook,fulfilled,United States,Arizona,Valid,Wilsonview
#2687,04-Aug-2026,Karen Bautista,Email Available,karen.bautista779@icloud.com,Vitamin C Serum 30ml,Beauty,BTY-SRM-30,1,$24.99,,$0.00,$5.99,$30.98,Normal,Apple Pay,Online Store,fulfilled,United States,Washington,Valid,Patrickmouth
#2688,04-Aug-2026,Chad Smith,Email Available,chad.smith773@icloud.com,Yoga Mat - Extra Thick,Sports & Outdoors,SP-YGM-EX,1,$22.99,,$0.00,$5.99,$28.98,Normal,Apple Pay,Online Store,fulfilled,Pakistan,,Not Required,Smithview
#2689,04-Aug-2026,Dustin Mccoy,Email Available,dustin.mccoy570@gmail.com,Classic Cotton T-Shirt,Apparel,TSH-BLK-M,1,$14.99,,$0.00,$4.99,$19.98,Normal,Shopify Payments,Facebook,fulfilled,Canada,,Not Required,Sarabury
#2690,04-Aug-2026,Stacy Webb,Email Available,stacy.webb586@yahoo.com,USB-C Fast Charger 20W,Electronics,ELC-CHG-20,1,$15.49,VIP15,$2.32,$7.99,$21.16,Normal,PayPal,Instagram,fulfilled,United States,North Carolina,Valid,Andrewton
#2691,04-Aug-2026,Brian Ruiz,Email Available,brian.ruiz246@gmail.com,Classic Cotton T-Shirt,Apparel,TSH-BLK-M,1,$14.99,WELCOME10,$1.50,$4.99,$18.48,Normal,Credit Card,Instagram,refunded,Germany,,Not Required,Veronicaborough
#2692,04-Aug-2026,Natalie Dixon,Email Available,natalie.dixon388@outlook.com,Vitamin C Serum 30ml,Beauty,BTY-SRM-30,1,$24.99,,$0.00,$7.99,$32.98,Normal,Google Pay,Facebook,pending,United States,Canada,Valid,New Sarahfurt
#2693,04-Aug-2026,Christy Phillips,Email Available,christy.phillips291@gmail.com,Non-Stick Frying Pan 10in,Home & Kitchen,HK-PAN-10,1,$24.99,WELCOME10,$2.50,$4.99,$27.48,Normal,Apple Pay,Facebook,fulfilled,Pakistan,,Not Required,Glennmouth
#2694,04-Aug-2026,Megan Herman,Email Available,megan.herman268@yahoo.com,Vitamin C Serum 30ml,Beauty,BTY-SRM-30,1,$24.99,VIP15,$3.75,$7.99,$29.23,Normal,Shopify Payments,Instagram,cancelled,United States,North Carolina,Valid,North Rogerberg
#2695,04-Aug-2026,Ian Morris,Email Available,ian.morris90@outlook.com,Scented Soy Candle - Vanilla,Home & Kitchen,HK-CND-VAN,1,$9.99,,$0.00,$7.99,$17.98,Normal,PayPal,Facebook,fulfilled,Pakistan,,Not Required,Alimouth
#2696,04-Aug-2026,Joshua Ayers,Email Available,joshua.ayers935@yahoo.com,USB-C Fast Charger 20W,Electronics,ELC-CHG-20,2,$15.49,VIP15,$4.65,$5.99,$32.32,Normal,Apple Pay,Online Store,fulfilled,Germany,,Not Required,New Brandon
#2697,04-Aug-2026,Patrick Richardson,Email Available,patrick.richardson270@icloud.com,Scented Soy Candle - Vanilla,Home & Kitchen,HK-CND-VAN,1,$9.99,,$0.00,$4.99,$14.98,Normal,PayPal,Instagram,cancelled,United States,Texas,Valid,West Melissa
#2698,04-Aug-2026,Marcus Sloan,Email Available,marcus.sloan49@icloud.com,Stainless Steel Water Bottle,Home & Kitchen,HK-BTL-750,2,$12.99,WELCOME10,$2.60,$5.99,$29.37,Normal,Apple Pay,Instagram,fulfilled,United States,Illinois,Valid,New Michael
#2699,04-Aug-2026,Pamela Miller,Email Available,pamela.miller171@icloud.com,Hooded Sweatshirt,Apparel,APR-HOD-GRY,4,$34.99,,$0.00,$0.00,$139.96,Outlier,Shopify Payments,POS,fulfilled,United States,North Carolina,Valid,New Madison
#2700,04-Aug-2026,Richard Zavala,Missing Email,,Yoga Mat - Extra Thick,Sports & Outdoors,SP-YGM-EX,1,$22.99,,$0.00,$5.99,$28.98,Normal,Shopify Payments,Online Store,fulfilled,Canada,,Not Required,Markbury
#2701,04-Aug-2026,John Carson,Email Available,john.carson203@yahoo.com,Hooded Sweatshirt,Apparel,APR-HOD-GRY,1,$34.99,FREESHIP,$0.00,$0.00,$34.99,Normal,Apple Pay,POS,fulfilled,United States,Washington,Valid,Kennethshire
#2702,04-Aug-2026,Shelly Griffith,Email Available,shelly.griffith342@icloud.com,Phone Case - Clear,Electronics,ELC-CSE-CLR,1,$8.99,SAVE20,$1.80,$5.99,$13.18,Normal,Credit Card,Facebook,fulfilled,Australia,,Not Required,North Karenchester
#2703,04-Aug-2026,Thomas Rojas,Email Available,thomas.rojas667@icloud.com,Yoga Mat - Extra Thick,Sports & Outdoors,SP-YGM-EX,2,$22.99,,$0.00,$5.99,$51.97,Normal,Credit Card,Online Store,fulfilled,United States,Texas,Valid,East Catherinechester
#2704,04-Aug-2026,Katie Coleman,Email Available,katie.coleman262@outlook.com,Classic Cotton T-Shirt,Apparel,TSH-BLK-M,1,$14.99,VIP15,$2.25,$5.99,$18.73,Normal,Google Pay,Online Store,fulfilled,Canada,,Not Required,East Annaville
#2705,04-Aug-2026,Ronald Stanley,Email Available,ronald.stanley7@yahoo.com,Running Shoes - Women's,Footwear,FTW-RUN-W,1,$54.99,SAVE20,$11.00,$4.99,$48.98,Normal,Shopify Payments,Online Store,fulfilled,United States,Ohio,Valid,Castillostad
#2706,04-Aug-2026,Kayla Morris,Email Available,kayla.morris339@outlook.com,Kids Building Blocks Set,Toys,TOY-BLK-SET,1,$27.99,,$0.00,$4.99,$32.98,Normal,Shopify Payments,Online Store,fulfilled,Canada,,Not Required,Matthewfurt
#2707,04-Aug-2026,Lauren Williams,Email Available,lauren.williams316@icloud.com,Facial Cleanser 200ml,Beauty,BTY-CLN-200,1,$13.49,SAVE20,$2.70,$7.99,$18.78,Normal,Google Pay,POS,cancelled,United States,Illinois,Valid,Amandachester
#2708,04-Aug-2026,Donald Davis,Email Available,donald.davis404@icloud.com,Wireless Mouse,Electronics,ELC-MSE-WL,1,$11.99,,$0.00,$4.99,$16.98,Normal,Google Pay,Online Store,cancelled,Canada,,Not Required,Watershaven
#2709,04-Aug-2026,Christy Phillips,Email Available,christy.phillips291@gmail.com,Portable Power Bank 10000mAh,Electronics,ELC-PWB-10K,1,$21.99,WELCOME10,$2.20,$5.99,$25.78,Normal,Credit Card,Online Store,fulfilled,Pakistan,,Not Required,Port Sherry
#2710,04-Aug-2026,Sharon Brown,Email Available,sharon.brown14@gmail.com,Ceramic Coffee Mug Set (4pc),Home & Kitchen,HK-MUG-4PK,1,$18.99,,$0.00,$4.99,$23.98,Normal,Apple Pay,Online Store,fulfilled,United States,Georgia,Valid,West Nicholastown
#2711,04-Aug-2026,Sean Frank,Email Available,sean.frank587@icloud.com,Ceramic Coffee Mug Set (4pc),Home & Kitchen,HK-MUG-4PK,3,$18.99,,$0.00,$7.99,$64.96,Normal,Google Pay,Instagram,pending,Australia,,Not Required,North Andrewmouth
#2712,04-Aug-2026,Anthony Krueger,Email Available,anthony.krueger812@yahoo.com,Phone Case - Clear,Electronics,ELC-CSE-CLR,1,$8.99,SAVE20,$1.80,$4.99,$12.18,Normal,Shopify Payments,Online Store,refunded,Pakistan,,Not Required,East Christine
#2713,04-Aug-2026,Amanda Robinson,Email Available,amanda.robinson263@icloud.com,Non-Stick Frying Pan 10in,Home & Kitchen,HK-PAN-10,1,$24.99,,$0.00,$7.99,$32.98,Normal,Google Pay,Facebook,pending,United States,Georgia,Valid,Carmenland
#2714,04-Aug-2026,Dustin Mccoy,Email Available,dustin.mccoy570@gmail.com,Slim Fit Denim Jeans,Apparel,JNS-BLU-32,2,$39.99,BFCM25,$20.00,$0.00,$59.98,Normal,Shopify Payments,Instagram,cancelled,Canada,,Not Required,South Edwardtown
#2715,04-Aug-2026,Sara Sims,Email Available,sara.sims992@icloud.com,Backpack - 25L,Accessories,ACC-BPK-25L,1,$32.99,VIP15,$4.95,$7.99,$36.03,Normal,Credit Card,Online Store,fulfilled,Germany,,Not Required,Adamston
#2716,04-Aug-2026,Natalie Dixon,Email Available,natalie.dixon388@outlook.com,USB-C Fast Charger 20W,Electronics,ELC-CHG-20,1,$15.49,,$0.00,$7.99,$23.48,Normal,Google Pay,POS,fulfilled,United States,New York,Valid,North Kari
#2717,04-Aug-2026,David Duke,Email Available,david.duke814@icloud.com,Classic Cotton T-Shirt,Apparel,TSH-BLK-L,1,$14.99,,$0.00,$5.99,$20.98,Normal,Credit Card,Facebook,cancelled,United States,California,Valid,Milesberg
#2718,04-Aug-2026,Margaret Conley,Email Available,margaret.conley327@icloud.com,Leather Wallet - Brown,Accessories,ACC-WLT-BRN,1,$19.99,VIP15,$3.00,$4.99,$21.98,Normal,PayPal,POS,fulfilled,Australia,,Not Required,North Patricialand
#2719,04-Aug-2026,Tyler Williams,Missing Email,,Facial Cleanser 200ml,Beauty,BTY-CLN-200,1,$13.49,,$0.00,$5.99,$19.48,Normal,Google Pay,Facebook,fulfilled,Australia,,Not Required,Burnshaven
#2720,04-Aug-2026,Johnathan Sloan,Email Available,johnathan.sloan721@outlook.com,Backpack - 25L,Accessories,ACC-BPK-25L,3,$32.99,,$0.00,$0.00,$98.97,Outlier,Google Pay,Online Store,fulfilled,Pakistan,,Not Required,Christopherburgh
#2721,04-Aug-2026,Kimberly Cordova,Email Available,kimberly.cordova508@icloud.com,Classic Cotton T-Shirt,Apparel,TSH-BLK-M,1,$14.99,SAVE20,$3.00,$4.99,$16.98,Normal,Credit Card,Online Store,pending,Pakistan,,Not Required,Hendersonview
#2722,04-Aug-2026,Daniel Contreras,Email Available,daniel.contreras749@yahoo.com,Facial Cleanser 200ml,Beauty,BTY-CLN-200,2,$13.49,SAVE20,$5.40,$7.99,$29.57,Normal,Google Pay,POS,fulfilled,Australia,,Not Required,Petersonhaven
#2723,04-Aug-2026,Laura Johnson,Email Available,laura.johnson708@outlook.com,Classic Cotton T-Shirt,Apparel,TSH-BLK-L,1,$14.99,VIP15,$2.25,$7.99,$20.73,Normal,Shopify Payments,POS,refunded,Australia,,Not Required,Jessicatown
#2724,04-Aug-2026,Amanda Harris,Email Available,amanda.harris197@gmail.com,Polarized Sunglasses,Accessories,ACC-SUN-01,1,$16.99,,$0.00,$7.99,$24.98,Normal,Apple Pay,POS,fulfilled,United States,California,Valid,New Hectormouth
#2725,04-Aug-2026,Jennifer Lee,Email Available,jennifer.lee321@icloud.com,Backpack - 25L,Accessories,ACC-BPK-25L,1,$32.99,,$0.00,$5.99,$38.98,Normal,Apple Pay,Online Store,pending,United Kingdom,,Not Required,Garciamouth
#2726,04-Aug-2026,  Sandra Potter,Email Available,sandra.potter166@yahoo.com,Classic Cotton T-Shirt,Apparel,TSH-BLK-M,1,$14.99,FREESHIP,$0.00,$0.00,$14.99,Normal,Apple Pay,Online Store,fulfilled,United States,Georgia,Valid,Reeseport
#2727,04-Aug-2026,Laura Pruitt,Email Available,laura.pruitt212@yahoo.com,Ceramic Coffee Mug Set (4pc),Home & Kitchen,HK-MUG-4PK,1,$18.99,WELCOME10,$1.90,$5.99,$23.08,Normal,Google Pay,Facebook,fulfilled,United States,Georgia,Valid,East Joseview
#2728,04-Aug-2026,Cody Murray,Email Available,cody.murray456@gmail.com,Leather Wallet - Brown,Accessories,ACC-WLT-BRN,1,$19.99,,$0.00,$7.99,$27.98,Normal,Credit Card,Facebook,cancelled,United Kingdom,,Not Required,Darrylfort
#2729,04-Aug-2026,Amy Barnett,Email Available,amy.barnett396@icloud.com,Classic Cotton T-Shirt,Apparel,TSH-BLK-L,1,$14.99,BFCM25,$3.75,$7.99,$19.23,Normal,Apple Pay,Online Store,fulfilled,Pakistan,,Not Required,New Deanna
#2730,04-Aug-2026,Kathryn Robinson,Email Available,kathryn.robinson965@gmail.com,Portable Power Bank 10000mAh,Electronics,ELC-PWB-10K,1,$21.99,,$0.00,$4.99,$26.98,Normal,Google Pay,Online Store,cancelled,United Kingdom,,Not Required,Melaniehaven
#2731,04-Aug-2026,Elizabeth Johnston,Email Available,elizabeth.johnston946@gmail.com,Running Shoes - Men's,Footwear,FTW-RUN-M,1,$54.99,BFCM25,$13.75,$4.99,$46.23,Normal,Apple Pay,Facebook,fulfilled,United Kingdom,,Not Required,Batesborough
#2732,04-Aug-2026,Jack Bryant,Email Available,jack.bryant173@gmail.com,Yoga Mat - Extra Thick,Sports & Outdoors,SP-YGM-EX,1,$22.99,WELCOME10,$2.30,$7.99,$28.68,Normal,Google Pay,POS,refunded,Germany,,Not Required,Jacksonfurt
#2733,04-Aug-2026,Angela Martin,Missing Email,,Polarized Sunglasses,Accessories,ACC-SUN-01,1,$16.99,BFCM25,$4.25,$5.99,$18.73,Normal,PayPal,Online Store,refunded,Canada,,Not Required,Garciaville
#2734,04-Aug-2026,Kayla Cruz,Email Available,kayla.cruz151@outlook.com,Facial Cleanser 200ml,Beauty,BTY-CLN-200,1,$13.49,,$0.00,$4.99,$18.48,Normal,PayPal,Instagram,fulfilled,Pakistan,,Not Required,Timothyshire
#2735,04-Aug-2026,Sandra Wilson,Email Available,sandra.wilson554@outlook.com,Resistance Bands Set,Sports & Outdoors,SP-RBS-SET,1,$13.99,,$0.00,$4.99,$18.98,Normal,Apple Pay,Online Store,fulfilled,Canada,,Not Required,North Deborah
#2736,04-Aug-2026,Alan Davis,Email Available,alan.davis483@icloud.com,Wireless Mouse,Electronics,ELC-MSE-WL,4,$11.99,,$0.00,$5.99,$53.95,Normal,Shopify Payments,Instagram,cancelled,Canada,,Not Required,Henryside
#2737,04-Aug-2026,Rose English,Email Available,rose.english118@icloud.com,Wireless Bluetooth Earbuds,Electronics,ELC-WBE-01,1,$29.99,,$0.00,$5.99,$35.98,Normal,Apple Pay,POS,fulfilled,Germany,,Not Required,East Courtneystad
#2738,04-Aug-2026,Melanie Kennedy,Email Available,melanie.kennedy658@yahoo.com,Classic Cotton T-Shirt,Apparel,TSH-BLK-M,2,$14.99,SAVE20,$6.00,$4.99,$28.97,Normal,PayPal,Facebook,fulfilled,United States,Arizona,Valid,East Michael
#2739,04-Aug-2026,Johnathan Sloan,Email Available,johnathan.sloan721@outlook.com,Classic Cotton T-Shirt,Apparel,TSH-BLK-L,1,$14.99,,$0.00,$7.99,$22.98,Normal,Apple Pay,POS,fulfilled,Pakistan,,Not Required,Lake Vincentburgh
#2740,04-Aug-2026,Peter Alvarez,Email Available,peter.alvarez465@yahoo.com,Resistance Bands Set,Sports & Outdoors,SP-RBS-SET,1,$13.99,,$0.00,$7.99,$21.98,Normal,Apple Pay,Instagram,fulfilled,United States,Texas,Valid,North Christopher
#2741,04-Aug-2026,Alan Davis,Missing Email,,Hooded Sweatshirt,Apparel,APR-HOD-GRY,1,$34.99,,$0.00,$7.99,$42.98,Normal,Google Pay,Online Store,fulfilled,Canada,,Not Required,North Samanthaland
#2742,04-Aug-2026,Ian Morris,Email Available,ian.morris90@outlook.com,Running Shoes - Men's,Footwear,FTW-RUN-M,1,$54.99,,$0.00,$5.99,$60.98,Normal,Shopify Payments,Online Store,fulfilled,Pakistan,,Not Required,Pamfurt
#2743,04-Aug-2026,Michael Hays,Email Available,michael.hays590@gmail.com,Classic Cotton T-Shirt,Apparel,TSH-BLK-M,2,$14.99,,$0.00,$4.99,$34.97,Normal,Shopify Payments,Online Store,fulfilled,United States,New York,Valid,North Heidi
#2744,04-Aug-2026,Jennifer Burke,Email Available,jennifer.burke472@icloud.com,Non-Stick Frying Pan 10in,Home & Kitchen,HK-PAN-10,2,$24.99,,$0.00,$5.99,$55.97,Normal,PayPal,Online Store,pending,Pakistan,,Not Required,Fosterview
#2745,04-Aug-2026,Christopher Harrington,Email Available,christopher.harrington960@gmail.com,Resistance Bands Set,Sports & Outdoors,SP-RBS-SET,2,$13.99,BFCM25,$7.00,$4.99,$25.97,Normal,Google Pay,Online Store,fulfilled,Australia,,Not Required,Madisonfort
#2746,04-Aug-2026,Kathryn Robinson,Email Available,kathryn.robinson965@gmail.com,Classic Cotton T-Shirt,Apparel,TSH-BLK-M,2,$14.99,,$0.00,$5.99,$35.97,Normal,Google Pay,Instagram,fulfilled,United Kingdom,,Not Required,East Derekhaven
#2747,04-Aug-2026,MICHELLE BELL,Email Available,michelle.bell28@yahoo.com,Vitamin C Serum 30ml,Beauty,BTY-SRM-30,1,$24.99,BFCM25,$6.25,$4.99,$23.73,Normal,Credit Card,Facebook,refunded,United States,Georgia,Valid,Krystaltown
#2748,04-Aug-2026,Kenneth Davis,Email Available,kenneth.davis106@yahoo.com,Hooded Sweatshirt,Apparel,APR-HOD-GRY,1,$34.99,SAVE20,$7.00,$4.99,$32.98,Normal,Apple Pay,Facebook,cancelled,United States,Texas,Valid,Port Jason
#2749,04-Aug-2026,Thomas Rojas,Email Available,thomas.rojas667@icloud.com,Phone Case - Clear,Electronics,ELC-CSE-CLR,1,$8.99,BFCM25,$2.25,$5.99,$12.73,Normal,Google Pay,Online Store,fulfilled,United States,Ohio,Valid,Mortonview
#2750,04-Aug-2026,Mary Garcia,Email Available,mary.garcia899@icloud.com,Polarized Sunglasses,Accessories,ACC-SUN-01,4,$16.99,BFCM25,$16.99,$7.99,$58.96,Normal,Shopify Payments,Instagram,fulfilled,Canada,,Not Required,Danielsfurt
#2751,04-Aug-2026,Amanda Harris,Email Available,amanda.harris197@gmail.com,Vitamin C Serum 30ml,Beauty,BTY-SRM-30,1,$24.99,,$0.00,$4.99,$29.98,Normal,Credit Card,Facebook,fulfilled,United States,Arizona,Valid,West Melissafurt
#2752,04-Aug-2026,Christopher Hayes,Email Available,christopher.hayes809@icloud.com,Wireless Mouse,Electronics,ELC-MSE-WL,2,$11.99,,$0.00,$5.99,$29.97,Normal,Credit Card,Online Store,fulfilled,United States,Texas,Valid,Williamfort
#2753,04-Aug-2026,Sean Frank,Email Available,sean.frank587@icloud.com,Vitamin C Serum 30ml,Beauty,BTY-SRM-30,2,$24.99,SAVE20,$10.00,$4.99,$44.97,Normal,Apple Pay,Facebook,refunded,Australia,,Not Required,East Deniseburgh
#2754,04-Aug-2026,jaime vargas,Email Available,jaime.vargas795@outlook.com,Facial Cleanser 200ml,Beauty,BTY-CLN-200,1,$13.49,BFCM25,$3.37,$4.99,$15.11,Normal,Shopify Payments,Online Store,pending,United Kingdom,,Not Required,Cruzport
#2755,04-Aug-2026,"Rojas, Thomas",Email Available,thomas.rojas667@icloud.com,Yoga Mat - Extra Thick,Sports & Outdoors,SP-YGM-EX,2,$22.99,BFCM25,$11.49,$7.99,$42.48,Normal,Apple Pay,Instagram,fulfilled,United States,Texas,Valid,Rodriguezport
#2756,04-Aug-2026,Aimee Smith,Email Available,aimee.smith857@icloud.com,Classic Cotton T-Shirt,Apparel,TSH-BLK-L,1,$14.99,,$0.00,$5.99,$20.98,Normal,Credit Card,Online Store,fulfilled,United Kingdom,,Not Required,Port John
#2757,04-Aug-2026,  Amy West,Email Available,amy.west811@icloud.com,Running Shoes - Men's,Footwear,FTW-RUN-M,2,$54.99,,$0.00,$0.00,$109.98,Outlier,Shopify Payments,Online Store,fulfilled,Australia,,Not Required,Cunninghamland
#2758,04-Aug-2026,Elizabeth Johnston,Email Available,elizabeth.johnston946@gmail.com,Resistance Bands Set,Sports & Outdoors,SP-RBS-SET,1,$13.99,,$0.00,$5.99,$19.98,Normal,Google Pay,Facebook,fulfilled,United Kingdom,,Not Required,Gibbsfurt
#2759,04-Aug-2026,Frank Diaz,Email Available,frank.diaz795@gmail.com,Wireless Mouse,Electronics,ELC-MSE-WL,1,$11.99,FREESHIP,$0.00,$0.00,$11.99,Normal,Apple Pay,Facebook,cancelled,United States,Illinois,Valid,Davidville
#2760,04-Aug-2026,JACQUELINE RICHMOND,Email Available,jacqueline.richmond595@outlook.com,Non-Stick Frying Pan 10in,Home & Kitchen,HK-PAN-10,1,$24.99,,$0.00,$4.99,$29.98,Normal,Apple Pay,POS,fulfilled,United States,Texas,Valid,West Annaport
#2761,04-Aug-2026,Victoria Wilson,Email Available,victoria.wilson114@gmail.com,Resistance Bands Set,Sports & Outdoors,SP-RBS-SET,2,$13.99,BFCM25,$7.00,$7.99,$28.97,Normal,Shopify Payments,POS,pending,Canada,,Not Required,East Sarahstad
#2762,04-Aug-2026,Alan Davis,Email Available,alan.davis483@icloud.com,Kids Building Blocks Set,Toys,TOY-BLK-SET,1,$27.99,BFCM25,$7.00,$7.99,$28.98,Normal,Credit Card,Instagram,pending,Canada,,Not Required,South Brianport
#2763,04-Aug-2026,"Duncan, Ruth",Email Available,ruth.duncan434@icloud.com,Non-Stick Frying Pan 10in,Home & Kitchen,HK-PAN-10,2,$24.99,,$0.00,$4.99,$54.97,Normal,Credit Card,Facebook,cancelled,Australia,,Not Required,New Frances
#2764,04-Aug-2026,Shelly Griffith,Email Available,shelly.griffith342@icloud.com,Leather Wallet - Brown,Accessories,ACC-WLT-BRN,1,$19.99,WELCOME10,$2.00,$5.99,$23.98,Normal,Google Pay,Instagram,fulfilled,Australia,,Not Required,Calhountown
#2765,04-Aug-2026,Thomas Rojas,Email Available,thomas.rojas667@icloud.com,Classic Cotton T-Shirt,Apparel,TSH-BLK-M,1,$14.99,SAVE20,$3.00,$4.99,$16.98,Normal,Apple Pay,Online Store,fulfilled,United States,Ohio,Valid,West Ashley
#2766,04-Aug-2026,Donald Davis,Email Available,donald.davis404@icloud.com,Leather Wallet - Brown,Accessories,ACC-WLT-BRN,1,$19.99,,$0.00,$4.99,$24.98,Normal,Credit Card,Facebook,cancelled,Canada,,Not Required,West Gabrielside
#2767,04-Aug-2026,Vincent Rosales,Email Available,vincent.rosales30@icloud.com,USB-C Fast Charger 20W,Electronics,ELC-CHG-20,2,$15.49,,$0.00,$7.99,$38.97,Normal,PayPal,Online Store,fulfilled,United States,Ohio,Valid,East Beth
#2768,04-Aug-2026,George Green,Email Available,george.green694@icloud.com,Classic Cotton T-Shirt,Apparel,TSH-BLK-M,2,$14.99,,$0.00,$5.99,$35.97,Normal,PayPal,Instagram,refunded,United States,Texas,Valid,North Heatherberg
#2769,04-Aug-2026,Christopher Martin,Email Available,christopher.martin10@gmail.com,Polarized Sunglasses,Accessories,ACC-SUN-01,1,$16.99,,$0.00,$7.99,$24.98,Normal,Credit Card,POS,fulfilled,United States,Arizona,Valid,Ramosberg
#2770,04-Aug-2026,Elizabeth Carter,Email Available,elizabeth.carter304@icloud.com,Polarized Sunglasses,Accessories,ACC-SUN-01,1,$16.99,,$0.00,$5.99,$22.98,Normal,PayPal,Facebook,fulfilled,Canada,,Not Required,West Lynn
#2771,04-Aug-2026,Kenneth Davis,Email Available,kenneth.davis106@yahoo.com,Resistance Bands Set,Sports & Outdoors,SP-RBS-SET,1,$13.99,,$0.00,$5.99,$19.98,Normal,Google Pay,POS,fulfilled,United States,Georgia,Valid,Roseton
#2772,04-Aug-2026,Mary Garcia,Email Available,mary.garcia899@icloud.com,Resistance Bands Set,Sports & Outdoors,SP-RBS-SET,2,$13.99,VIP15,$4.20,$4.99,$28.77,Normal,Shopify Payments,Online Store,fulfilled,Canada,,Not Required,West Sarahchester
#2773,04-Aug-2026,Zachary Hanson,Missing Email,,Polarized Sunglasses,Accessories,ACC-SUN-01,1,$16.99,BFCM25,$4.25,$4.99,$17.73,Normal,Credit Card,Facebook,pending,United States,Georgia,Valid,Gregoryland
#2774,04-Aug-2026,Nicholas Jarvis,Email Available,nicholas.jarvis112@icloud.com,Ceramic Coffee Mug Set (4pc),Home & Kitchen,HK-MUG-4PK,1,$18.99,BFCM25,$4.75,$7.99,$22.23,Normal,Credit Card,Online Store,refunded,Canada,,Not Required,Lake Kyleborough
#2775,04-Aug-2026,Charles Franco,Email Available,charles.franco761@outlook.com,Running Shoes - Men's,Footwear,FTW-RUN-M,2,$54.99,VIP15,$16.50,$0.00,$93.48,Outlier,Apple Pay,Facebook,fulfilled,United States,Georgia,Valid,Jacobton
#2776,04-Aug-2026,Jacob Gibbs,Email Available,jacob.gibbs527@gmail.com,Vitamin C Serum 30ml,Beauty,BTY-SRM-30,1,$24.99,,$0.00,$7.99,$32.98,Normal,Credit Card,Instagram,fulfilled,United States,Arizona,Valid,Lake Frankton
#2777,04-Aug-2026,Darin Alvarez,Email Available,darin.alvarez843@gmail.com,Wireless Mouse,Electronics,ELC-MSE-WL,1,$11.99,,$0.00,$7.99,$19.98,Normal,Credit Card,POS,fulfilled,Canada,,Not Required,West Jamesfort
#2778,04-Aug-2026,Stephanie Mcgee,Email Available,stephanie.mcgee557@outlook.com,Ceramic Coffee Mug Set (4pc),Home & Kitchen,HK-MUG-4PK,1,$18.99,WELCOME10,$1.90,$4.99,$22.08,Normal,Shopify Payments,Online Store,refunded,Australia,,Not Required,Flynnport
#2779,04-Aug-2026,Anthony Krueger,Email Available,anthony.krueger812@yahoo.com,Stainless Steel Water Bottle,Home & Kitchen,HK-BTL-750,1,$12.99,VIP15,$1.95,$5.99,$17.03,Normal,Google Pay,Facebook,refunded,Pakistan,,Not Required,Hughesmouth
#2780,04-Aug-2026,Ian Morris,Email Available,ian.morris90@outlook.com,Leather Wallet - Brown,Accessories,ACC-WLT-BRN,1,$19.99,VIP15,$3.00,$7.99,$24.98,Normal,Credit Card,Online Store,refunded,Pakistan,,Not Required,North Matthewfurt
#2781,04-Aug-2026,,Email Available,sean.frank587@icloud.com,USB-C Fast Charger 20W,Electronics,ELC-CHG-20,1,$15.49,,$0.00,$5.99,$21.48,Normal,Shopify Payments,Online Store,fulfilled,Australia,,Not Required,Terryport
#2782,04-Aug-2026,ALAN DAVIS,Email Available,alan.davis483@icloud.com,Adjustable Dumbbell Set,Sports & Outdoors,SP-DMB-ADJ,2,$89.99,,$0.00,$0.00,$179.98,Outlier,Credit Card,Online Store,refunded,Canada,,Not Required,Bergton
#2783,04-Aug-2026,Amanda Robinson,Email Available,amanda.robinson263@icloud.com,Running Shoes - Women's,Footwear,FTW-RUN-W,1,$54.99,,$0.00,$5.99,$60.98,Normal,Apple Pay,Online Store,fulfilled,United States,Washington,Valid,New Cindy
#2784,04-Aug-2026,James Miller,Email Available,james.miller866@yahoo.com,Vitamin C Serum 30ml,Beauty,BTY-SRM-30,1,$24.99,,$0.00,$5.99,$30.98,Normal,Apple Pay,Instagram,cancelled,Pakistan,,Not Required,West Anthonymouth
#2785,04-Aug-2026,Lisa Zuniga,Email Available,lisa.zuniga825@outlook.com,Slim Fit Denim Jeans,Apparel,JNS-BLU-32,1,$39.99,,$0.00,$5.99,$45.98,Normal,Credit Card,Facebook,fulfilled,Germany,,Not Required,Marcmouth
#2786,04-Aug-2026,Vincent Rosales,Missing Email,,Non-Stick Frying Pan 10in,Home & Kitchen,HK-PAN-10,1,$24.99,FREESHIP,$0.00,$0.00,$24.99,Normal,Apple Pay,Instagram,cancelled,United States,Illinois,Valid,North Teresa
#2787,04-Aug-2026,Christopher Harrington,Email Available,christopher.harrington960@gmail.com,Polarized Sunglasses,Accessories,ACC-SUN-01,1,$16.99,BFCM25,$4.25,$7.99,$20.73,Normal,Google Pay,POS,fulfilled,Australia,,Not Required,South Stacie
#2788,04-Aug-2026,Charles Franco,Email Available,charles.franco761@outlook.com,Resistance Bands Set,Sports & Outdoors,SP-RBS-SET,1,$13.99,SAVE20,$2.80,$4.99,$16.18,Normal,PayPal,Online Store,fulfilled,United States,Florida,Valid,West Dawn
#2789,04-Aug-2026,Jesus Mason,Email Available,jesus.mason798@icloud.com,Wireless Mouse,Electronics,ELC-MSE-WL,1,$11.99,BFCM25,$3.00,$5.99,$14.98,Normal,PayPal,Facebook,fulfilled,United States,Ohio,Valid,Olsonberg
#2790,04-Aug-2026,Nancy Nichols,Email Available,nancy.nichols189@yahoo.com,Polarized Sunglasses,Accessories,ACC-SUN-01,1,$16.99,SAVE20,$3.40,$7.99,$21.58,Normal,Apple Pay,Facebook,cancelled,United States,North Carolina,Valid,Thompsonton
#2791,04-Aug-2026,Robert Ramsey,Email Available,robert.ramsey440@outlook.com,Wireless Bluetooth Earbuds,Electronics,ELC-WBE-01,1,$29.99,,$0.00,$4.99,$34.98,Normal,Apple Pay,Instagram,fulfilled,Canada,,Not Required,Rosemouth
#2792,04-Aug-2026,Donald Davis,Email Available,donald.davis404@icloud.com,Classic Cotton T-Shirt,Apparel,TSH-BLK-M,1,$14.99,BFCM25,$3.75,$7.99,$19.23,Normal,Shopify Payments,POS,pending,Canada,,Not Required,West Marcus
#2793,04-Aug-2026,Jesus Mason,Email Available,jesus.mason798@icloud.com,Non-Stick Frying Pan 10in,Home & Kitchen,HK-PAN-10,1,$24.99,BFCM25,$6.25,$7.99,$26.73,Normal,Google Pay,Instagram,pending,United States,Georgia,Valid,South Danielshire
#2794,04-Aug-2026,Sandra Potter,Email Available,sandra.potter166@yahoo.com,Wireless Bluetooth Earbuds,Electronics,ELC-WBE-01,2,$29.99,FREESHIP,$0.00,$0.00,$59.98,Normal,Apple Pay,Online Store,pending,United States,California,Valid,Andradeburgh
#2795,04-Aug-2026,Jose Ingram,Missing Email,,Scented Soy Candle - Vanilla,Home & Kitchen,HK-CND-VAN,1,$9.99,WELCOME10,$1.00,$5.99,$14.98,Normal,Google Pay,Facebook,pending,United States,Texas,Valid,Port Caitlin
#2796,04-Aug-2026,Christopher Osborne,Email Available,christopher.osborne481@yahoo.com,Hooded Sweatshirt,Apparel,APR-HOD-GRY,1,$34.99,,$0.00,$5.99,$40.98,Normal,Credit Card,Online Store,fulfilled,United States,North Carolina,Valid,Ricardomouth
#2797,04-Aug-2026,Zachary Hanson,Email Available,zachary.hanson261@outlook.com,Adjustable Dumbbell Set,Sports & Outdoors,SP-DMB-ADJ,1,$89.99,WELCOME10,$9.00,$0.00,$80.99,Normal,Credit Card,Instagram,refunded,United States,Georgia,Valid,Mcintoshbury
#2798,04-Aug-2026,Daniel Hill,Email Available,daniel.hill472@outlook.com,Adjustable Dumbbell Set,Sports & Outdoors,SP-DMB-ADJ,1,$89.99,,$0.00,$0.00,$89.99,Outlier,Google Pay,Online Store,refunded,Australia,,Not Required,West Daniel
#2799,04-Aug-2026,Trevor Carter,Email Available,trevor.carter617@icloud.com,Adjustable Dumbbell Set,Sports & Outdoors,SP-DMB-ADJ,1,$89.99,BFCM25,$22.50,$0.00,$67.49,Normal,Google Pay,Online Store,pending,United States,Georgia,Valid,Port Jamie
#2800,04-Aug-2026,Janet Martinez,Email Available,janet.martinez20@yahoo.com,Backpack - 25L,Accessories,ACC-BPK-25L,1,$32.99,,$0.00,$5.99,$38.98,Normal,Credit Card,Instagram,refunded,United States,North Carolina,Valid,Martinezmouth
#2801,04-Aug-2026,Joshua Ayers,Email Available,joshua.ayers935@yahoo.com,Yoga Mat - Extra Thick,Sports & Outdoors,SP-YGM-EX,2,$22.99,,$0.00,$7.99,$53.97,Normal,Shopify Payments,Online Store,refunded,Germany,,Not Required,Lake Scottmouth
#2802,04-Aug-2026,Amanda Rodriguez,Email Available,amanda.rodriguez770@yahoo.com,Phone Case - Clear,Electronics,ELC-CSE-CLR,1,$8.99,VIP15,$1.35,$7.99,$15.63,Normal,PayPal,Facebook,cancelled,United States,North Carolina,Valid,Johnsontown
#2803,04-Aug-2026,Christopher Osborne,Email Available,christopher.osborne481@yahoo.com,Yoga Mat - Extra Thick,Sports & Outdoors,SP-YGM-EX,1,$22.99,FREESHIP,$0.00,$0.00,$22.99,Normal,Apple Pay,Facebook,fulfilled,United States,Georgia,Valid,West Keith
#2804,04-Aug-2026,Jamie Brown,Email Available,jamie.brown582@icloud.com,Wireless Bluetooth Earbuds,Electronics,ELC-WBE-01,2,$29.99,SAVE20,$12.00,$5.99,$53.97,Normal,PayPal,Facebook,fulfilled,United States,Canada,Valid,Rileystad
#2805,04-Aug-2026,Erika Maxwell,Email Available,erika.maxwell281@gmail.com,Yoga Mat - Extra Thick,Sports & Outdoors,SP-YGM-EX,1,$22.99,,$0.00,$4.99,$27.98,Normal,PayPal,POS,refunded,United States,Texas,Valid,North Mark
#2806,04-Aug-2026,Michael Hays,Email Available,michael.hays590@gmail.com,Phone Case - Clear,Electronics,ELC-CSE-CLR,1,$8.99,VIP15,$1.35,$7.99,$15.63,Normal,Shopify Payments,POS,fulfilled,United States,Florida,Valid,Bennettside
#2807,04-Aug-2026,Patricia Thompson,Email Available,patricia.thompson164@icloud.com,Slim Fit Denim Jeans,Apparel,JNS-BLU-32,1,$39.99,,$0.00,$4.99,$44.98,Normal,PayPal,POS,fulfilled,United States,Texas,Valid,New Loriport
#2808,04-Aug-2026,Carly Johnson,Email Available,carly.johnson664@gmail.com,Classic Cotton T-Shirt,Apparel,TSH-BLK-L,1,$14.99,SAVE20,$3.00,$4.99,$16.98,Normal,Google Pay,Online Store,fulfilled,Germany,,Not Required,Kingmouth
#2809,04-Aug-2026,James Miller,Email Available,james.miller866@yahoo.com,Classic Cotton T-Shirt,Apparel,TSH-BLK-M,1,$14.99,SAVE20,$3.00,$7.99,$19.98,Normal,Shopify Payments,Online Store,fulfilled,Pakistan,,Not Required,Timothyfort
#2810,04-Aug-2026,Jennifer Lee,Email Available,jennifer.lee321@icloud.com,Hooded Sweatshirt,Apparel,APR-HOD-GRY,1,$34.99,WELCOME10,$3.50,$7.99,$39.48,Normal,PayPal,Online Store,fulfilled,United Kingdom,,Not Required,Natashaview
#2811,04-Aug-2026,Anthony Mullen,Email Available,anthony.mullen523@yahoo.com,USB-C Fast Charger 20W,Electronics,ELC-CHG-20,2,$15.49,BFCM25,$7.75,$7.99,$31.22,Normal,PayPal,POS,refunded,United States,Ohio,Valid,West Katherine
#2812,04-Aug-2026,Lauren Nguyen,Email Available,lauren.nguyen819@outlook.com,Facial Cleanser 200ml,Beauty,BTY-CLN-200,2,$13.49,FREESHIP,$0.00,$0.00,$26.98,Normal,Google Pay,Online Store,fulfilled,United Kingdom,,Not Required,New Bruce
#2813,04-Aug-2026,Sean Frank,Email Available,sean.frank587@icloud.com,Classic Cotton T-Shirt,Apparel,TSH-BLK-M,1,$14.99,WELCOME10,$1.50,$5.99,$19.48,Normal,Apple Pay,Online Store,pending,Australia,,Not Required,Lake Breannashire
#2814,04-Aug-2026,Andrea Martinez,Email Available,andrea.martinez756@yahoo.com,Classic Cotton T-Shirt,Apparel,TSH-BLK-M,2,$14.99,SAVE20,$6.00,$4.99,$28.97,Normal,Shopify Payments,Online Store,fulfilled,Australia,,Not Required,Alisonton
#2815,04-Aug-2026,Danielle Franco,Email Available,danielle.franco952@yahoo.com,Resistance Bands Set,Sports & Outdoors,SP-RBS-SET,1,$13.99,WELCOME10,$1.40,$7.99,$20.58,Normal,Credit Card,Online Store,refunded,Germany,,Not Required,Port Daniel
#2816,04-Aug-2026,Alan Davis,Email Available,alan.davis483@icloud.com,Kids Building Blocks Set,Toys,TOY-BLK-SET,4,$27.99,WELCOME10,$11.20,$0.00,$100.76,Outlier,Google Pay,Instagram,pending,Canada,,Not Required,Andreaview
#2817,04-Aug-2026,Aimee Smith,Email Available,aimee.smith857@icloud.com,Classic Cotton T-Shirt,Apparel,TSH-BLK-M,1,$14.99,,$0.00,$5.99,$20.98,Normal,PayPal,Facebook,cancelled,United Kingdom,,Not Required,Charlesland
#2818,04-Aug-2026,COURTNEY BULLOCK,Email Available,courtney.bullock860@outlook.com,Wireless Bluetooth Earbuds,Electronics,ELC-WBE-01,1,$29.99,,$0.00,$4.99,$34.98,Normal,Apple Pay,Online Store,fulfilled,United Kingdom,,Not Required,North Christopher
#2819,04-Aug-2026,Amy Barnett,Email Available,amy.barnett396@icloud.com,Leather Wallet - Brown,Accessories,ACC-WLT-BRN,2,$19.99,,$0.00,$7.99,$47.97,Normal,Shopify Payments,POS,fulfilled,Pakistan,,Not Required,East Michellefurt
#2820,04-Aug-2026,Joshua Owens,Email Available,joshua.owens56@icloud.com,Running Shoes - Women's,Footwear,FTW-RUN-W,1,$54.99,,$0.00,$5.99,$60.98,Normal,PayPal,POS,fulfilled,United States,Ohio,Valid,New Dawn
#2821,04-Aug-2026,James Castro,Missing Email,,Ceramic Coffee Mug Set (4pc),Home & Kitchen,HK-MUG-4PK,1,$18.99,WELCOME10,$1.90,$4.99,$22.08,Normal,Credit Card,Online Store,fulfilled,Pakistan,,Not Required,Lake Savannah
#2822,04-Aug-2026,Christopher Osborne,Email Available,christopher.osborne481@yahoo.com,Polarized Sunglasses,Accessories,ACC-SUN-01,3,$16.99,FREESHIP,$0.00,$0.00,$50.97,Normal,Google Pay,Facebook,fulfilled,United States,California,Valid,Smithhaven
#2823,04-Aug-2026,Kaitlyn Hernandez,Missing Email,,Stainless Steel Water Bottle,Home & Kitchen,HK-BTL-750,1,$12.99,BFCM25,$3.25,$5.99,$15.73,Normal,PayPal,Online Store,cancelled,Pakistan,,Not Required,New Tony
#2824,04-Aug-2026,Devon Rodriguez,Email Available,devon.rodriguez635@outlook.com,Running Shoes - Men's,Footwear,FTW-RUN-M,1,$54.99,,$0.00,$7.99,$62.98,Normal,Apple Pay,POS,refunded,United States,Texas,Valid,South Nicholasberg
#2825,04-Aug-2026,Timothy Santos,Email Available,timothy.santos549@outlook.com,Kids Building Blocks Set,Toys,TOY-BLK-SET,2,$27.99,FREESHIP,$0.00,$0.00,$55.98,Normal,Google Pay,Instagram,fulfilled,United Kingdom,,Not Required,Greenmouth
#2826,04-Aug-2026,Heather Davis,Missing Email,,Portable Power Bank 10000mAh,Electronics,ELC-PWB-10K,1,$21.99,,$0.00,$7.99,$29.98,Normal,Shopify Payments,Instagram,fulfilled,Germany,,Not Required,Jonburgh
#2827,04-Aug-2026,Barbara Brown,Email Available,barbara.brown26@gmail.com,Slim Fit Denim Jeans,Apparel,JNS-BLU-32,1,$39.99,,$0.00,$4.99,$44.98,Normal,Shopify Payments,POS,fulfilled,United States,New York,Valid,East Nicholas
#2828,04-Aug-2026,Michael Wilson,Email Available,michael.wilson464@icloud.com,Throw Blanket - Fleece,Home & Kitchen,HK-BLK-FLC,1,$17.99,,$0.00,$7.99,$25.98,Normal,PayPal,Instagram,refunded,Australia,,Not Required,East Nicoleburgh
#2829,04-Aug-2026,Autumn Stewart,Email Available,autumn.stewart565@outlook.com,Backpack - 25L,Accessories,ACC-BPK-25L,1,$32.99,FREESHIP,$0.00,$0.00,$32.99,Normal,Credit Card,Online Store,fulfilled,United Kingdom,,Not Required,West Jessica
#2830,04-Aug-2026,Samuel Padilla,Email Available,samuel.padilla79@gmail.com,Running Shoes - Women's,Footwear,FTW-RUN-W,1,$54.99,,$0.00,$7.99,$62.98,Normal,Credit Card,Facebook,pending,United States,Texas,Valid,Branchberg
#2831,04-Aug-2026,,Email Available,jennifer.burke472@icloud.com,Adjustable Dumbbell Set,Sports & Outdoors,SP-DMB-ADJ,1,$89.99,,$0.00,$0.00,$89.99,Outlier,Apple Pay,Online Store,fulfilled,Pakistan,,Not Required,North Stefanie
#2832,04-Aug-2026,Julie Hoffman,Email Available,julie.hoffman913@gmail.com,Backpack - 25L,Accessories,ACC-BPK-25L,1,$32.99,,$0.00,$5.99,$38.98,Normal,Apple Pay,Online Store,fulfilled,United States,New York,Valid,Nobletown
#2833,04-Aug-2026,Karen Bautista,Email Available,karen.bautista779@icloud.com,Phone Case - Clear,Electronics,ELC-CSE-CLR,1,$8.99,FREESHIP,$0.00,$0.00,$8.99,Normal,Apple Pay,Facebook,cancelled,United States,Illinois,Valid,North Theresaton
#2834,04-Aug-2026,Rachel Colon,Email Available,rachel.colon654@yahoo.com,Scented Soy Candle - Vanilla,Home & Kitchen,HK-CND-VAN,1,$9.99,,$0.00,$5.99,$15.98,Normal,Apple Pay,Online Store,fulfilled,Australia,,Not Required,North Javier
#2835,04-Aug-2026,Tara Jackson,Email Available,tara.jackson708@outlook.com,Leather Wallet - Brown,Accessories,ACC-WLT-BRN,1,$19.99,,$0.00,$4.99,$24.98,Normal,Shopify Payments,Online Store,fulfilled,Canada,,Not Required,West Heathershire
#2836,04-Aug-2026,Nicholas Jarvis,Email Available,nicholas.jarvis112@icloud.com,Wireless Mouse,Electronics,ELC-MSE-WL,1,$11.99,WELCOME10,$1.20,$7.99,$18.78,Normal,PayPal,Online Store,fulfilled,Canada,,Not Required,South Catherineland
#2837,04-Aug-2026,Anthony Mullen,Email Available,anthony.mullen523@yahoo.com,Vitamin C Serum 30ml,Beauty,BTY-SRM-30,4,$24.99,FREESHIP,$0.00,$0.00,$99.96,Outlier,PayPal,POS,refunded,United States,North Carolina,Valid,East Jamesfurt
#2838,04-Aug-2026,TEST TEST,Email Available,test@test.com,Wireless Bluetooth Earbuds,Electronics,ELC-WBE-01,1,$29.99,VIP15,$4.50,$7.99,$33.48,Normal,Credit Card,Instagram,fulfilled,Australia,,Not Required,Lake Troy
#2839,04-Aug-2026,Michele Davis,Email Available,michele.davis844@gmail.com,Phone Case - Clear,Electronics,ELC-CSE-CLR,2,$8.99,,$0.00,$5.99,$23.97,Normal,Apple Pay,Online Store,pending,Australia,,Not Required,Port Michael
#2840,04-Aug-2026,Karen Jones,Email Available,karen.jones794@outlook.com,Hooded Sweatshirt,Apparel,APR-HOD-GRY,1,$34.99,BFCM25,$8.75,$4.99,$31.23,Normal,PayPal,Online Store,pending,Australia,,Not Required,Robertsfort
#2841,04-Aug-2026,Daniel Hill,Email Available,daniel.hill472@outlook.com,Yoga Mat - Extra Thick,Sports & Outdoors,SP-YGM-EX,1,$22.99,BFCM25,$5.75,$4.99,$22.23,Normal,Google Pay,Online Store,fulfilled,Australia,,Not Required,Smithland
#2842,04-Aug-2026,Samuel Padilla,Email Available,samuel.padilla79@gmail.com,Wireless Bluetooth Earbuds,Electronics,ELC-WBE-01,1,$29.99,,$0.00,$5.99,$35.98,Normal,Credit Card,Online Store,fulfilled,United States,California,Valid,East Melissa
#2843,04-Aug-2026,Amy Maldonado,Email Available,amy.maldonado44@gmail.com,Adjustable Dumbbell Set,Sports & Outdoors,SP-DMB-ADJ,1,$89.99,,$0.00,$0.00,$89.99,Outlier,Shopify Payments,Instagram,fulfilled,Pakistan,,Not Required,Lynchport
#2844,04-Aug-2026,Heather Davis,Email Available,heather.davis117@icloud.com,Vitamin C Serum 30ml,Beauty,BTY-SRM-30,1,$24.99,,$0.00,$5.99,$30.98,Normal,Apple Pay,POS,fulfilled,Germany,,Not Required,Lake Rickystad
#2845,04-Aug-2026,Haley Glover,Email Available,haley.glover361@yahoo.com,Wireless Bluetooth Earbuds,Electronics,ELC-WBE-01,1,$29.99,,$0.00,$4.99,$34.98,Normal,Google Pay,Online Store,fulfilled,Germany,,Not Required,Shepherdshire
#2846,04-Aug-2026,Christina Mcknight,Email Available,christina.mcknight904@outlook.com,Classic Cotton T-Shirt,Apparel,TSH-BLK-L,1,$14.99,,$0.00,$7.99,$22.98,Normal,Google Pay,Instagram,refunded,United States,New York,Valid,Rodriguezmouth
#2847,04-Aug-2026,William Fry,Email Available,william.fry209@gmail.com,Wireless Bluetooth Earbuds,Electronics,ELC-WBE-01,1,$29.99,BFCM25,$7.50,$4.99,$27.48,Normal,PayPal,Online Store,cancelled,United States,Texas,Valid,Murrayburgh
#2848,04-Aug-2026,Kristina Thompson,Email Available,kristina.thompson501@icloud.com,Portable Power Bank 10000mAh,Electronics,ELC-PWB-10K,1,$21.99,WELCOME10,$2.20,$5.99,$25.78,Normal,Shopify Payments,Online Store,refunded,United States,Illinois,Valid,East Tamaraberg
#2849,04-Aug-2026,alexandria miller,Email Available,alexandria.miller414@outlook.com,Leather Wallet - Brown,Accessories,ACC-WLT-BRN,1,$19.99,BFCM25,$5.00,$4.99,$19.98,Normal,Google Pay,Facebook,fulfilled,Australia,,Not Required,Youngshire
#2850,04-Aug-2026,William Houston,Email Available,william.houston340@outlook.com,Facial Cleanser 200ml,Beauty,BTY-CLN-200,1,$13.49,,$0.00,$5.99,$19.48,Normal,Apple Pay,Facebook,fulfilled,United States,Ohio,Valid,East Kimville
#2851,04-Aug-2026,Joshua Anderson,Email Available,joshua.anderson662@gmail.com,Wireless Bluetooth Earbuds,Electronics,ELC-WBE-01,1,$29.99,FREESHIP,$0.00,$0.00,$29.99,Normal,PayPal,Online Store,pending,Canada,,Not Required,Lawrencebury
#2852,04-Aug-2026,Joanne Perez,Email Available,joanne.perez120@gmail.com,Classic Cotton T-Shirt,Apparel,TSH-BLK-L,1,$14.99,VIP15,$2.25,$7.99,$20.73,Normal,Credit Card,Online Store,fulfilled,United States,Arizona,Valid,West Susan
#2853,04-Aug-2026,Logan Fox,Email Available,logan.fox165@gmail.com,Running Shoes - Women's,Footwear,FTW-RUN-W,1,$54.99,WELCOME10,$5.50,$7.99,$57.48,Normal,Shopify Payments,Facebook,fulfilled,Australia,,Not Required,Port Andrewburgh
#2854,04-Aug-2026,Angie Martin,Email Available,angie.martin506@icloud.com,Kids Building Blocks Set,Toys,TOY-BLK-SET,1,$27.99,,$0.00,$7.99,$35.98,Normal,Apple Pay,POS,fulfilled,Pakistan,,Not Required,Jacobside
#2855,04-Aug-2026,Kayla Morris,Email Available,kayla.morris339@outlook.com,Wireless Bluetooth Earbuds,Electronics,ELC-WBE-01,2,$29.99,,$0.00,$5.99,$65.97,Normal,Credit Card,Online Store,pending,Canada,,Not Required,North Richard
#2856,04-Aug-2026,Sarah Mendoza,Email Available,sarah.mendoza691@outlook.com,Non-Stick Frying Pan 10in,Home & Kitchen,HK-PAN-10,1,$24.99,FREESHIP,$0.00,$0.00,$24.99,Normal,Apple Pay,POS,fulfilled,United States,Florida,Valid,Burnsbury
#2857,04-Aug-2026,Jamie Brown,Email Available,jamie.brown582@icloud.com,Stainless Steel Water Bottle,Home & Kitchen,HK-BTL-750,1,$12.99,BFCM25,$3.25,$5.99,$15.73,Normal,PayPal,Online Store,pending,United States,Illinois,Valid,Angelabury
#2858,04-Aug-2026,Christopher Osborne,Email Available,christopher.osborne481@yahoo.com,Kids Building Blocks Set,Toys,TOY-BLK-SET,1,$27.99,FREESHIP,$0.00,$0.00,$27.99,Normal,Apple Pay,POS,fulfilled,United States,Texas,Valid,Brianview
#2859,04-Aug-2026,Sandra Potter,Email Available,sandra.potter166@yahoo.com,Stainless Steel Water Bottle,Home & Kitchen,HK-BTL-750,1,$12.99,,$0.00,$5.99,$18.98,Normal,PayPal,Online Store,fulfilled,United States,Washington,Valid,Heatherside
#2860,04-Aug-2026,Stacey Johnson,Missing Email,,Ceramic Coffee Mug Set (4pc),Home & Kitchen,HK-MUG-4PK,2,$18.99,,$0.00,$5.99,$43.97,Normal,Shopify Payments,POS,pending,Germany,,Not Required,Port Patricia
#2861,04-Aug-2026,Dawn Randolph,Missing Email,,Resistance Bands Set,Sports & Outdoors,SP-RBS-SET,1,$13.99,SAVE20,$2.80,$7.99,$19.18,Normal,Google Pay,Online Store,fulfilled,Pakistan,,Not Required,West Brittanyborough
#2862,04-Aug-2026,Linda Scott,Email Available,linda.scott2@icloud.com,Vitamin C Serum 30ml,Beauty,BTY-SRM-30,1,$24.99,,$0.00,$4.99,$29.98,Normal,Google Pay,Facebook,fulfilled,Canada,,Not Required,South Lisaton
#2863,04-Aug-2026,Rhonda Chapman,Email Available,rhonda.chapman481@yahoo.com,Yoga Mat - Extra Thick,Sports & Outdoors,SP-YGM-EX,1,$22.99,WELCOME10,$2.30,$7.99,$28.68,Normal,Google Pay,Facebook,fulfilled,United States,Illinois,Valid,Thomasborough
#2864,04-Aug-2026,Glenn Smith,Email Available,glenn.smith305@gmail.com,Stainless Steel Water Bottle,Home & Kitchen,HK-BTL-750,3,$12.99,FREESHIP,$0.00,$0.00,$38.97,Normal,Credit Card,Instagram,fulfilled,Canada,,Not Required,North Amanda
#2865,04-Aug-2026,Sharon Brown,Missing Email,,Hooded Sweatshirt,Apparel,APR-HOD-GRY,1,$34.99,WELCOME10,$3.50,$7.99,$39.48,Normal,PayPal,Online Store,fulfilled,United States,North Carolina,Valid,New Lisaton
#2866,04-Aug-2026,"Hunt, Anthony",Email Available,anthony.hunt521@outlook.com,Wireless Mouse,Electronics,ELC-MSE-WL,3,$11.99,,$0.00,$7.99,$43.96,Normal,Google Pay,Online Store,fulfilled,United States,Ohio,Valid,East Catherine
#2867,04-Aug-2026,Michele Davis,Email Available,michele.davis844@gmail.com,Hooded Sweatshirt,Apparel,APR-HOD-GRY,3,$34.99,,$0.00,$0.00,$104.97,Outlier,Credit Card,POS,cancelled,Australia,,Not Required,Bonillaside
#2868,04-Aug-2026,Christopher Hayes,Email Available,christopher.hayes809@icloud.com,Running Shoes - Women's,Footwear,FTW-RUN-W,1,$54.99,,$0.00,$5.99,$60.98,Normal,Google Pay,POS,fulfilled,United States,New York,Valid,Reginafurt
#2869,04-Aug-2026,Patrick Stevens,Email Available,patrick.stevens218@gmail.com,Kids Building Blocks Set,Toys,TOY-BLK-SET,1,$27.99,,$0.00,$5.99,$33.98,Normal,Credit Card,Instagram,fulfilled,Pakistan,,Not Required,Moodytown
#2870,04-Aug-2026,Angela Carr,Missing Email,,Adjustable Dumbbell Set,Sports & Outdoors,SP-DMB-ADJ,1,$89.99,,$0.00,$0.00,$89.99,Outlier,PayPal,Facebook,refunded,United States,Ohio,Valid,Deniseshire
#2871,04-Aug-2026,Monica Hodge,Email Available,monica.hodge369@icloud.com,Adjustable Dumbbell Set,Sports & Outdoors,SP-DMB-ADJ,1,$89.99,,$0.00,$0.00,$89.99,Outlier,Credit Card,Instagram,fulfilled,United States,Arizona,Valid,Michaelchester
#2872,04-Aug-2026,Alison Schroeder,Email Available,alison.schroeder943@icloud.com,Running Shoes - Women's,Footwear,FTW-RUN-W,1,$54.99,,$0.00,$5.99,$60.98,Normal,Credit Card,Online Store,fulfilled,Australia,,Not Required,Crawfordland
#2873,04-Aug-2026,Timothy Weaver,Email Available,timothy.weaver591@gmail.com,Phone Case - Clear,Electronics,ELC-CSE-CLR,1,$8.99,FREESHIP,$0.00,$0.00,$8.99,Normal,Google Pay,Facebook,refunded,Australia,,Not Required,Lake Cynthialand
#2874,04-Aug-2026,Philip Stevens,Email Available,philip.stevens908@outlook.com,Vitamin C Serum 30ml,Beauty,BTY-SRM-30,1,$24.99,VIP15,$3.75,$7.99,$29.23,Normal,PayPal,Online Store,cancelled,United States,Georgia,Valid,Taylorborough
#2875,04-Aug-2026,Monique Bowman,Email Available,monique.bowman430@gmail.com,Hooded Sweatshirt,Apparel,APR-HOD-GRY,1,$34.99,VIP15,$5.25,$5.99,$35.73,Normal,Google Pay,Online Store,fulfilled,United States,California,Valid,Cardenaston
#2876,04-Aug-2026,Heather Davis,Email Available,heather.davis117@icloud.com,Resistance Bands Set,Sports & Outdoors,SP-RBS-SET,1,$13.99,,$0.00,$4.99,$18.98,Normal,PayPal,Facebook,fulfilled,Germany,,Not Required,Richardville
#2877,04-Aug-2026,Jennifer White,Email Available,jennifer.white450@icloud.com,Classic Cotton T-Shirt,Apparel,TSH-BLK-L,1,$14.99,FREESHIP,$0.00,$0.00,$14.99,Normal,Credit Card,Online Store,fulfilled,United States,Canada,Valid,West Travis
#2878,04-Aug-2026,Robert Bryant,Email Available,robert.bryant21@gmail.com,Classic Cotton T-Shirt,Apparel,TSH-BLK-M,2,$14.99,,$0.00,$4.99,$34.97,Normal,Google Pay,Online Store,fulfilled,Germany,,Not Required,East Jakeberg
#2879,04-Aug-2026,Robin Ruiz,Email Available,robin.ruiz407@yahoo.com,Vitamin C Serum 30ml,Beauty,BTY-SRM-30,1,$24.99,VIP15,$3.75,$7.99,$29.23,Normal,Google Pay,Instagram,refunded,United States,California,Valid,Roberttown
#2880,04-Aug-2026,Brianna Hicks,Email Available,brianna.hicks972@icloud.com,Running Shoes - Men's,Footwear,FTW-RUN-M,1,$54.99,WELCOME10,$5.50,$5.99,$55.48,Normal,Credit Card,Online Store,pending,United States,Texas,Valid,Shawnshire
#2881,04-Aug-2026,Tina Crane,Email Available,tina.crane554@gmail.com,Hooded Sweatshirt,Apparel,APR-HOD-GRY,1,$34.99,,$0.00,$7.99,$42.98,Normal,Credit Card,Facebook,pending,United Kingdom,,Not Required,East Briannamouth
#2882,04-Aug-2026,Sean Frank,Missing Email,,Yoga Mat - Extra Thick,Sports & Outdoors,SP-YGM-EX,1,$22.99,,$0.00,$7.99,$30.98,Normal,Apple Pay,POS,pending,Australia,,Not Required,Nicholasside
#2883,04-Aug-2026,Kenneth Davis,Missing Email,,Resistance Bands Set,Sports & Outdoors,SP-RBS-SET,3,$13.99,SAVE20,$8.39,$7.99,$41.57,Normal,Apple Pay,Online Store,cancelled,United States,Georgia,Valid,Teresaton
#2884,04-Aug-2026,Shopify Test,Email Available,test@test.com,Hooded Sweatshirt,Apparel,APR-HOD-GRY,1,$34.99,,$0.00,$5.99,$40.98,Normal,Google Pay,Online Store,pending,United States,Arizona,Valid,New Emilystad
#2885,04-Aug-2026,Jessica Tucker,Email Available,jessica.tucker963@gmail.com,Scented Soy Candle - Vanilla,Home & Kitchen,HK-CND-VAN,1,$9.99,,$0.00,$4.99,$14.98,Normal,Google Pay,Online Store,fulfilled,Germany,,Not Required,Ryantown
#2886,04-Aug-2026,Jaime Vargas,Email Available,jaime.vargas795@outlook.com,Running Shoes - Men's,Footwear,FTW-RUN-M,1,$54.99,,$0.00,$5.99,$60.98,Normal,PayPal,Online Store,refunded,United Kingdom,,Not Required,Hernandezbury
#2887,04-Aug-2026,Kristina Thompson,Email Available,kristina.thompson501@icloud.com,Scented Soy Candle - Vanilla,Home & Kitchen,HK-CND-VAN,2,$9.99,,$0.00,$7.99,$27.97,Normal,PayPal,Facebook,cancelled,United States,New York,Valid,East Charlestown
#2888,04-Aug-2026,Frederick Bean,Email Available,frederick.bean141@outlook.com,Leather Wallet - Brown,Accessories,ACC-WLT-BRN,2,$19.99,,$0.00,$7.99,$47.97,Normal,Google Pay,Online Store,pending,United States,California,Valid,Barnesville
#2889,04-Aug-2026,Christopher Harrington,Email Available,christopher.harrington960@gmail.com,Classic Cotton T-Shirt,Apparel,TSH-BLK-M,1,$14.99,SAVE20,$3.00,$4.99,$16.98,Normal,Credit Card,POS,fulfilled,Australia,,Not Required,North Christopherhaven
#2890,04-Aug-2026,Lindsay Shaw,Email Available,lindsay.shaw178@icloud.com,Leather Wallet - Brown,Accessories,ACC-WLT-BRN,2,$19.99,FREESHIP,$0.00,$0.00,$39.98,Normal,Credit Card,Online Store,pending,United Kingdom,,Not Required,South Earlburgh
#2891,04-Aug-2026,Austin Norris,Email Available,austin.norris15@gmail.com,Resistance Bands Set,Sports & Outdoors,SP-RBS-SET,2,$13.99,,$0.00,$7.99,$35.97,Normal,Credit Card,Instagram,cancelled,United States,Florida,Valid,Angelicamouth
#2892,04-Aug-2026,Rose English,Email Available,rose.english118@icloud.com,Adjustable Dumbbell Set,Sports & Outdoors,SP-DMB-ADJ,1,$89.99,WELCOME10,$9.00,$0.00,$80.99,Normal,Credit Card,Online Store,refunded,Germany,,Not Required,Karenville
#2893,04-Aug-2026,Darin Alvarez,Email Available,darin.alvarez843@gmail.com,Classic Cotton T-Shirt,Apparel,TSH-BLK-M,4,$14.99,SAVE20,$11.99,$7.99,$55.96,Normal,PayPal,Online Store,cancelled,Canada,,Not Required,Lake William
#2894,04-Aug-2026,Barbara Brown,Email Available,barbara.brown26@gmail.com,Kids Building Blocks Set,Toys,TOY-BLK-SET,2,$27.99,,$0.00,$4.99,$60.97,Normal,Shopify Payments,Instagram,fulfilled,United States,Washington,Valid,Amymouth
#2895,04-Aug-2026,Sheryl Nguyen,Email Available,sheryl.nguyen272@outlook.com,Ceramic Coffee Mug Set (4pc),Home & Kitchen,HK-MUG-4PK,1,$18.99,,$0.00,$7.99,$26.98,Normal,Shopify Payments,Instagram,refunded,United States,Texas,Valid,Kevinberg
#2896,04-Aug-2026,Tina Singh,Email Available,tina.singh98@icloud.com,Wireless Mouse,Electronics,ELC-MSE-WL,1,$11.99,,$0.00,$7.99,$19.98,Normal,PayPal,Instagram,fulfilled,United States,Illinois,Valid,Huffmanmouth
#2897,04-Aug-2026,Mary Meza,Email Available,mary.meza759@gmail.com,Wireless Mouse,Electronics,ELC-MSE-WL,2,$11.99,SAVE20,$4.80,$4.99,$24.17,Normal,Shopify Payments,Online Store,fulfilled,Canada,,Not Required,Lake Mitchelltown
#2898,04-Aug-2026,Allison Byrd,Email Available,allison.byrd266@yahoo.com,Resistance Bands Set,Sports & Outdoors,SP-RBS-SET,1,$13.99,,$0.00,$4.99,$18.98,Normal,Apple Pay,POS,pending,United States,Washington,Valid,Pruittshire
#2899,04-Aug-2026,TINA CRANE,Email Available,tina.crane554@gmail.com,Adjustable Dumbbell Set,Sports & Outdoors,SP-DMB-ADJ,1,$89.99,FREESHIP,$0.00,$0.00,$89.99,Outlier,Google Pay,Facebook,refunded,United Kingdom,,Not Required,Samuelstad
#2900,04-Aug-2026,Christy Phillips,Email Available,christy.phillips291@gmail.com,Vitamin C Serum 30ml,Beauty,BTY-SRM-30,1,$24.99,SAVE20,$5.00,$5.99,$25.98,Normal,Shopify Payments,Instagram,refunded,Pakistan,,Not Required,West Shelleyside
#2901,04-Aug-2026,Alec Chambers,Email Available,alec.chambers767@outlook.com,Backpack - 25L,Accessories,ACC-BPK-25L,2,$32.99,SAVE20,$13.20,$5.99,$58.77,Normal,Shopify Payments,POS,fulfilled,Canada,,Not Required,Jacksonborough
#2902,04-Aug-2026,Arthur Kelley,Email Available,arthur.kelley558@gmail.com,Classic Cotton T-Shirt,Apparel,TSH-BLK-M,1,$14.99,,$0.00,$7.99,$22.98,Normal,PayPal,Instagram,cancelled,Australia,,Not Required,North Alexandraborough
#2903,04-Aug-2026,Tyler Williams,Email Available,tyler.williams938@outlook.com,Wireless Mouse,Electronics,ELC-MSE-WL,1,$11.99,BFCM25,$3.00,$4.99,$13.98,Normal,Google Pay,Online Store,pending,Australia,,Not Required,Jeffreyport
#2904,04-Aug-2026,Rose Campos,Email Available,rose.campos542@gmail.com,USB-C Fast Charger 20W,Electronics,ELC-CHG-20,1,$15.49,VIP15,$2.32,$4.99,$18.16,Normal,PayPal,Facebook,pending,Canada,,Not Required,Grantchester
#2905,04-Aug-2026,Jeremy Tucker,Missing Email,,Portable Power Bank 10000mAh,Electronics,ELC-PWB-10K,1,$21.99,VIP15,$3.30,$4.99,$23.68,Normal,Google Pay,Online Store,fulfilled,United States,Georgia,Valid,Prattfurt
#2906,04-Aug-2026,Nicholas Jarvis,Email Available,nicholas.jarvis112@icloud.com,Scented Soy Candle - Vanilla,Home & Kitchen,HK-CND-VAN,1,$9.99,WELCOME10,$1.00,$4.99,$13.98,Normal,Google Pay,Facebook,refunded,Canada,,Not Required,Jonesshire
#2907,04-Aug-2026,Dawn Randolph,Missing Email,,Backpack - 25L,Accessories,ACC-BPK-25L,2,$32.99,,$0.00,$4.99,$70.97,Normal,PayPal,Facebook,fulfilled,Pakistan,,Not Required,Amyshire
#2908,04-Aug-2026,Alexandria Miller,Email Available,alexandria.miller414@outlook.com,Vitamin C Serum 30ml,Beauty,BTY-SRM-30,1,$24.99,VIP15,$3.75,$4.99,$26.23,Normal,Google Pay,Facebook,fulfilled,Australia,,Not Required,Johnmouth
#2909,04-Aug-2026,Kristina Cook,Email Available,kristina.cook392@outlook.com,Polarized Sunglasses,Accessories,ACC-SUN-01,1,$16.99,,$0.00,$4.99,$21.98,Normal,Apple Pay,Instagram,fulfilled,United States,New York,Valid,Port Melissa
#2910,04-Aug-2026,Sandra Wilson,Email Available,sandra.wilson554@outlook.com,Ceramic Coffee Mug Set (4pc),Home & Kitchen,HK-MUG-4PK,2,$18.99,,$0.00,$5.99,$43.97,Normal,Apple Pay,Online Store,fulfilled,Canada,,Not Required,Andresburgh
#2911,04-Aug-2026,Tracy Kennedy,Email Available,tracy.kennedy796@outlook.com,Wireless Mouse,Electronics,ELC-MSE-WL,2,$11.99,,$0.00,$4.99,$28.97,Normal,Credit Card,Instagram,refunded,Pakistan,,Not Required,Grantbury
#2912,04-Aug-2026,Andrea Gallegos,Email Available,andrea.gallegos495@gmail.com,Slim Fit Denim Jeans,Apparel,JNS-BLU-32,1,$39.99,,$0.00,$5.99,$45.98,Normal,PayPal,Facebook,refunded,Germany,,Not Required,Longstad
#2913,04-Aug-2026,JAMES MILLER,Email Available,james.miller866@yahoo.com,Running Shoes - Men's,Footwear,FTW-RUN-M,1,$54.99,BFCM25,$13.75,$4.99,$46.23,Normal,Credit Card,Facebook,cancelled,Pakistan,,Not Required,Mercadostad
#2914,04-Aug-2026,Leon Oliver,Email Available,leon.oliver578@gmail.com,Backpack - 25L,Accessories,ACC-BPK-25L,2,$32.99,FREESHIP,$0.00,$0.00,$65.98,Normal,Credit Card,Instagram,fulfilled,Canada,,Not Required,New Amanda
#2915,04-Aug-2026,Philip Stevens,Email Available,philip.stevens908@outlook.com,Non-Stick Frying Pan 10in,Home & Kitchen,HK-PAN-10,1,$24.99,,$0.00,$5.99,$30.98,Normal,PayPal,Instagram,fulfilled,United States,Georgia,Valid,Port Courtney
#2916,04-Aug-2026,Chad Smith,Email Available,chad.smith773@icloud.com,Stainless Steel Water Bottle,Home & Kitchen,HK-BTL-750,1,$12.99,SAVE20,$2.60,$4.99,$15.38,Normal,Credit Card,Online Store,pending,Pakistan,,Not Required,Faithhaven
#2917,04-Aug-2026,Andrew Cross,Email Available,andrew.cross512@yahoo.com,Scented Soy Candle - Vanilla,Home & Kitchen,HK-CND-VAN,2,$9.99,VIP15,$3.00,$7.99,$24.97,Normal,Google Pay,Online Store,cancelled,United States,Arizona,Valid,West Robert
#2918,04-Aug-2026,Dustin Mccoy,Email Available,dustin.mccoy570@gmail.com,Portable Power Bank 10000mAh,Electronics,ELC-PWB-10K,1,$21.99,,$0.00,$5.99,$27.98,Normal,Credit Card,Online Store,fulfilled,Canada,,Not Required,New Justin
#2919,04-Aug-2026,Anthony Krueger,Email Available,anthony.krueger812@yahoo.com,Yoga Mat - Extra Thick,Sports & Outdoors,SP-YGM-EX,1,$22.99,FREESHIP,$0.00,$0.00,$22.99,Normal,PayPal,Online Store,fulfilled,Pakistan,,Not Required,Hendrixmouth
#2920,04-Aug-2026,JENNIFER BURKE,Email Available,jennifer.burke472@icloud.com,Hooded Sweatshirt,Apparel,APR-HOD-GRY,1,$34.99,,$0.00,$4.99,$39.98,Normal,Credit Card,Online Store,pending,Pakistan,,Not Required,Johnnyland
#2921,04-Aug-2026,Lori Davis,Email Available,lori.davis757@yahoo.com,USB-C Fast Charger 20W,Electronics,ELC-CHG-20,1,$15.49,,$0.00,$7.99,$23.48,Normal,Apple Pay,Online Store,fulfilled,Germany,,Not Required,Port Ashley
#2922,04-Aug-2026,Devin Jones,Email Available,devin.jones807@yahoo.com,Resistance Bands Set,Sports & Outdoors,SP-RBS-SET,1,$13.99,BFCM25,$3.50,$4.99,$15.48,Normal,Credit Card,Online Store,fulfilled,Pakistan,,Not Required,Shawnbury
#2923,04-Aug-2026,Walter Rodriguez,Email Available,walter.rodriguez829@gmail.com,Phone Case - Clear,Electronics,ELC-CSE-CLR,1,$8.99,SAVE20,$1.80,$4.99,$12.18,Normal,Shopify Payments,POS,pending,Australia,,Not Required,Rivasborough
#2924,04-Aug-2026,Hannah Lee,Email Available,hannah.lee589@icloud.com,Classic Cotton T-Shirt,Apparel,TSH-BLK-M,3,$14.99,BFCM25,$11.24,$5.99,$39.72,Normal,Google Pay,Online Store,cancelled,United Kingdom,,Not Required,Port Nina
#2925,04-Aug-2026,Eric Golden,Email Available,eric.golden379@outlook.com,Stainless Steel Water Bottle,Home & Kitchen,HK-BTL-750,2,$12.99,VIP15,$3.90,$7.99,$30.07,Normal,Credit Card,Online Store,pending,United States,New York,Valid,Montoyaside
#2926,04-Aug-2026,Test Order,Email Available,test@test.com,Facial Cleanser 200ml,Beauty,BTY-CLN-200,2,$13.49,,$0.00,$5.99,$32.97,Normal,Apple Pay,Facebook,fulfilled,United Kingdom,,Not Required,West Laurie
#2927,04-Aug-2026,Dustin Mccoy,Email Available,dustin.mccoy570@gmail.com,Facial Cleanser 200ml,Beauty,BTY-CLN-200,1,$13.49,BFCM25,$3.37,$5.99,$16.11,Normal,Credit Card,Online Store,fulfilled,Canada,,Not Required,East Heather
#2928,04-Aug-2026,Rebecca Watts,Email Available,rebecca.watts779@gmail.com,Non-Stick Frying Pan 10in,Home & Kitchen,HK-PAN-10,2,$24.99,,$0.00,$7.99,$57.97,Normal,Apple Pay,Instagram,fulfilled,United States,California,Valid,North Jamesbury
#2929,04-Aug-2026,Sandra Potter,Email Available,sandra.potter166@yahoo.com,Wireless Mouse,Electronics,ELC-MSE-WL,1,$11.99,SAVE20,$2.40,$4.99,$14.58,Normal,Shopify Payments,Online Store,fulfilled,United States,Washington,Valid,Bakerburgh
#2930,04-Aug-2026,Morgan Johnson,Email Available,morgan.johnson938@outlook.com,Leather Wallet - Brown,Accessories,ACC-WLT-BRN,1,$19.99,SAVE20,$4.00,$7.99,$23.98,Normal,Apple Pay,Online Store,fulfilled,Canada,,Not Required,North Tonybury
#2931,04-Aug-2026,Lucas Lyons,Email Available,lucas.lyons594@icloud.com,Backpack - 25L,Accessories,ACC-BPK-25L,1,$32.99,,$0.00,$4.99,$37.98,Normal,Shopify Payments,Instagram,fulfilled,Pakistan,,Not Required,South Cassandraton
#2932,04-Aug-2026,Chad Pierce,Email Available,chad.pierce440@outlook.com,Non-Stick Frying Pan 10in,Home & Kitchen,HK-PAN-10,1,$24.99,VIP15,$3.75,$5.99,$27.23,Normal,Apple Pay,Online Store,fulfilled,United States,Ohio,Valid,West Benjamin
#2933,04-Aug-2026,Joseph Martin,Email Available,joseph.martin348@icloud.com,Throw Blanket - Fleece,Home & Kitchen,HK-BLK-FLC,2,$17.99,SAVE20,$7.20,$5.99,$34.77,Normal,PayPal,Online Store,pending,United States,Ohio,Valid,East Kimberly
#2934,04-Aug-2026,Tracy Adams,Email Available,tracy.adams712@icloud.com,Leather Wallet - Brown,Accessories,ACC-WLT-BRN,1,$19.99,VIP15,$3.00,$7.99,$24.98,Normal,Google Pay,Online Store,cancelled,United States,Illinois,Valid,South Antonio
#2935,04-Aug-2026,Jeremy Hicks,Email Available,jeremy.hicks984@yahoo.com,Resistance Bands Set,Sports & Outdoors,SP-RBS-SET,1,$13.99,SAVE20,$2.80,$4.99,$16.18,Normal,Credit Card,Online Store,refunded,United Kingdom,,Not Required,Christopherside
#2936,04-Aug-2026,Karen Bautista,Email Available,karen.bautista779@icloud.com,Polarized Sunglasses,Accessories,ACC-SUN-01,2,$16.99,WELCOME10,$3.40,$5.99,$36.57,Normal,Credit Card,POS,pending,United States,Texas,Valid,Pennymouth
#2937,04-Aug-2026,Angel Clark,Email Available,angel.clark280@yahoo.com,Resistance Bands Set,Sports & Outdoors,SP-RBS-SET,2,$13.99,SAVE20,$5.60,$5.99,$28.37,Normal,Google Pay,Online Store,fulfilled,Germany,,Not Required,East Melissa
#2938,04-Aug-2026,Barbara Brown,Email Available,barbara.brown26@gmail.com,Portable Power Bank 10000mAh,Electronics,ELC-PWB-10K,1,$21.99,WELCOME10,$2.20,$7.99,$27.78,Normal,Shopify Payments,Online Store,fulfilled,United States,Georgia,Valid,Rogersborough
#2939,04-Aug-2026,Joshua Ayers,Email Available,joshua.ayers935@yahoo.com,Facial Cleanser 200ml,Beauty,BTY-CLN-200,1,$13.49,WELCOME10,$1.35,$5.99,$18.13,Normal,Shopify Payments,Online Store,fulfilled,Germany,,Not Required,Williamsstad
#2940,04-Aug-2026,Maria Leon,Email Available,maria.leon163@outlook.com,Running Shoes - Men's,Footwear,FTW-RUN-M,2,$54.99,,$0.00,$0.00,$109.98,Outlier,Google Pay,Online Store,cancelled,Canada,,Not Required,New Alejandra
#2941,04-Aug-2026,JOHN CARSON,Email Available,john.carson203@yahoo.com,Vitamin C Serum 30ml,Beauty,BTY-SRM-30,1,$24.99,,$0.00,$5.99,$30.98,Normal,PayPal,Online Store,fulfilled,United States,Illinois,Valid,Martinezville
#2942,04-Aug-2026,Amanda Robinson,Email Available,amanda.robinson263@icloud.com,Yoga Mat - Extra Thick,Sports & Outdoors,SP-YGM-EX,1,$22.99,SAVE20,$4.60,$5.99,$24.38,Normal,Credit Card,Instagram,refunded,United States,Ohio,Valid,Merrittchester
#2943,04-Aug-2026,Dustin Mccoy,Email Available,dustin.mccoy570@gmail.com,Hooded Sweatshirt,Apparel,APR-HOD-GRY,3,$34.99,FREESHIP,$0.00,$0.00,$104.97,Outlier,PayPal,Online Store,fulfilled,Canada,,Not Required,Isaiahport
#2944,04-Aug-2026,Sean Frank,Email Available,sean.frank587@icloud.com,Throw Blanket - Fleece,Home & Kitchen,HK-BLK-FLC,2,$17.99,VIP15,$5.40,$5.99,$36.57,Normal,Apple Pay,Online Store,fulfilled,Australia,,Not Required,North Melanie
#2945,04-Aug-2026,Angela Carr,Email Available,angela.carr488@yahoo.com,Classic Cotton T-Shirt,Apparel,TSH-BLK-M,1,$14.99,,$0.00,$4.99,$19.98,Normal,Shopify Payments,Facebook,refunded,United States,Ohio,Valid,Tracyton
#2946,04-Aug-2026,Nicole Taylor,Email Available,nicole.taylor607@icloud.com,Backpack - 25L,Accessories,ACC-BPK-25L,1,$32.99,WELCOME10,$3.30,$7.99,$37.68,Normal,Credit Card,Online Store,fulfilled,United States,Texas,Valid,Maystad
#2947,04-Aug-2026,Joel Davidson,Email Available,joel.davidson94@icloud.com,Leather Wallet - Brown,Accessories,ACC-WLT-BRN,1,$19.99,,$0.00,$7.99,$27.98,Normal,Apple Pay,Facebook,fulfilled,United States,Arizona,Valid,Martinezfurt
#2948,04-Aug-2026,Jacqueline Wiley,Email Available,jacqueline.wiley718@icloud.com,Leather Wallet - Brown,Accessories,ACC-WLT-BRN,3,$19.99,,$0.00,$5.99,$65.96,Normal,Apple Pay,Online Store,fulfilled,United States,Illinois,Valid,New John
#2949,04-Aug-2026,Rodney Lamb,Email Available,rodney.lamb872@icloud.com,Classic Cotton T-Shirt,Apparel,TSH-BLK-L,2,$14.99,VIP15,$4.50,$7.99,$33.47,Normal,PayPal,Facebook,fulfilled,Australia,,Not Required,Medinabury
#2950,04-Aug-2026,Teresa Campbell,Email Available,teresa.campbell610@icloud.com,Slim Fit Denim Jeans,Apparel,JNS-BLU-32,1,$39.99,,$0.00,$4.99,$44.98,Normal,Google Pay,Online Store,pending,United Kingdom,,Not Required,Sandyshire
#2951,04-Aug-2026,Anthony Marshall,Email Available,anthony.marshall823@yahoo.com,Kids Building Blocks Set,Toys,TOY-BLK-SET,2,$27.99,FREESHIP,$0.00,$0.00,$55.98,Normal,Apple Pay,Online Store,fulfilled,United States,Ohio,Valid,Brianchester
#2952,04-Aug-2026,Tracy Barr,Email Available,tracy.barr550@icloud.com,Running Shoes - Women's,Footwear,FTW-RUN-W,2,$54.99,FREESHIP,$0.00,$0.00,$109.98,Outlier,Shopify Payments,Instagram,fulfilled,United States,Washington,Valid,South Drewport
#2953,04-Aug-2026,Diane Harper,Email Available,diane.harper925@gmail.com,Classic Cotton T-Shirt,Apparel,TSH-BLK-L,1,$14.99,,$0.00,$7.99,$22.98,Normal,Credit Card,Online Store,fulfilled,United States,Arizona,Valid,Stephenschester
#2954,04-Aug-2026,Sarah Williams,Email Available,sarah.williams329@icloud.com,Leather Wallet - Brown,Accessories,ACC-WLT-BRN,1,$19.99,,$0.00,$4.99,$24.98,Normal,PayPal,Online Store,fulfilled,Canada,,Not Required,Smithton
#2955,04-Aug-2026,Juan Martin,Email Available,juan.martin929@gmail.com,Classic Cotton T-Shirt,Apparel,TSH-BLK-M,1,$14.99,SAVE20,$3.00,$5.99,$17.98,Normal,Shopify Payments,Instagram,fulfilled,United States,Washington,Valid,Port Amy
#2956,04-Aug-2026,  Ronald Stanley,Email Available,ronald.stanley7@yahoo.com,Kids Building Blocks Set,Toys,TOY-BLK-SET,1,$27.99,WELCOME10,$2.80,$7.99,$33.18,Normal,Apple Pay,POS,fulfilled,United States,Arizona,Valid,New Benjaminfort
#2957,04-Aug-2026,Amanda Rodriguez,Email Available,amanda.rodriguez770@yahoo.com,Slim Fit Denim Jeans,Apparel,JNS-BLU-32,1,$39.99,VIP15,$6.00,$4.99,$38.98,Normal,Shopify Payments,Online Store,cancelled,United States,New York,Valid,South Oliviaburgh
#2958,04-Aug-2026,"Walker, Douglas",Email Available,douglas.walker28@outlook.com,Leather Wallet - Brown,Accessories,ACC-WLT-BRN,1,$19.99,,$0.00,$7.99,$27.98,Normal,Apple Pay,Online Store,refunded,United Kingdom,,Not Required,Hallton
#2959,04-Aug-2026,Mary Garcia,Email Available,mary.garcia899@icloud.com,Running Shoes - Men's,Footwear,FTW-RUN-M,2,$54.99,WELCOME10,$11.00,$0.00,$98.98,Outlier,PayPal,Online Store,cancelled,Canada,,Not Required,Campbellfurt
#2960,04-Aug-2026,Alan Davis,Email Available,alan.davis483@icloud.com,Kids Building Blocks Set,Toys,TOY-BLK-SET,1,$27.99,VIP15,$4.20,$5.99,$29.78,Normal,Credit Card,Online Store,pending,Canada,,Not Required,Port Mandyville
#2961,04-Aug-2026,Erika Maxwell,Email Available,erika.maxwell281@gmail.com,Resistance Bands Set,Sports & Outdoors,SP-RBS-SET,1,$13.99,,$0.00,$4.99,$18.98,Normal,Credit Card,POS,cancelled,United States,Ohio,Valid,New Raymond
#2962,04-Aug-2026,Ronald Davis,Email Available,ronald.davis995@yahoo.com,Adjustable Dumbbell Set,Sports & Outdoors,SP-DMB-ADJ,2,$89.99,VIP15,$27.00,$0.00,$152.98,Outlier,Credit Card,Instagram,cancelled,Pakistan,,Not Required,West Margaretstad
#2963,04-Aug-2026,John Carson,Email Available,john.carson203@yahoo.com,Running Shoes - Men's,Footwear,FTW-RUN-M,1,$54.99,BFCM25,$13.75,$5.99,$47.23,Normal,Credit Card,Online Store,cancelled,United States,North Carolina,Valid,Keithfort
#2964,04-Aug-2026,Joshua Chavez,Email Available,joshua.chavez332@outlook.com,USB-C Fast Charger 20W,Electronics,ELC-CHG-20,1,$15.49,BFCM25,$3.87,$7.99,$19.61,Normal,Google Pay,Online Store,fulfilled,United States,Texas,Valid,Ashleyberg
#2965,04-Aug-2026,HEATHER RIVERS,Email Available,heather.rivers451@icloud.com,Scented Soy Candle - Vanilla,Home & Kitchen,HK-CND-VAN,1,$9.99,VIP15,$1.50,$7.99,$16.48,Normal,PayPal,Online Store,fulfilled,United States,California,Valid,New Jessicamouth
#2966,04-Aug-2026,Lauren Nguyen,Email Available,lauren.nguyen819@outlook.com,Running Shoes - Women's,Footwear,FTW-RUN-W,1,$54.99,BFCM25,$13.75,$4.99,$46.23,Normal,PayPal,Online Store,fulfilled,United Kingdom,,Not Required,New Amberbury
#2967,04-Aug-2026,Rebecca Watts,Email Available,rebecca.watts779@gmail.com,Portable Power Bank 10000mAh,Electronics,ELC-PWB-10K,1,$21.99,FREESHIP,$0.00,$0.00,$21.99,Normal,Credit Card,Online Store,pending,United States,Arizona,Valid,South Donna
#2968,04-Aug-2026,"Johnson, Kimberly",Email Available,kimberly.johnson443@icloud.com,Scented Soy Candle - Vanilla,Home & Kitchen,HK-CND-VAN,1,$9.99,BFCM25,$2.50,$7.99,$15.48,Normal,PayPal,Online Store,fulfilled,Australia,,Not Required,Lake Craigburgh
#2969,04-Aug-2026,Sandra Wilson,Email Available,sandra.wilson554@outlook.com,Scented Soy Candle - Vanilla,Home & Kitchen,HK-CND-VAN,1,$9.99,FREESHIP,$0.00,$0.00,$9.99,Normal,PayPal,Online Store,fulfilled,Canada,,Not Required,South Lindsey
#2970,04-Aug-2026,Matthew Newman,Email Available,matthew.newman714@gmail.com,Vitamin C Serum 30ml,Beauty,BTY-SRM-30,1,$24.99,SAVE20,$5.00,$4.99,$24.98,Normal,PayPal,Online Store,fulfilled,Germany,,Not Required,Carlsonhaven
#2971,04-Aug-2026,  Amy Thompson,Email Available,amy.thompson410@outlook.com,Backpack - 25L,Accessories,ACC-BPK-25L,1,$32.99,BFCM25,$8.25,$5.99,$30.73,Normal,PayPal,POS,fulfilled,United States,North Carolina,Valid,Monicafort
#2972,04-Aug-2026,Sara Hernandez,Missing Email,,Phone Case - Clear,Electronics,ELC-CSE-CLR,1,$8.99,BFCM25,$2.25,$7.99,$14.73,Normal,Credit Card,Online Store,cancelled,United States,New York,Valid,Catherinefurt
#2973,04-Aug-2026,Rose English,Email Available,rose.english118@icloud.com,Phone Case - Clear,Electronics,ELC-CSE-CLR,1,$8.99,,$0.00,$5.99,$14.98,Normal,PayPal,Facebook,pending,Germany,,Not Required,Port Janetville
#2974,04-Aug-2026,Dawn Randolph,Email Available,dawn.randolph179@icloud.com,Polarized Sunglasses,Accessories,ACC-SUN-01,2,$16.99,SAVE20,$6.80,$5.99,$33.17,Normal,Credit Card,Instagram,fulfilled,Pakistan,,Not Required,Meganhaven
#2975,04-Aug-2026,Timothy Hodges,Email Available,timothy.hodges687@icloud.com,Polarized Sunglasses,Accessories,ACC-SUN-01,1,$16.99,FREESHIP,$0.00,$0.00,$16.99,Normal,PayPal,Instagram,fulfilled,Australia,,Not Required,Neilburgh
#2976,04-Aug-2026,Robert Boyd,Email Available,robert.boyd184@yahoo.com,Slim Fit Denim Jeans,Apparel,JNS-BLU-32,1,$39.99,BFCM25,$10.00,$4.99,$34.98,Normal,Credit Card,Instagram,refunded,Canada,,Not Required,Abigailtown
#2977,04-Aug-2026,William Houston,Email Available,william.houston340@outlook.com,Resistance Bands Set,Sports & Outdoors,SP-RBS-SET,1,$13.99,SAVE20,$2.80,$7.99,$19.18,Normal,Apple Pay,Online Store,fulfilled,United States,North Carolina,Valid,West Brian
#2978,04-Aug-2026,Sara Hernandez,Email Available,sara.hernandez651@icloud.com,Scented Soy Candle - Vanilla,Home & Kitchen,HK-CND-VAN,1,$9.99,,$0.00,$7.99,$17.98,Normal,PayPal,Facebook,fulfilled,United States,Georgia,Valid,Dennisshire
#2979,04-Aug-2026,Monica Hicks,Email Available,monica.hicks473@yahoo.com,Phone Case - Clear,Electronics,ELC-CSE-CLR,4,$8.99,,$0.00,$7.99,$43.95,Normal,Shopify Payments,Online Store,fulfilled,United States,North Carolina,Valid,Joycebury
#2980,04-Aug-2026,Darin Alvarez,Email Available,darin.alvarez843@gmail.com,Hooded Sweatshirt,Apparel,APR-HOD-GRY,1,$34.99,SAVE20,$7.00,$4.99,$32.98,Normal,PayPal,Online Store,fulfilled,Canada,,Not Required,Taylorville
#2981,04-Aug-2026,Chad Smith,Email Available,chad.smith773@icloud.com,Hooded Sweatshirt,Apparel,APR-HOD-GRY,1,$34.99,VIP15,$5.25,$7.99,$37.73,Normal,PayPal,POS,fulfilled,Pakistan,,Not Required,Andreamouth
#2982,04-Aug-2026,Bradley Farmer,Email Available,bradley.farmer290@icloud.com,Leather Wallet - Brown,Accessories,ACC-WLT-BRN,1,$19.99,VIP15,$3.00,$7.99,$24.98,Normal,Credit Card,Facebook,fulfilled,United Kingdom,,Not Required,Port Darryl
#2983,04-Aug-2026,Sarah Webb,Email Available,sarah.webb997@outlook.com,Running Shoes - Men's,Footwear,FTW-RUN-M,1,$54.99,WELCOME10,$5.50,$7.99,$57.48,Normal,Apple Pay,POS,pending,Germany,,Not Required,Smithside
#2984,04-Aug-2026,Robert Ramsey,Email Available,robert.ramsey440@outlook.com,Hooded Sweatshirt,Apparel,APR-HOD-GRY,1,$34.99,WELCOME10,$3.50,$4.99,$36.48,Normal,Apple Pay,Online Store,cancelled,Canada,,Not Required,Garrettland
#2985,04-Aug-2026,Jose Ingram,Missing Email,,Yoga Mat - Extra Thick,Sports & Outdoors,SP-YGM-EX,2,$22.99,,$0.00,$7.99,$53.97,Normal,Shopify Payments,Online Store,fulfilled,United States,Georgia,Valid,North Kevin
#2986,04-Aug-2026,melissa smith,Missing Email,,Non-Stick Frying Pan 10in,Home & Kitchen,HK-PAN-10,2,$24.99,WELCOME10,$5.00,$5.99,$50.97,Normal,Credit Card,Online Store,cancelled,Pakistan,,Not Required,Jacobmouth
#2987,04-Aug-2026,Melissa Jones,Email Available,melissa.jones297@yahoo.com,Yoga Mat - Extra Thick,Sports & Outdoors,SP-YGM-EX,1,$22.99,,$0.00,$5.99,$28.98,Normal,Google Pay,Online Store,pending,United States,Ohio,Valid,Martinezview
#2988,04-Aug-2026,Bryan Barnes,Email Available,bryan.barnes666@yahoo.com,Scented Soy Candle - Vanilla,Home & Kitchen,HK-CND-VAN,1,$9.99,SAVE20,$2.00,$5.99,$13.98,Normal,Apple Pay,Facebook,fulfilled,United States,Illinois,Valid,North Lindaberg
#2989,04-Aug-2026,Jennifer Burke,Email Available,jennifer.burke472@icloud.com,Non-Stick Frying Pan 10in,Home & Kitchen,HK-PAN-10,1,$24.99,SAVE20,$5.00,$7.99,$27.98,Normal,Apple Pay,Online Store,cancelled,Pakistan,,Not Required,Ramoshaven
#2990,04-Aug-2026,Mary Meza,Email Available,mary.meza759@gmail.com,Yoga Mat - Extra Thick,Sports & Outdoors,SP-YGM-EX,1,$22.99,,$0.00,$4.99,$27.98,Normal,Apple Pay,Online Store,pending,Canada,,Not Required,Port Michaelborough
#2991,04-Aug-2026,Amanda Harris,Email Available,amanda.harris197@gmail.com,Running Shoes - Women's,Footwear,FTW-RUN-W,2,$54.99,VIP15,$16.50,$0.00,$93.48,Outlier,Apple Pay,Online Store,fulfilled,United States,Texas,Valid,East Adamville
#2992,04-Aug-2026,Michelle Bell,Email Available,michelle.bell28@yahoo.com,Slim Fit Denim Jeans,Apparel,JNS-BLU-32,3,$39.99,SAVE20,$23.99,$0.00,$95.98,Outlier,Credit Card,Facebook,fulfilled,United States,California,Valid,Robinsonberg
#2993,04-Aug-2026,Rebecca Watts,Email Available,rebecca.watts779@gmail.com,Portable Power Bank 10000mAh,Electronics,ELC-PWB-10K,1,$21.99,,$0.00,$4.99,$26.98,Normal,Apple Pay,Online Store,pending,United States,Florida,Valid,Smithmouth
#2994,04-Aug-2026,Timothy Curry,Email Available,timothy.curry5@gmail.com,Running Shoes - Women's,Footwear,FTW-RUN-W,1,$54.99,FREESHIP,$0.00,$0.00,$54.99,Normal,PayPal,Online Store,fulfilled,United States,New York,Valid,Boydhaven
#2995,04-Aug-2026,Jane Gregory,Email Available,jane.gregory935@icloud.com,Vitamin C Serum 30ml,Beauty,BTY-SRM-30,1,$24.99,,$0.00,$5.99,$30.98,Normal,Google Pay,Facebook,fulfilled,Germany,,Not Required,Delgadofurt
#2996,04-Aug-2026,Jack Bryant,Email Available,jack.bryant173@gmail.com,Leather Wallet - Brown,Accessories,ACC-WLT-BRN,1,$19.99,BFCM25,$5.00,$7.99,$22.98,Normal,Google Pay,Online Store,fulfilled,Germany,,Not Required,New Denise
#2997,04-Aug-2026,Teresa Campbell,Email Available,teresa.campbell610@icloud.com,Running Shoes - Men's,Footwear,FTW-RUN-M,2,$54.99,WELCOME10,$11.00,$0.00,$98.98,Outlier,Google Pay,Online Store,fulfilled,United Kingdom,,Not Required,Moorefurt
#2998,04-Aug-2026,stephanie mcdonald,Email Available,stephanie.mcdonald873@icloud.com,USB-C Fast Charger 20W,Electronics,ELC-CHG-20,1,$15.49,WELCOME10,$1.55,$4.99,$18.93,Normal,Credit Card,Instagram,fulfilled,Australia,,Not Required,Estradafort
#2999,04-Aug-2026,Christian Leonard,Missing Email,,Ceramic Coffee Mug Set (4pc),Home & Kitchen,HK-MUG-4PK,1,$18.99,,$0.00,$7.99,$26.98,Normal,Shopify Payments,Facebook,refunded,United States,Ohio,Valid,Christianport
#3000,04-Aug-2026,Stacey Johnson,Email Available,stacey.johnson95@gmail.com,Kids Building Blocks Set,Toys,TOY-BLK-SET,1,$27.99,VIP15,$4.20,$7.99,$31.78,Normal,PayPal,Online Store,fulfilled,Germany,,Not Required,Port Amy
